99.7005
3203844 3210587
3203859 3210587
3203861 3210587
3203860 3210587
3203861 3210586
3203864 3210587
3203863 3210587
3203865 3210586
3203868 3210586
3203867 3210587
3203869 3210587
3203868 3210587
3203868 3210586
3203867 3210587
3203866 3210586
3203864 3210587
3203866 3210587
3203866 3210586
3203864 3210586
3203863 3210586
3203862 3210587
3203861 3210585
3203862 3210586
3203861 3210586
3203864 3210587
3203864 3210587
3203866 3210587
3203866 3210586
3203868 3210587
3203868 3210587
3203870 3210587
3203871 3210586
3203873 3210586
3203876 3210586
3203877 3210587
3203880 3210586
3203882 3210585
3203884 3210587
3203886 3210586
3203890 3210587
3203892 3210585
3203894 3210586
3203894 3210587
3203898 3210586
3203900 3210587
3203902 3210586
3203905 3210586
3203907 3210586
3203909 3210587
3203912 3210585
3203913 3210586
3203915 3210586
3203917 3210586
3203919 3210586
3203922 3210586
3203924 3210587
3203926 3210586
3203927 3210586
3203929 3210587
3203931 3210587
3203934 3210587
3203936 3210587
3203938 3210586
3203941 3210586
3203942 3210585
3203944 3210585
3203946 3210586
3203949 3210585
3203950 3210585
3203952 3210586
3203956 3210585
3203958 3210585
3203959 3210586
3203961 3210586
3203966 3210586
3203967 3210586
3203970 3210586
3203972 3210586
3203973 3210586
3203970 3210585
3203966 3210586
3203959 3210586
3203953 3210586
3203943 3210586
3203936 3210585
3203929 3210586
3203920 3210586
3203912 3210586
3203907 3210587
3203899 3210585
3203893 3210585
3203889 3210585
3203884 3210587
3203881 3210586
3203880 3210585
3203878 3210586
3203875 3210586
3203871 3210587
3203869 3210586
3203869 3210586
3203868 3210586
3196437 3210586
3196437 3210585
3196438 3210585
3196440 3210586
3196438 3210585
3196439 3210587
3196440 3210586
3196440 3210586
3196440 3210587
3196441 3210586
3196441 3210587
3196441 3210586
3196441 3210586
3196439 3210587
3196437 3210586
3196436 3210587
3196435 3210586
3196434 3210586
3196433 3210586
3196432 3210586
3196433 3210586
3196430 3210586
3196432 3210585
3196430 3210585
3196430 3210586
3196430 3210586
3196432 3210587
3196432 3210586
3196432 3210586
3196432 3210586
3196434 3210586
3196435 3210587
3196436 3210586
3196437 3210585
3196437 3210586
3196439 3210586
3196443 3210585
3196442 3210586
3196443 3210587
3196445 3210586
3196447 3210587
3196451 3210586
3196452 3210586
3196453 3210586
3196455 3210586
3196459 3210585
3196458 3210585
3196460 3210586
3196461 3210586
3196462 3210586
3196466 3210586
3196466 3210586
3196467 3210586
3196470 3210586
3196471 3210587
3196474 3210586
3196476 3210587
3196477 3210585
3196477 3210586
3196480 3210587
3196482 3210586
3196482 3210586
3196485 3210586
3196486 3210586
3196488 3210586
3196489 3210586
3196494 3210586
3196494 3210586
3196496 3210586
3196501 3210586
3196502 3210586
3196502 3210586
3196507 3210586
3196508 3210586
3196510 3210586
3196513 3210586
3196515 3210586
3196517 3210587
3196520 3210586
3196520 3210586
3196523 3210586
3196525 3210586
3196529 3210586
3196531 3210586
3196533 3210587
3196535 3210586
3196538 3210587
3196536 3210587
3196532 3210586
3196527 3210585
3196520 3210586
3196511 3210586
3196504 3210585
3196497 3210586
3196489 3210586
3196482 3210586
3196477 3210586
3196472 3210586
3196465 3210586
3196462 3210586
3210607 3210585
3210607 3210584
3210607 3210585
3210607 3210585
3210607 3210585
3210608 3210585
3210607 3210585
3210608 3210586
3210608 3210585
3210607 3210586
3210607 3210585
3210606 3210584
3210607 3210585
3210607 3210585
3210606 3210584
3210607 3210585
3210606 3210585
3210607 3210584
3210607 3210584
3210606 3210584
3210607 3210585
3210606 3210585
3210607 3210585
3210606 3210584
3210607 3210585
3210607 3210584
3210607 3210585
3210607 3210585
3210607 3210586
3210607 3210585
3210607 3210585
3210607 3210585
3210606 3210585
3210607 3210585
3210606 3210584
3210607 3210585
3210607 3210586
3210607 3210585
3210607 3210584
3210606 3210585
3210606 3210585
3210607 3210585
3210607 3210585
3210606 3210585
3210606 3210585
3210606 3210585
3210607 3210585
3210607 3210584
3210608 3210585
3210607 3210584
3210607 3210584
3210606 3210585
3210606 3210585
3210606 3210585
3210607 3210585
3210607 3210585
3210607 3210584
3210606 3210585
3210607 3210584
3210607 3210585
3210606 3210584
3210606 3210585
3210607 3210585
3210605 3210583
3210607 3210584
3210607 3210585
3210606 3210584
3210607 3210585
3210606 3210584
3210607 3210584
3210607 3210585
3210606 3210584
3210606 3210584
3210606 3210585
3210606 3210584
3210606 3210585
3210607 3210584
3210607 3210585
3210606 3210583
3210606 3210585
3210607 3210585
3210606 3210585
3210607 3210585
3210606 3210584
3210607 3210585
3210607 3210585
3210607 3210585
3210606 3210584
3210607 3210585
3210607 3210586
3210608 3210584
3210606 3210584
3210606 3210584
3210606 3210585
3210606 3210584
3210606 3210584
3210606 3210585
3210607 3210584
3210607 3210585
3210606 3210584
3210606 3205968
3210605 3205971
3210607 3205969
3210605 3205968
3210606 3205963
3210606 3205962
3210606 3205955
3210606 3205953
3210606 3205949
3210605 3205946
3210606 3205944
3210606 3205940
3210607 3205936
3210606 3205935
3210606 3205934
3210607 3205933
3210606 3205929
3210605 3205928
3210606 3205927
3210606 3205926
3210606 3205927
3210607 3205926
3210607 3205925
3210606 3205924
3210607 3205924
3210606 3205924
3210606 3205923
3210606 3205925
3210607 3205925
3210606 3205924
3210607 3205925
3210606 3205925
3210606 3205926
3210605 3205926
3210605 3205926
3210606 3205923
3210606 3205925
3210605 3205923
3210605 3205922
3210606 3205921
3210605 3205920
3210606 3205920
3210606 3205921
3210606 3205919
3210606 3205919
3210607 3205918
3210606 3205918
3210606 3205918
3210607 3205920
3210606 3205918
3210606 3205919
3210606 3205918
3210606 3205918
3210605 3205920
3210605 3205921
3210606 3205921
3210606 3205920
3210605 3205923
3210606 3205922
3210606 3205924
3210608 3205923
3210606 3205925
3210606 3205926
3210607 3205928
3210606 3205929
3210606 3205931
3210606 3205932
3210607 3205933
3210606 3205933
3210606 3205935
3210606 3205934
3210606 3205936
3210606 3205937
3210605 3205939
3210605 3205940
3210606 3205940
3210606 3205940
3210606 3205941
3210604 3205943
3210607 3205943
3210607 3205946
3210606 3205945
3210606 3205946
3210605 3205948
3210606 3205949
3210606 3205949
3210607 3205949
3210607 3205951
3210607 3205952
3210605 3205954
3210606 3205955
3210607 3205955
3210606 3205955
3210607 3205958
3210606 3205960
3210606 3205959
3210605 3205960
3210606 3205964
3210605 3205964
3210606 3205966
3210605 3198307
3210606 3198307
3210607 3198307
3210606 3198309
3210605 3198311
3210605 3198311
3210606 3198313
3210606 3198310
3210606 3198309
3210606 3198309
3210607 3198306
3210606 3198302
3210606 3198300
3210607 3198298
3210605 3198295
3210606 3198293
3210606 3198291
3210605 3198290
3210606 3198287
3210607 3198288
3210606 3198285
3210605 3198284
3210606 3198285
3210607 3198283
3210607 3198283
3210605 3198284
3210606 3198284
3210604 3198284
3210605 3198283
3210606 3198284
3210606 3198285
3210605 3198286
3210604 3198286
3210604 3198289
3210606 3198287
3210605 3198288
3210605 3198288
3210606 3198289
3210606 3198289
3210606 3198288
3210605 3198288
3210606 3198288
3210605 3198288
3210606 3198287
3210606 3198288
3210606 3198288
3210606 3198286
3210606 3198287
3210606 3198286
3210606 3198286
3210605 3198286
3210605 3198287
3210606 3198289
3210605 3198289
3210606 3198290
3210606 3198291
3210607 3198291
3210605 3198290
3210607 3198291
3210607 3198291
3210606 3198291
3210607 3198292
3210606 3198294
3210607 3198294
3210606 3198295
3210605 3198294
3210606 3198298
3210605 3198299
3210605 3198301
3210606 3198301
3210606 3198302
3210606 3198304
3210606 3198303
3210606 3198305
3210605 3198304
3210607 3198307
3210605 3198308
3210606 3198308
3210607 3198309
3210607 3198310
3210606 3198311
3210606 3198312
3210607 3198314
3210606 3198313
3210606 3198314
3210606 3198315
3210606 3198315
3210606 3198316
3210606 3198316
3210606 3198317
3210607 3198320
3210607 3198320
3210605 3198321
3210605 3198321
3210606 3198322
3210606 3198325
3210606 3198325
3210606 3198326
3210605 3198328
3210606 3198330
3149587 3191948
3149589 3191947
3149591 3191946
3149590 3191946
3149591 3191942
3149590 3191939
3149589 3191935
3149589 3191934
3149591 3191931
3149590 3191926
3149589 3191926
3149589 3191924
3149590 3191921
3149588 3191920
3149588 3191920
3149590 3191918
3149589 3191916
3149588 3191916
3149589 3191916
3149589 3191914
3149589 3191915
3149588 3191914
3149590 3191913
3149589 3191913
3149589 3191913
3149589 3191912
3149589 3191912
3149589 3191914
3149590 3191914
3149591 3191913
3149589 3191916
3149590 3191915
3149590 3191915
3149589 3191915
3149590 3191915
3149591 3191915
3149590 3191914
3149591 3191914
3149590 3191914
3149589 3191912
3149589 3191912
3149590 3191912
3149589 3191911
3149589 3191911
3149590 3191911
3149589 3191910
3149590 3191911
3149590 3191911
3149590 3191910
3149589 3191910
3149590 3191912
3149590 3191911
3149589 3191911
3149590 3191912
3149590 3191914
3149590 3191912
3149590 3191914
3149590 3191913
3149590 3191915
3149590 3191915
3149591 3191917
3149592 3191916
3149591 3191917
3149592 3191918
3149591 3191919
3149592 3191920
3149591 3191920
3149592 3191922
3149591 3191922
3149592 3191924
3149592 3191924
3149592 3191923
3149593 3191924
3149593 3191925
3149593 3191926
3149593 3191927
3149593 3191926
3149593 3191928
3149593 3191929
3149593 3191930
3149593 3191931
3149594 3191930
3149594 3191931
3149594 3191933
3149594 3191935
3149594 3191934
3149593 3191936
3149595 3191935
3149595 3191936
3149595 3191937
3149594 3191939
3149595 3191940
3149595 3191940
3149596 3191939
3149594 3191941
3149596 3191943
3149597 3191944
3149596 3191945
3149596 3191945
3149596 3191947
3195845 3197750
3195844 3197753
3195845 3197754
3195847 3197755
3195845 3197753
3195843 3197755
3195839 3197752
3195834 3197752
3195825 3197746
3195819 3197743
3195812 3197740
3195807 3197738
3195799 3197735
3195795 3197731
3195789 3197728
3195785 3197725
3195780 3197726
3195776 3197720
3195773 3197721
3195771 3197719
3195769 3197718
3195768 3197717
3195766 3197716
3195766 3197717
3195763 3197716
3195762 3197716
3195761 3197714
3195761 3197713
3195759 3197711
3195759 3197711
3195758 3197711
3195761 3197711
3195759 3197710
3195760 3197712
3195762 3197712
3195762 3197711
3195761 3197710
3195760 3197710
3195759 3197710
3195760 3197707
3195761 3197709
3195758 3197709
3195758 3197709
3195758 3197709
3195755 3197706
3195755 3197705
3195755 3197704
3195753 3197705
3195751 3197703
3195752 3197705
3195750 3197703
3195750 3197704
3195751 3197705
3195751 3197703
3195753 3197707
3195752 3197704
3195753 3197703
3195753 3197707
3195754 3197704
3195756 3197706
3195757 3197706
3195758 3197706
3195758 3197707
3195760 3197706
3195760 3197707
3195763 3197709
3195765 3197710
3195765 3197709
3195767 3197711
3195770 3197713
3195770 3197712
3195771 3197713
3195774 3197713
3195775 3197716
3195776 3197715
3195778 3197717
3195779 3197718
3195781 3197718
3195781 3197716
3195784 3197719
3195786 3197720
3195787 3197720
3195788 3197720
3195788 3197721
3195790 3197723
3195791 3197724
3195794 3197723
3195794 3197724
3195795 3197726
3195797 3197727
3195797 3197728
3195799 3197727
3195802 3197729
3195803 3197731
3195803 3197728
3195807 3197731
3195807 3197732
3195809 3197733
3195810 3197734
3195813 3197735
3195815 3197736
3195816 3197737
3195818 3197738
3195822 3197739
3195821 3197739
3195824 3197739
3195825 3197742
3195825 3197741
3195827 3197743
3195831 3197744
3195831 3197746
3195834 3197746
3195838 3197747
3195839 3197748
3195841 3197750
3195844 3197752
3195844 3197751
3195843 3197752
3195843 3197751
3195838 3197750
3195832 3197747
3195824 3197742
3195817 3197739
3195809 3197735
3195804 3197731
3195796 3197729
3195790 3197724
3195785 3197722
3195779 3197719
3195775 3197715
3195770 3197715
3195767 3197713
3195765 3197710
3195762 3197709
3195759 3197708
3195758 3197708
3195757 3197707
3195756 3197704
3195754 3197704
3195753 3197703
3195752 3197702
3195753 3197702
3195752 3197703
3195752 3197701
3195752 3197703
3195753 3197701
3195753 3197701
3195754 3197701
3195753 3197701
3195753 3197701
3195751 3197700
3195753 3197699
3195752 3197698
3195751 3197697
3195750 3197697
3195747 3197697
3195747 3197696
3195746 3197696
3195745 3197692
3195743 3197693
3195741 3197693
3195741 3197691
3195741 3197691
3195740 3197693
3195743 3197692
3195742 3197692
3195741 3197693
3195742 3197691
3195743 3197693
3195742 3197693
3195743 3197692
3195744 3197693
3195744 3197692
3195747 3197694
3195748 3197695
3195748 3197695
3195752 3197695
3195751 3197696
3195751 3197698
3195755 3197697
3195757 3197700
3195758 3197700
3195761 3197698
3195761 3197701
3195762 3197702
3195765 3197702
3195766 3197702
3195767 3197704
3195768 3197704
3195770 3197706
3195769 3197707
3195770 3197707
3195773 3197707
3195774 3197709
3195777 3197711
3195780 3197710
3195780 3197710
3195781 3197712
3195785 3197712
3195784 3197713
3195786 3197714
3195788 3197714
3195789 3197715
3195791 3197716
3195793 3197718
3195795 3197718
3195795 3197720
3195796 3197720
3195797 3197721
3195802 3197722
3195800 3197722
3195803 3197724
3195807 3197723
3195807 3197726
3195810 3197726
3195811 3197728
3195812 3197728
3195815 3197730
3195815 3197730
3195818 3197730
3195821 3197732
3195822 3197731
3195824 3197734
3195826 3197736
3195828 3197737
3195831 3197739
3195833 3197740
3195836 3197739
3195836 3197742
3195841 3197743
3195843 3197745
3195844 3197746
3195843 3197746
3195843 3197747
3195837 3197742
3195833 3197740
3195823 3197736
3195816 3197731
3195810 3197729
3195803 3197724
3195796 3197722
3195791 3197719
3195786 3197718
3195781 3197714
3195776 3197712
3195773 3197709
3195771 3197709
3195768 3197708
3195767 3197706
3195766 3197705
3195766 3197705
3195764 3197704
3195761 3197703
3195763 3197703
3195762 3197702
3195761 3197702
3195761 3197701
3195761 3197700
3195762 3197699
3195763 3197700
3195764 3197701
3195764 3197701
3195765 3197701
3195765 3197701
3195764 3197700
3195765 3197701
3195765 3197698
3195763 3197698
3195763 3197697
3195761 3197697
3195761 3197695
3195756 3197693
3195758 3197696
3195757 3197696
3195753 3197692
3195758 3197694
3195754 3197692
3195755 3197693
3195756 3197690
3195754 3197691
3195754 3197691
3195754 3197691
3195754 3197691
3195754 3197690
3195756 3197690
3195755 3197691
3195758 3197691
3195759 3197692
3195760 3197691
3195761 3197693
3195763 3197695
3195762 3197694
3195763 3197694
3195765 3197696
3195767 3197696
3195769 3197696
3195769 3197697
3195771 3197697
3195773 3197699
3195775 3197698
3195778 3197700
3195778 3197701
3195779 3197700
3195780 3197701
3195783 3197703
3195783 3197702
3195784 3197704
3195786 3197704
3195788 3197705
3195788 3197706
3195792 3197707
3195791 3197707
3195793 3197705
3195792 3197708
3195793 3197708
3195794 3197709
3195795 3197711
3195797 3197711
3195798 3197709
3195800 3197711
3195804 3197711
3195804 3197712
3195805 3197713
3195808 3197715
3195808 3197715
3195808 3197718
3195810 3197718
3195814 3197718
3195817 3197720
3195818 3197721
3195820 3197723
3195823 3197723
3195823 3197724
3195824 3197725
3195829 3197726
3195831 3197726
3195831 3197729
3195831 3197729
3195830 3197728
3195826 3197726
3195822 3197724
3195815 3197722
3195809 3197718
3195803 3197714
3195796 3197710
3195793 3197709
3195788 3197707
3195783 3197706
3195782 3197703
3195778 3197702
3195774 3197700
3195772 3197699
3195772 3197698
3195771 3197698
3195770 3197698
3195769 3197696
3195770 3197694
3195771 3197696
3195770 3197694
3195771 3197695
3195772 3197695
3195772 3197697
3195774 3197698
3195777 3197697
3195777 3197698
3195779 3197699
3195778 3197698
3195779 3197700
3195779 3197698
3195782 3197697
3195779 3197698
3195778 3197696
3195780 3197697
3195778 3197699
3195776 3197697
3195777 3197697
3195774 3197695
3195775 3197694
3195775 3197695
3195775 3197694
3195773 3197695
3195776 3197694
3195776 3197695
3195775 3197694
3195775 3197695
3195777 3197693
3195776 3197697
3195777 3197696
3195778 3197696
3195779 3197697
3195779 3197696
3195782 3197697
3195782 3197698
3195784 3197699
3195785 3197700
3195786 3197701
3195786 3197701
3195790 3197703
3195794 3197703
3195794 3197704
3195795 3197705
3195798 3197705
3195798 3197707
3195801 3197707
3195801 3197708
3195804 3197708
3195804 3197708
3195805 3197709
3195806 3197710
3195809 3197711
3195808 3197711
3195812 3197713
3195814 3197715
3195815 3197715
3195816 3197716
3195816 3197715
3195816 3197716
3195820 3197717
3195821 3197718
3195821 3197718
3195822 3197721
3195824 3197721
3195827 3197723
3195828 3197724
3195831 3197724
3195831 3197725
3195833 3197725
3195835 3197728
3195836 3197726
3195839 3197728
3195841 3197730
3195842 3197729
3195839 3197729
3195838 3197728
3195833 3197725
3195827 3197721
3195822 3197720
3195816 3197715
3195810 3197714
3195803 3197711
3195797 3197707
3195793 3197704
3195789 3197702
3195786 3197701
3195783 3197699
3195780 3197698
3195778 3197696
3195778 3197697
3195775 3197693
3195777 3197694
3195773 3197692
3195773 3197693
3195774 3197692
3195770 3197692
3195771 3197692
3195771 3197692
3195774 3197692
3195774 3197692
3195776 3197694
3195773 3197694
3195776 3197693
3195775 3197694
3195777 3197693
3195775 3197693
3195778 3197691
3195775 3197690
3195774 3197691
3195774 3197690
3195770 3197688
3195771 3197689
3195769 3197687
3195768 3197686
3195768 3197687
3195767 3197687
3195765 3197685
3195765 3197686
3195765 3197686
3195766 3197686
3195766 3197686
3195764 3197683
3195766 3197684
3195766 3197686
3195767 3197686
3195767 3197686
3195769 3197687
3195770 3197685
3195771 3197685
3195771 3197688
3195773 3197690
3195774 3197690
3195776 3197691
3195775 3197689
3195777 3197692
3195779 3197691
3195780 3197694
3195781 3197693
3195785 3197693
3195782 3197695
3195786 3197694
3195788 3197696
3195790 3197696
3195792 3197699
3195794 3197698
3195794 3197700
3195795 3197699
3195797 3197701
3195797 3197701
3195800 3197703
3195800 3197702
3195801 3197702
3195804 3197703
3195805 3197704
3195807 3197707
3195807 3197706
3195808 3197706
3195808 3197707
3195811 3197709
3195812 3197709
3195814 3197712
3195814 3197710
3195816 3197712
3195816 3197713
3195819 3197713
3195819 3197712
3195821 3197714
3195824 3197717
3195825 3197717
3195827 3197719
3195828 3197720
3195832 3197721
3195832 3197721
3195833 3197722
3195836 3197724
3195838 3197724
3195841 3197723
3195837 3197723
3195832 3197723
3195827 3197718
3195820 3197716
3195815 3197712
3195807 3197709
3195800 3197704
3195795 3197700
3195787 3197698
3195783 3197695
3195777 3197692
3195772 3197689
3195769 3197687
3195764 3197684
3195762 3197682
3195760 3197680
3195757 3197679
3195755 3197676
3195751 3197674
3195750 3197674
3195748 3197672
3195747 3197668
3195746 3197670
3195743 3197666
3195744 3197666
3195741 3197665
3195742 3197663
3195740 3197662
3195739 3197662
3195742 3197663
3195740 3197661
3195737 3197661
3195737 3197657
3195733 3197655
3195733 3197655
3195730 3197652
3195733 3197652
3195729 3197650
3195721 3197646
3195720 3197646
3195721 3197648
3195724 3197648
3195722 3197647
3195719 3197644
3195718 3197644
3195716 3197643
3195715 3197642
3195716 3197643
3195715 3197642
3195714 3197641
3195715 3197643
3195715 3197642
3195717 3197642
3195715 3197641
3195716 3197642
3195716 3197642
3195718 3197641
3195718 3197643
3195719 3197643
3195719 3197642
3195721 3197643
3195721 3197644
3195723 3197644
3195724 3197644
3195723 3197645
3195723 3197645
3195726 3197645
3195726 3197643
3195726 3197646
3195729 3197645
3195728 3197646
3195730 3197645
3195730 3197646
3195728 3197645
3195732 3197647
3195732 3197646
3195732 3197646
3195732 3197645
3195732 3197644
3195731 3197645
3195732 3197644
3195733 3197646
3195735 3197645
3195735 3197647
3195736 3197647
3195736 3197646
3195739 3197644
3195738 3197647
3195739 3197646
3195739 3197647
3195741 3197647
3195741 3197646
3195743 3197647
3195743 3197645
3195744 3197648
3195745 3197647
3195745 3197646
3195746 3197647
3195746 3197649
3195750 3197649
3195749 3197648
3195752 3197650
3195754 3197650
3195755 3197650
3195755 3197651
3195757 3197653
3195760 3197653
3195759 3197653
3195760 3197653
3195761 3197653
3195755 3197650
3195750 3197647
3195744 3197644
3195735 3197640
3195728 3197636
3195719 3197634
3195714 3197628
3195707 3197626
3195702 3197623
3195696 3197619
3195691 3197616
3195685 3197612
3195681 3197613
3195679 3197607
3195676 3197607
3195674 3197605
3195673 3197603
3195668 3197603
3195669 3197602
3195664 3197598
3195662 3197599
3195661 3197597
3195662 3197596
3195658 3197595
3195658 3197595
3195656 3197594
3195661 3197594
3195658 3197593
3195658 3197594
3195658 3197592
3195658 3197593
3195659 3197593
3195657 3197591
3195657 3197590
3195657 3197590
3195654 3197589
3195653 3197587
3195651 3197588
3195649 3197586
3195648 3197585
3195647 3197582
3195646 3197585
3195645 3197585
3195643 3197584
3195643 3197582
3195644 3197583
3195641 3197582
3195643 3197583
3195642 3197583
3195642 3197583
3195644 3197583
3195645 3197583
3195646 3197584
3195645 3197584
3195646 3197584
3195648 3197585
3195650 3197584
3195649 3197587
3195651 3197585
3195653 3197586
3195655 3197587
3195656 3197587
3195656 3197588
3195656 3197587
3195657 3197588
3195660 3197590
3195660 3197590
3195661 3197591
3195663 3197591
3195664 3197590
3195665 3197592
3195667 3197593
3195668 3197594
3195668 3197593
3195668 3197594
3195670 3197595
3195670 3197593
3195674 3197596
3195674 3197596
3195674 3197596
3195676 3197596
3195677 3197598
3195678 3197599
3195680 3197601
3195681 3197602
3195683 3197601
3195686 3197602
3195686 3197604
3195688 3197606
3195691 3197608
3195691 3197605
3195694 3197607
3195696 3197610
3195697 3197610
3195698 3197610
3195701 3197613
3195700 3197614
3195703 3197614
3195706 3197615
3195707 3197618
3195709 3197619
3195712 3197619
3195713 3197622
3195717 3197623
3195721 3197625
3195722 3197626
3195723 3197626
3195726 3197626
3195730 3197628
3195730 3197629
3195728 3197629
3195726 3197629
3195720 3197626
3195715 3197623
3195709 3197620
3195705 3197616
3195697 3197612
3195690 3197609
3195686 3197607
3195680 3197604
3195676 3197602
3195670 3197600
3195666 3197598
3195664 3197597
3195661 3197593
3195661 3197594
3195658 3197592
3195657 3197592
3195654 3197590
3195654 3197592
3195654 3197590
3195654 3197589
3195653 3197590
3195653 3197588
3195655 3197589
3195654 3197589
3195656 3197589
3195655 3197588
3195656 3197590
3195656 3197591
3195657 3197589
3195657 3197591
3195660 3197590
3195658 3197590
3195656 3197588
3195655 3197588
3195657 3197589
3195655 3197589
3195653 3197589
3195654 3197588
3195651 3197587
3195650 3197586
3195650 3197587
3195652 3197586
3195650 3197588
3195650 3197585
3195651 3197587
3195653 3197586
3195653 3197589
3195655 3197590
3195654 3197589
3195656 3197590
3195657 3197588
3195657 3197589
3195657 3197592
3195661 3197592
3195661 3197592
3195662 3197593
3195662 3197594
3195665 3197596
3195667 3197596
3195668 3197595
3195669 3197597
3195674 3197598
3195673 3197600
3195676 3197601
3195680 3197604
3195679 3197605
3195682 3197606
3195684 3197605
3195686 3197607
3195687 3197609
3195688 3197608
3195690 3197609
3195690 3197610
3195694 3197612
3195694 3197613
3195698 3197614
3195699 3197616
3195701 3197617
3195702 3197617
3195705 3197619
3195706 3197620
3195709 3197622
3195708 3197621
3195711 3197624
3195714 3197625
3195715 3197627
3195717 3197627
3195719 3197629
3195722 3197630
3195724 3197632
3195726 3197634
3195727 3197634
3195729 3197636
3195732 3197638
3195735 3197637
3195737 3197641
3195740 3197643
3195742 3197644
3195747 3197645
3195748 3197648
3195749 3197648
3195752 3197650
3195753 3197651
3195751 3197650
3195749 3197649
3195742 3197648
3195739 3197645
3195734 3197644
3195730 3197642
3195726 3197638
3195722 3197637
3195718 3197634
3195715 3197634
3195711 3197632
3195710 3197631
3195708 3197629
3195706 3197633
3195704 3197629
3195704 3197631
3195704 3197629
3195704 3197630
3195705 3197629
3195704 3197631
3195707 3197630
3195706 3197632
3195709 3197633
3195710 3197633
3195711 3197633
3195715 3197635
3195714 3197637
3195719 3197638
3195718 3197638
3195719 3197638
3195719 3197638
3195721 3197638
3195720 3197639
3195718 3197639
3195720 3197639
3195718 3197636
3195720 3197638
3195718 3197638
3195717 3197637
3195719 3197637
3195719 3197637
3195721 3197639
3195718 3197638
3195719 3197639
3195721 3197640
3195720 3197639
3195722 3197640
3195724 3197640
3195724 3197641
3195727 3197643
3195726 3197641
3195727 3197643
3195728 3197642
3195729 3197644
3195732 3197645
3195735 3197646
3195735 3197648
3195736 3197646
3195740 3197650
3195740 3197650
3195742 3197651
3195744 3197653
3195746 3197654
3195745 3197653
3195749 3197656
3195752 3197656
3195752 3197655
3195756 3197659
3195757 3197660
3195757 3197660
3195759 3197661
3195761 3197661
3195762 3197663
3195764 3197663
3195764 3197664
3195767 3197665
3195768 3197665
3195770 3197667
3195773 3197667
3195772 3197668
3195775 3197671
3195776 3197671
3195777 3197671
3195779 3197673
3195781 3197672
3195784 3197675
3195785 3197676
3195788 3197677
3195791 3197678
3195793 3197680
3195794 3197680
3195796 3197681
3195797 3197684
3195797 3197682
3195799 3197682
3195794 3197683
3195792 3197680
3195789 3197679
3195782 3197676
3195777 3197673
3195772 3197669
3195769 3197667
3195763 3197666
3195760 3197663
3195756 3197663
3195752 3197660
3195750 3197658
3195749 3197658
3195748 3197658
3195746 3197657
3195745 3197655
3195743 3197654
3195744 3197655
3195742 3197654
3195742 3197654
3195741 3197653
3195742 3197654
3195743 3197654
3195743 3197655
3195745 3197655
3195745 3197656
3195747 3197656
3195747 3197655
3195749 3197656
3195750 3197657
3195749 3197656
3195749 3197656
3195749 3197655
3195749 3197657
3195748 3197655
3195748 3197656
3195748 3197655
3195745 3197653
3195746 3197653
3195745 3197653
3195745 3197653
3195747 3197654
3195746 3197653
3195745 3197654
3195748 3197655
3195748 3197654
3195748 3197654
3195749 3197656
3195750 3197654
3195750 3197656
3195751 3197655
3195752 3197657
3195751 3197657
3195753 3197657
3195756 3197658
3195758 3197658
3195757 3197658
3195760 3197659
3195761 3197660
3195764 3197662
3195763 3197662
3195765 3197662
3195767 3197663
3195769 3197666
3195770 3197667
3195771 3197666
3195773 3197665
3195774 3197667
3195776 3197668
3195777 3197668
3195779 3197669
3195780 3197670
3195781 3197670
3195784 3197672
3195786 3197675
3195785 3197674
3195788 3197675
3195788 3197675
3195791 3197675
3195792 3197677
3195792 3197677
3195795 3197679
3195798 3197679
3195799 3197680
3195800 3197682
3195801 3197682
3195802 3197684
3195804 3197684
3195806 3197685
3195807 3197685
3195810 3197687
3195811 3197687
3195814 3197689
3195814 3197691
3195818 3197690
3195820 3197692
3195819 3197693
3195822 3197694
3195825 3197695
3195827 3197695
3195830 3197698
3195830 3197699
3195832 3197700
3195834 3197702
3195837 3197702
3195837 3197701
3195838 3197703
3195838 3197701
3195835 3197700
3195829 3197697
3195822 3197693
3195817 3197691
3195811 3197690
3195806 3197687
3195801 3197685
3195797 3197681
3195791 3197677
3195787 3197677
3195782 3197674
3195778 3197671
3195777 3197671
3195773 3197669
3195772 3197668
3195771 3197666
3195769 3197667
3195769 3197664
3195767 3197664
3195766 3197663
3195765 3197663
3195764 3197662
3195764 3197662
3195764 3197661
3195762 3197661
3195764 3197661
3195764 3197661
3195764 3197661
3195766 3197661
3195766 3197661
3195766 3197661
3195767 3197662
3195766 3197661
3195765 3197661
3195766 3197660
3195766 3197660
3195765 3197659
3195764 3197660
3195764 3197658
3195760 3197656
3195758 3197657
3195760 3197655
3195759 3197657
3195760 3197657
3195759 3197655
3195758 3197654
3195758 3197655
3195759 3197656
3195759 3197656
3195762 3197655
3195760 3197656
3195759 3197656
3195762 3197656
3195762 3197657
3195763 3197658
3195764 3197656
3195766 3197658
3195767 3197657
3195767 3197659
3195768 3197660
3195770 3197659
3195771 3197660
3195774 3197661
3195773 3197661
3195776 3197660
3195776 3197663
3195779 3197665
3195780 3197664
3195780 3197664
3195782 3197665
3195782 3197665
3195784 3197667
3195785 3197668
3195786 3197668
3195790 3197667
3195790 3197669
3195791 3197669
3195792 3197669
3195794 3197671
3195794 3197672
3195794 3197672
3195796 3197674
3195798 3197674
3195799 3197675
3195800 3197676
3195802 3197675
3195804 3197676
3195805 3197677
3195807 3197678
3195806 3197679
3195809 3197679
3195812 3197682
3195812 3197683
3195816 3197683
3195817 3197685
3195818 3197685
3195819 3197686
3195820 3197685
3195823 3197687
3195826 3197689
3195825 3197690
3195829 3197691
3195830 3197691
3195832 3197692
3195835 3197694
3195834 3197694
3195836 3197695
3195839 3197698
3195840 3197697
3195843 3197698
3195844 3197700
3195847 3197700
3195849 3197701
3195852 3197705
3195851 3197702
3195853 3197704
3195855 3197705
3195854 3197705
3195852 3197704
3195845 3197702
3195840 3197698
3195835 3197696
3195827 3197692
3195823 3197688
3195817 3197688
3195812 3197683
3195806 3197681
3195802 3197676
3195797 3197675
3195793 3197675
3195790 3197671
3195788 3197670
3195783 3197669
3195784 3197667
3195782 3197666
3195779 3197665
3195779 3197665
3195779 3197664
3195778 3197661
3195776 3197661
3195777 3197661
3195776 3197660
3195777 3197660
3195776 3197663
3195777 3197661
3195778 3197658
3195777 3197660
3195777 3197659
3195775 3197661
3195775 3197658
3195775 3197660
3195775 3197659
3195773 3197657
3195772 3197655
3195770 3197656
3195771 3197652
3195770 3197653
3195764 3197650
3195766 3197651
3195767 3197651
3195763 3197650
3195762 3197649
3195763 3197650
3195762 3197649
3195761 3197650
3195762 3197650
3195763 3197647
3195763 3197650
3195763 3197649
3195762 3197649
3195764 3197649
3195766 3197649
3195766 3197650
3195766 3197649
3195767 3197648
3195769 3197650
3195769 3197650
3195768 3197650
3195771 3197650
3195771 3197650
3195772 3197650
3195775 3197652
3195777 3197654
3195778 3197655
3195779 3197652
3195780 3197654
3195781 3197656
3195779 3197656
3195783 3197655
3195783 3197655
3195784 3197657
3195785 3197658
3195785 3197658
3195788 3197659
3195788 3197660
3195789 3197658
3195788 3197660
3195791 3197661
3195792 3197660
3195795 3197661
3195795 3197661
3195796 3197663
3195798 3197664
3195799 3197664
3195798 3197663
3195801 3197666
3195802 3197665
3195802 3197667
3195804 3197666
3195805 3197668
3195807 3197668
3195807 3197669
3195810 3197671
3195813 3197670
3195813 3197672
3195815 3197671
3195815 3197674
3195820 3197675
3195821 3197677
3195823 3197678
3195825 3197679
3195827 3197679
3195829 3197681
3195830 3197681
3195830 3197683
3195832 3197683
3195835 3197683
3195833 3197683
3195831 3197683
3195826 3197678
3195822 3197677
3195817 3197675
3195810 3197672
3195804 3197669
3195799 3197666
3195793 3197663
3195790 3197662
3195785 3197658
3195782 3197655
3195778 3197654
3195776 3197651
3195772 3197653
3195773 3197650
3195771 3197651
3195771 3197648
3195771 3197650
3195770 3197647
3195770 3197648
3195768 3197647
3195768 3197647
3195771 3197649
3195771 3197649
3195772 3197647
3195773 3197648
3195771 3197649
3195772 3197649
3195775 3197650
3195773 3197649
3195775 3197650
3195775 3197648
3195771 3197648
3195772 3197648
3195772 3197647
3195770 3197647
3195767 3197646
3195768 3197644
3195767 3197644
3195769 3197643
3195767 3197644
3195766 3197644
3195766 3197643
3195765 3197643
3195764 3197643
3195765 3197643
3195765 3197643
3195766 3197643
3195766 3197644
3195766 3197642
3195766 3197643
3195767 3197644
3195767 3197643
3195769 3197644
3195771 3197644
3195773 3197646
3195775 3197647
3195776 3197648
3195777 3197648
3195778 3197648
3195778 3197649
3195780 3197650
3195782 3197650
3195784 3197650
3195784 3197650
3195785 3197651
3195786 3197654
3195788 3197654
3195790 3197654
3195788 3197656
3195794 3197657
3195795 3197655
3195796 3197658
3195795 3197658
3195796 3197658
3195797 3197658
3195800 3197660
3195800 3197661
3195803 3197661
3195803 3197663
3195803 3197661
3195806 3197665
3195808 3197664
3195807 3197665
3195809 3197666
3195811 3197667
3195813 3197668
3195813 3197667
3195817 3197669
3195818 3197670
3195819 3197671
3195819 3197672
3195823 3197673
3195825 3197675
3195828 3197677
3195828 3197677
3195830 3197675
3195830 3197676
3195828 3197675
3195827 3197674
3195823 3197672
3195816 3197669
3195809 3197667
3195805 3197665
3195798 3197661
3195791 3197657
3195787 3197655
3195782 3197651
3195779 3197651
3195774 3197647
3195772 3197646
3195769 3197644
3195768 3197643
3195766 3197642
3195765 3197643
3195763 3197642
3195762 3197640
3195763 3197639
3195760 3197639
3195762 3197639
3195761 3197639
3195762 3197638
3195765 3197640
3195766 3197641
3195764 3197640
3195763 3197641
3195764 3197641
3195765 3197641
3195767 3197642
3195767 3197642
3195765 3197640
3195764 3197640
3195763 3197639
3195764 3197639
3195762 3197637
3195760 3197638
3195760 3197638
3195760 3197637
3195758 3197638
3195759 3197636
3195759 3197636
3195757 3197637
3195758 3197635
3195757 3197637
3195759 3197636
3195758 3197636
3195760 3197637
3195759 3197638
3195760 3197636
3195761 3197638
3195762 3197640
3195763 3197638
3195765 3197639
3195765 3197639
3195767 3197641
3195769 3197640
3195769 3197643
3195774 3197642
3195773 3197644
3195771 3197643
3195775 3197645
3195775 3197643
3195778 3197646
3195779 3197647
3195784 3197646
3195782 3197648
3195784 3197648
3195786 3197652
3195788 3197650
3195791 3197653
3195792 3197653
3195793 3197654
3195794 3197655
3195794 3197656
3195796 3197655
3195797 3197657
3195800 3197660
3195800 3197659
3195802 3197660
3195804 3197660
3195805 3197661
3195807 3197663
3195808 3197663
3195809 3197664
3195811 3197665
3195812 3197665
3195816 3197665
3195816 3197668
3195819 3197668
3195819 3197670
3195819 3197670
3195823 3197671
3195823 3197673
3195825 3197673
3195828 3197674
3195832 3197677
3195832 3197677
3195834 3197678
3195835 3197679
3195838 3197680
3195841 3197682
3195843 3197682
3195844 3197685
3195841 3197684
3195840 3197682
3195833 3197679
3195827 3197676
3195824 3197675
3195818 3197670
3195812 3197667
3195807 3197665
3195801 3197663
3195797 3197660
3195792 3197657
3195789 3197656
3195784 3197655
3195782 3197654
3195780 3197651
3195780 3197650
3195780 3197652
3195779 3197649
3195776 3197648
3195778 3197648
3195776 3197648
3195773 3197646
3195776 3197647
3195775 3197647
3195775 3197648
3195775 3197648
3195778 3197649
3195778 3197650
3195780 3197649
3195780 3197651
3195779 3197649
3195780 3197650
3195780 3197650
3195783 3197650
3195780 3197650
3195779 3197649
3195778 3197648
3195778 3197648
3195776 3197646
3195775 3197647
3195773 3197645
3195774 3197645
3195773 3197645
3195774 3197646
3195774 3197645
3195772 3197645
3195773 3197647
3195775 3197647
3195776 3197646
3195775 3197643
3195777 3197647
3195778 3197647
3195777 3197646
3195779 3197648
3195780 3197649
3195781 3197650
3195781 3197648
3195785 3197649
3195785 3197651
3195788 3197653
3195789 3197652
3195791 3197654
3195792 3197656
3195793 3197656
3195795 3197657
3195796 3197657
3195797 3197659
3195799 3197659
3195801 3197659
3195803 3197660
3195803 3197660
3195804 3197661
3195807 3197662
3195808 3197665
3195809 3197664
3195811 3197664
3195813 3197665
3195813 3197667
3195814 3197667
3195817 3197668
3195819 3197669
3195817 3197670
3195820 3197671
3195822 3197672
3195822 3197672
3195826 3197673
3195826 3197675
3195828 3197675
3195830 3197675
3195831 3197678
3195833 3197676
3195834 3197679
3195835 3197679
3195838 3197681
3195838 3197682
3195841 3197684
3195842 3197682
3195844 3197684
3195845 3197686
3195848 3197686
3195849 3197689
3195852 3197688
3195852 3197690
3195855 3197692
3195856 3197693
3195860 3197692
3195862 3197693
3195865 3197695
3195866 3197696
3195867 3197699
3195871 3197700
3195871 3197699
3195871 3197699
3195874 3197701
3195874 3197702
3195868 3197699
3195862 3197696
3195858 3197693
3195852 3197692
3195847 3197688
3195840 3197685
3195834 3197682
3195830 3197681
3195827 3197679
3195821 3197676
3195817 3197672
3195816 3197672
3195813 3197670
3195813 3197670
3195811 3197670
3195809 3197668
3195810 3197667
3195809 3197664
3195808 3197666
3195808 3197668
3195808 3197665
3195806 3197665
3195806 3197665
3195806 3197665
3195808 3197666
3195807 3197666
3195808 3197666
3195810 3197667
3195810 3197667
3195810 3197669
3195809 3197667
3195809 3197666
3195807 3197665
3195810 3197667
3195808 3197665
3195808 3197663
3195804 3197663
3195807 3197664
3195803 3197662
3195806 3197662
3195803 3197661
3195802 3197663
3195803 3197662
3195804 3197662
3195804 3197664
3195805 3197661
3195803 3197662
3195805 3197661
3195806 3197662
3195807 3197662
3195808 3197662
3195807 3197663
3195807 3197662
3195809 3197662
3195807 3197663
3195809 3197665
3195812 3197665
3195812 3197665
3195814 3197665
3195815 3197667
3195818 3197666
3195818 3197669
3195820 3197669
3195821 3197670
3195822 3197670
3195824 3197670
3195825 3197670
3195827 3197674
3195827 3197673
3195829 3197674
3195831 3197674
3195833 3197676
3195834 3197676
3195835 3197677
3195838 3197677
3195837 3197676
3195839 3197679
3195838 3197677
3195840 3197681
3195840 3197679
3195843 3197681
3195844 3197681
3195845 3197682
3195847 3197685
3195848 3197685
3195850 3197686
3195851 3197687
3195854 3197687
3195854 3197686
3195855 3197689
3195857 3197690
3195859 3197690
3195861 3197692
3195863 3197691
3195866 3197695
3195865 3197695
3195868 3197695
3195870 3197695
3195872 3197698
3195872 3197698
3195875 3197698
3195877 3197700
3195876 3197699
3195881 3197703
3195881 3197703
3195882 3197703
3195885 3197704
3195886 3197704
3195890 3197706
3195892 3197707
3195893 3197710
3195892 3197709
3195894 3197709
3195889 3197706
3195885 3197705
3195879 3197703
3195873 3197699
3195868 3197697
3195861 3197693
3195856 3197690
3195852 3197688
3195847 3197684
3195843 3197683
3195839 3197680
3195837 3197680
3195836 3197680
3195832 3197677
3195831 3197676
3195830 3197676
3195828 3197675
3195828 3197674
3195828 3197674
3195827 3197672
3195826 3197672
3195824 3197671
3195825 3197671
3195824 3197671
3195825 3197672
3195825 3197673
3195825 3197672
3195826 3197672
3195827 3197672
3195826 3197670
3195826 3197669
3195826 3197669
3195826 3197670
3195827 3197669
3195826 3197669
3195824 3197668
3195824 3197667
3195822 3197667
3195821 3197667
3195821 3197667
3195820 3197665
3195821 3197666
3195818 3197665
3195817 3197665
3195819 3197663
3195818 3197663
3195817 3197662
3195819 3197665
3195819 3197666
3195818 3197663
3195818 3197663
3195819 3197663
3195819 3197664
3195822 3197663
3195820 3197665
3195824 3197666
3195825 3197666
3195826 3197666
3195828 3197666
3195828 3197668
3195831 3197669
3195831 3197669
3195830 3197668
3195833 3197669
3195834 3197670
3195836 3197670
3195835 3197671
3195838 3197671
3195839 3197673
3195840 3197673
3195841 3197674
3195841 3197674
3195844 3197675
3195845 3197675
3195847 3197675
3195846 3197677
3195847 3197676
3195850 3197676
3195853 3197679
3195851 3197678
3195854 3197679
3195854 3197679
3195855 3197682
3195858 3197681
3195858 3197681
3195858 3197682
3195860 3197685
3195862 3197684
3195864 3197686
3195865 3197685
3195866 3197686
3195866 3197687
3195868 3197687
3195870 3197689
3195872 3197691
3195874 3197691
3195875 3197692
3195875 3197691
3195877 3197692
3195879 3197694
3195880 3197694
3195881 3197695
3195883 3197696
3195885 3197697
3195886 3197696
3195890 3197698
3195890 3197699
3195892 3197701
3195893 3197701
3195894 3197701
3195897 3197702
3195899 3197703
3195901 3197705
3195900 3197706
3195899 3197703
3195895 3197704
3195894 3197701
3195886 3197699
3195881 3197694
3195874 3197692
3195868 3197687
3195864 3197685
3195858 3197683
3195854 3197681
3195849 3197678
3195845 3197676
3195840 3197674
3195840 3197673
3195836 3197671
3195836 3197668
3195834 3197670
3195831 3197668
3195829 3197667
3195830 3197665
3195827 3197666
3195827 3197665
3195825 3197663
3195826 3197662
3195826 3197662
3195824 3197663
3195826 3197662
3195826 3197663
3195826 3197662
3195827 3197662
3195827 3197661
3195826 3197661
3195826 3197660
3195826 3197661
3195824 3197660
3195825 3197659
3195822 3197658
3195822 3197657
3195819 3197656
3195817 3197656
3195818 3197655
3195816 3197654
3195816 3197654
3195816 3197652
3195814 3197652
3195813 3197652
3195814 3197652
3195814 3197651
3195814 3197653
3195813 3197652
3195813 3197651
3195815 3197651
3195814 3197651
3195817 3197651
3195816 3197651
3195816 3197652
3195817 3197651
3195820 3197653
3195820 3197654
3195821 3197653
3195822 3197654
3195823 3197654
3195825 3197656
3195828 3197659
3195828 3197658
3195828 3197656
3195830 3197659
3195832 3197657
3195831 3197659
3195833 3197658
3195833 3197659
3195835 3197658
3195835 3197660
3195836 3197659
3195837 3197661
3195838 3197663
3195840 3197662
3195842 3197662
3195844 3197665
3195843 3197666
3195843 3197665
3195845 3197665
3195845 3197666
3195847 3197667
3195846 3197667
3195848 3197668
3195851 3197667
3195852 3197669
3195854 3197669
3195855 3197670
3195856 3197672
3195856 3197671
3195858 3197674
3195859 3197674
3195859 3197675
3195862 3197675
3195863 3197676
3195864 3197676
3195867 3197677
3195866 3197676
3195868 3197678
3195870 3197678
3195873 3197679
3195875 3197681
3195874 3197683
3195877 3197683
3195879 3197684
3195880 3197685
3195881 3197686
3195886 3197686
3195885 3197687
3195886 3197689
3195891 3197689
3195892 3197690
3195893 3197692
3195893 3197693
3195892 3197692
3195889 3197690
3195887 3197689
3195881 3197686
3195876 3197682
3195870 3197680
3195862 3197677
3195858 3197673
3195850 3197669
3195847 3197668
3195841 3197666
3195838 3197663
3195834 3197662
3195829 3197658
3195828 3197659
3195824 3197656
3195822 3197657
3195820 3197654
3195820 3197652
3195817 3197652
3195818 3197652
3195818 3197650
3195815 3197649
3195814 3197648
3195814 3197649
3195812 3197648
3195813 3197648
3195814 3197647
3195812 3197648
3195813 3197648
3195815 3197646
3195815 3197645
3195815 3197647
3195813 3197647
3195813 3197646
3195809 3197644
3195810 3197643
3195810 3197644
3195808 3197642
3195805 3197639
3195803 3197639
3195804 3197639
3195802 3197639
3195801 3197637
3195800 3197638
3195801 3197638
3195802 3197638
3195801 3197638
3195800 3197637
3195801 3197636
3195801 3197636
3195801 3197637
3195801 3197638
3195802 3197637
3195801 3197637
3195802 3197637
3195803 3197637
3195805 3197639
3195806 3197639
3195806 3197640
3195808 3197641
3195808 3197641
3195811 3197641
3195811 3197643
3195813 3197643
3195814 3197642
3195814 3197644
3195817 3197645
3195816 3197645
3195817 3197645
3195817 3197647
3195820 3197648
3195821 3197647
3195822 3197648
3195823 3197649
3195823 3197649
3195826 3197651
3195825 3197650
3195827 3197652
3195827 3197652
3195829 3197654
3195829 3197653
3195832 3197653
3195833 3197655
3195833 3197655
3195835 3197656
3195835 3197656
3195835 3197657
3195838 3197657
3195839 3197657
3195841 3197658
3195842 3197660
3195845 3197659
3195847 3197661
3195846 3197662
3195849 3197664
3195848 3197663
3195847 3197664
3195851 3197666
3195854 3197666
3195854 3197665
3195855 3197668
3195859 3197667
3195860 3197668
3195861 3197672
3195862 3197672
3195865 3197674
3195867 3197675
3195869 3197676
3195869 3197676
3195871 3197677
3195872 3197677
3195874 3197680
3195877 3197681
3195878 3197682
3195877 3197683
3195877 3197683
3195870 3197678
3195866 3197676
3195859 3197673
3195853 3197670
3195847 3197665
3195841 3197663
3195835 3197660
3195830 3197659
3195825 3197655
3195819 3197652
3195816 3197649
3195815 3197648
3195811 3197646
3195810 3197645
3195806 3197645
3195806 3197644
3195803 3197643
3195803 3197643
3195802 3197642
3195802 3197641
3195798 3197640
3195799 3197640
3195800 3197638
3195799 3197639
3195798 3197640
3195800 3197640
3195800 3197639
3195798 3197638
3195799 3197639
3195801 3197640
3195802 3197640
3195802 3197640
3195801 3197640
3195800 3197638
3195799 3197639
3195797 3197636
3195796 3197637
3195796 3197637
3195791 3197635
3195793 3197637
3195792 3197635
3195792 3197636
3195792 3197634
3195790 3197634
3195791 3197635
3195789 3197634
3195792 3197634
3195792 3197633
3195790 3197635
3195791 3197632
3195792 3197634
3195793 3197634
3195794 3197634
3195795 3197635
3195793 3197635
3195794 3197636
3195796 3197637
3195797 3197638
3195800 3197639
3195800 3197640
3195802 3197639
3195803 3197640
3195803 3197640
3195806 3197642
3195807 3197643
3195806 3197642
3195808 3197644
3195808 3197644
3195809 3197644
3195812 3197645
3195813 3197645
3195814 3197646
3195816 3197647
3195817 3197648
3195819 3197649
3195818 3197650
3195822 3197649
3195822 3197652
3195823 3197650
3195824 3197652
3195825 3197656
3195826 3197656
3195828 3197655
3195829 3197656
3195830 3197658
3195834 3197658
3195833 3197659
3195836 3197660
3195836 3197661
3195838 3197661
3195838 3197662
3195841 3197662
3195843 3197664
3195844 3197665
3195846 3197666
3195847 3197666
3195848 3197669
3195850 3197668
3195852 3197668
3195854 3197670
3195854 3197673
3195856 3197674
3195858 3197675
3195861 3197674
3195862 3197677
3195866 3197678
3195867 3197679
3195868 3197681
3195871 3197682
3195874 3197682
3195874 3197681
3195874 3197684
3195873 3197684
3195871 3197684
3195865 3197682
3195863 3197678
3195855 3197675
3195850 3197671
3195844 3197668
3195838 3197665
3195831 3197663
3195829 3197659
3195822 3197658
3195817 3197656
3195816 3197653
3195813 3197652
3195811 3197651
3195809 3197651
3195807 3197649
3195808 3197649
3195807 3197647
3195805 3197647
3195804 3197646
3195803 3197647
3195803 3197646
3195802 3197645
3195801 3197646
3195802 3197647
3195803 3197645
3195804 3197646
3195805 3197647
3195805 3197647
3195803 3197646
3195806 3197648
3195803 3197646
3195805 3197646
3195805 3197644
3195801 3197645
3195801 3197645
3195801 3197644
3195799 3197643
3195799 3197644
3195797 3197642
3195796 3197641
3195797 3197641
3195794 3197641
3195797 3197641
3195794 3197639
3195796 3197641
3195794 3197641
3195796 3197642
3195795 3197641
3195796 3197641
3195796 3197641
3195796 3197640
3195798 3197641
3195798 3197641
3195798 3197643
3195801 3197644
3195803 3197645
3195804 3197645
3195804 3197645
3195806 3197648
3195809 3197650
3195809 3197649
3195810 3197648
3195814 3197650
3195812 3197652
3195813 3197650
3195814 3197651
3195816 3197653
3195817 3197653
3195819 3197653
3195820 3197655
3195821 3197656
3195822 3197655
3195824 3197656
3195825 3197656
3195825 3197656
3195827 3197658
3195828 3197660
3195831 3197662
3195829 3197660
3195831 3197662
3195833 3197660
3195835 3197664
3195837 3197664
3195839 3197666
3195839 3197667
3195840 3197668
3195843 3197668
3195845 3197669
3195846 3197670
3195848 3197671
3195850 3197673
3195849 3197674
3195852 3197674
3195852 3197674
3195855 3197676
3195854 3197676
3195859 3197676
3195858 3197677
3195861 3197678
3195862 3197682
3195864 3197680
3195866 3197681
3195868 3197683
3195869 3197684
3195873 3197687
3195875 3197687
3195874 3197687
3195876 3197689
3195878 3197690
3195882 3197692
3195883 3197692
3195884 3197692
3195885 3197692
3195881 3197691
3195879 3197690
3195874 3197687
3195870 3197685
3195862 3197683
3195859 3197679
3195853 3197677
3195846 3197673
3195841 3197670
3195836 3197667
3195833 3197666
3195829 3197665
3195827 3197661
3195825 3197662
3195822 3197661
3195820 3197660
3195821 3197660
3195819 3197659
3195817 3197658
3195815 3197658
3195815 3197658
3195814 3197657
3195815 3197655
3195813 3197657
3195813 3197656
3195813 3197657
3195816 3197656
3195815 3197657
3195816 3197655
3195816 3197657
3195817 3197656
3195816 3197655
3195817 3197655
3195817 3197656
3195816 3197655
3195815 3197655
3195812 3197653
3195813 3197652
3195811 3197653
3195810 3197652
3195810 3197652
3195809 3197650
3195808 3197651
3195810 3197653
3195811 3197652
3195808 3197652
3195808 3197652
3195808 3197652
3195810 3197653
3195810 3197652
3195811 3197652
3195811 3197652
3195812 3197653
3195814 3197655
3195815 3197655
3195815 3197655
3195815 3197654
3195817 3197656
3195818 3197656
3195820 3197659
3195822 3197657
3195822 3197658
3195825 3197659
3195825 3197661
3195827 3197661
3195829 3197662
3195831 3197663
3195832 3197662
3195832 3197664
3195833 3197663
3195836 3197666
3195837 3197665
3195836 3197667
3195837 3197667
3195839 3197666
3195839 3197667
3195841 3197669
3195843 3197669
3195846 3197668
3195846 3197672
3195848 3197671
3195848 3197672
3195849 3197674
3195851 3197675
3195852 3197675
3195853 3197675
3195854 3197676
3195856 3197678
3195858 3197677
3195858 3197677
3195862 3197679
3195864 3197682
3195864 3197681
3195866 3197682
3195868 3197684
3195869 3197686
3195872 3197685
3195873 3197688
3195873 3197689
3195876 3197689
3195878 3197691
3195879 3197691
3195882 3197695
3195882 3197694
3195886 3197695
3195886 3197693
3195888 3197697
3195893 3197699
3195895 3197701
3195896 3197701
3195898 3197703
3195899 3197703
3195898 3197704
3195903 3197706
3195905 3197706
3195906 3197707
3195907 3197706
3195907 3197707
3195905 3197707
3195902 3197703
3195895 3197702
3195890 3197697
3195884 3197696
3195880 3197694
3195875 3197690
3195868 3197687
3195865 3197684
3195859 3197683
3195854 3197680
3195851 3197679
3195850 3197677
3195848 3197677
3195845 3197676
3195844 3197674
3195843 3197673
3195843 3197673
3195840 3197671
3195839 3197669
3195838 3197671
3195836 3197670
3195837 3197667
3195835 3197668
3195834 3197668
3195834 3197668
3195835 3197668
3195837 3197668
3195839 3197670
3195837 3197670
3195839 3197669
3195839 3197669
3195837 3197668
3195837 3197667
3195837 3197669
3195836 3197668
3195834 3197665
3195832 3197667
3195831 3197664
3195832 3197664
3195830 3197665
3195831 3197664
3195830 3197663
3195829 3197662
3195830 3197663
3195829 3197663
3195828 3197663
3195830 3197662
3195828 3197662
3195831 3197662
3195829 3197664
3195832 3197663
3195832 3197664
3195833 3197664
3195834 3197664
3195834 3197663
3195835 3197665
3195837 3197665
3195839 3197668
3195840 3197669
3195841 3197668
3195842 3197670
3195845 3197670
3195844 3197669
3195845 3197669
3195848 3197670
3195847 3197672
3195848 3197671
3195850 3197672
3195851 3197673
3195850 3197673
3195852 3197673
3195853 3197674
3195855 3197674
3195857 3197675
3195856 3197676
3195858 3197677
3195860 3197677
3195861 3197679
3195862 3197678
3195863 3197678
3195865 3197680
3195866 3197681
3195868 3197682
3195869 3197684
3195869 3197682
3195871 3197684
3195873 3197685
3195874 3197685
3195877 3197686
3195878 3197689
3195878 3197687
3195879 3197687
3195882 3197688
3195882 3197691
3195884 3197691
3195886 3197691
3195887 3197692
3195887 3197693
3195891 3197694
3195892 3197695
3195893 3197695
3195894 3197696
3195896 3197697
3195898 3197697
3195898 3197699
3195901 3197701
3195904 3197701
3195904 3197701
3195907 3197703
3195909 3197705
3195911 3197706
3195914 3197707
3195915 3197708
3195917 3197707
3195917 3197708
3195917 3197709
3195912 3197707
3195908 3197705
3195906 3197704
3195898 3197699
3195894 3197698
3195886 3197693
3195883 3197692
3195877 3197689
3195873 3197687
3195870 3197686
3195865 3197685
3195863 3197682
3195859 3197681
3195857 3197678
3195856 3197678
3195854 3197675
3195853 3197675
3195851 3197674
3195848 3197673
3195850 3197672
3195847 3197671
3195847 3197671
3195846 3197671
3195846 3197671
3195846 3197668
3195845 3197670
3195845 3197670
3195845 3197668
3195846 3197669
3195846 3197670
3195846 3197669
3195845 3197668
3195843 3197668
3195844 3197667
3195841 3197665
3195842 3197665
3195841 3197665
3195837 3197662
3195838 3197664
3195835 3197662
3195838 3197662
3195837 3197661
3195834 3197661
3195834 3197660
3195833 3197661
3195834 3197659
3195834 3197659
3195836 3197659
3195835 3197659
3195835 3197661
3195835 3197661
3195836 3197661
3195837 3197661
3195835 3197661
3195838 3197661
3195839 3197661
3195841 3197662
3195840 3197663
3195843 3197663
3195843 3197663
3195844 3197663
3195844 3197664
3195846 3197665
3195847 3197666
3195848 3197664
3195848 3197666
3195850 3197667
3195851 3197668
3195853 3197668
3195856 3197671
3195856 3197670
3195855 3197669
3195856 3197669
3195859 3197671
3195861 3197671
3195861 3197672
3195861 3197672
3195862 3197675
3195864 3197674
3195863 3197673
3195867 3197675
3195867 3197677
3195867 3197677
3195870 3197677
3195871 3197677
3195870 3197679
3195873 3197678
3195873 3197679
3195873 3197681
3195877 3197682
3195879 3197684
3195881 3197682
3195881 3197683
3195884 3197684
3195885 3197686
3195884 3197687
3195887 3197689
3195888 3197686
3195890 3197690
3195891 3197690
3195892 3197689
3195894 3197690
3195897 3197692
3195900 3197694
3195900 3197693
3195900 3197693
3195902 3197696
3195905 3197695
3195908 3197698
3195910 3197700
3195908 3197698
3195913 3197700
3195915 3197702
3195915 3197702
3195917 3197703
3195918 3197704
3195916 3197703
3195913 3197701
3195907 3197698
3195903 3197697
3195896 3197692
3195891 3197691
3195886 3197688
3195880 3197684
3195875 3197681
3195871 3197680
3195866 3197678
3195863 3197676
3195859 3197674
3195858 3197671
3195853 3197670
3195855 3197669
3195852 3197669
3195850 3197668
3195848 3197668
3195848 3197665
3195846 3197666
3195843 3197665
3195845 3197664
3195842 3197664
3195843 3197664
3195842 3197662
3195845 3197663
3195844 3197663
3195843 3197662
3195843 3197663
3195845 3197664
3195842 3197661
3195842 3197662
3195843 3197659
3195843 3197661
3195841 3197661
3195840 3197659
3195838 3197659
3195837 3197657
3195837 3197656
3195835 3197655
3195833 3197655
3195835 3197657
3195833 3197653
3195832 3197655
3195833 3197656
3195831 3197654
3195833 3197655
3195834 3197654
3195833 3197655
3195834 3197655
3195834 3197656
3195834 3197655
3195838 3197657
3195838 3197654
3195839 3197655
3195841 3197658
3195840 3197658
3195841 3197658
3195841 3197660
3195843 3197659
3195843 3197660
3195847 3197660
3195848 3197661
3195847 3197662
3195850 3197662
3195850 3197663
3195851 3197664
3195852 3197665
3195853 3197664
3195856 3197664
3195856 3197667
3195855 3197666
3195857 3197666
3195859 3197666
3195858 3197668
3195859 3197667
3195862 3197670
3195864 3197670
3195862 3197670
3195863 3197670
3195865 3197671
3195867 3197672
3195867 3197672
3195867 3197675
3195869 3197674
3195870 3197674
3195872 3197675
3195875 3197676
3195876 3197677
3195874 3197677
3195878 3197680
3195878 3197677
3195881 3197681
3195883 3197682
3195884 3197682
3195887 3197684
3195889 3197684
3195889 3197685
3195891 3197688
3195891 3197686
3195893 3197686
3195896 3197686
3195895 3197688
3195897 3197689
3195897 3197691
3195897 3197691
3195901 3197693
3195904 3197694
3195906 3197695
3195908 3197696
3195909 3197695
3195910 3197695
3195911 3197697
3195913 3197699
3195916 3197700
3195918 3197700
3195916 3197700
3195915 3197699
3195909 3197696
3195904 3197695
3195901 3197692
3195894 3197690
3195888 3197689
3195883 3197684
3195879 3197682
3195874 3197679
3195869 3197675
3195864 3197674
3195861 3197673
3195860 3197672
3195859 3197672
3195856 3197668
3195852 3197669
3195854 3197667
3195853 3197666
3195849 3197665
3195847 3197666
3195847 3197665
3195846 3197664
3195848 3197663
3195845 3197663
3195846 3197664
3195845 3197662
3195844 3197662
3195845 3197663
3195847 3197663
3195847 3197664
3195849 3197664
3195848 3197663
3195848 3197663
3195848 3197662
3195847 3197663
3195847 3197662
3195844 3197662
3195845 3197660
3195843 3197659
3195840 3197660
3195840 3197660
3195840 3197659
3195840 3197658
3195839 3197657
3195839 3197658
3195839 3197657
3195838 3197658
3195839 3197658
3195839 3197659
3195839 3197656
3195840 3197658
3195841 3197659
3195840 3197659
3195842 3197657
3195842 3197660
3195844 3197660
3195843 3197661
3195844 3197661
3195846 3197662
3195847 3197664
3195848 3197661
3195848 3197663
3195851 3197663
3195851 3197663
3195851 3197664
3195853 3197664
3195854 3197665
3195856 3197666
3195857 3197668
3195859 3197667
3195860 3197669
3195860 3197668
3195861 3197669
3195863 3197670
3195864 3197671
3195864 3197671
3195866 3197673
3195869 3197674
3195869 3197673
3195868 3197675
3195870 3197675
3195870 3197675
3195872 3197677
3195873 3197676
3195875 3197678
3195877 3197680
3195876 3197679
3195878 3197681
3195878 3197680
3195880 3197682
3195882 3197683
3195883 3197684
3195883 3197684
3195885 3197685
3195888 3197685
3195887 3197687
3195891 3197689
3195894 3197690
3195892 3197689
3195895 3197691
3195898 3197691
3195898 3197692
3195899 3197693
3195900 3197695
3195901 3197692
3195903 3197695
3195907 3197697
3195907 3197696
3195909 3197698
3195910 3197698
3195912 3197701
3195914 3197702
3195916 3197703
3195917 3197705
3195920 3197705
3195920 3197707
3195922 3197706
3195922 3197709
3195925 3197709
3195924 3197706
3195921 3197708
3195918 3197703
3195914 3197703
3195907 3197699
3195903 3197697
3195896 3197692
3195891 3197692
3195884 3197688
3195879 3197685
3195874 3197682
3195871 3197682
3195866 3197677
3195865 3197677
3195862 3197676
3195861 3197674
3195859 3197675
3195857 3197672
3195856 3197671
3195855 3197671
3195853 3197670
3195850 3197669
3195850 3197666
3195849 3197667
3195849 3197667
3195849 3197666
3195849 3197669
3195850 3197667
3195849 3197665
3195849 3197667
3195852 3197667
3195849 3197667
3195849 3197666
3195849 3197665
3195849 3197666
3195846 3197665
3195846 3197665
3195845 3197664
3195844 3197661
3195844 3197662
3195840 3197661
3195840 3197663
3195838 3197661
3195839 3197661
3195840 3197660
3195838 3197659
3195838 3197661
3195837 3197660
3195839 3197659
3195838 3197660
3195837 3197660
3195837 3197659
3195840 3197661
3195839 3197660
3195842 3197661
3195841 3197661
3195842 3197663
3195842 3197663
3195844 3197662
3195847 3197663
3195849 3197667
3195850 3197666
3195850 3197667
3195851 3197669
3195853 3197667
3195855 3197669
3195853 3197668
3195856 3197669
3195857 3197670
3195857 3197670
3195859 3197670
3195860 3197670
3195860 3197672
3195861 3197673
3195861 3197673
3195863 3197674
3195866 3197674
3195865 3197675
3195866 3197674
3195868 3197676
3195869 3197676
3195870 3197678
3195870 3197679
3195869 3197681
3195874 3197680
3195875 3197682
3195874 3197682
3195876 3197683
3195878 3197682
3195879 3197685
3195880 3197685
3195883 3197687
3195884 3197688
3195886 3197688
3195887 3197689
3195891 3197690
3195890 3197691
3195893 3197692
3195894 3197693
3195895 3197692
3195895 3197694
3195899 3197694
3195900 3197696
3195899 3197696
3195902 3197697
3195902 3197697
3195905 3197698
3195908 3197698
3195909 3197700
3195910 3197700
3195913 3197701
3195912 3197703
3195915 3197704
3195918 3197705
3195920 3197708
3195921 3197707
3195924 3197709
3195925 3197709
3195927 3197712
3195925 3197711
3195924 3197711
3195918 3197708
3195915 3197706
3195909 3197703
3195902 3197699
3195897 3197696
3195890 3197693
3195885 3197688
3195879 3197687
3195874 3197684
3195869 3197683
3195866 3197681
3195861 3197678
3195860 3197676
3195858 3197675
3195855 3197675
3195853 3197674
3195855 3197672
3195851 3197672
3195850 3197672
3195850 3197671
3195849 3197670
3195849 3197668
3195846 3197668
3195848 3197670
3195845 3197669
3195847 3197670
3195847 3197669
3195847 3197669
3195847 3197669
3195848 3197669
3195847 3197668
3195847 3197668
3195845 3197668
3195848 3197669
3195844 3197668
3195843 3197668
3195842 3197665
3195840 3197667
3195839 3197664
3195838 3197663
3195839 3197663
3195838 3197663
3195836 3197663
3195835 3197662
3195835 3197661
3195836 3197661
3195835 3197662
3195835 3197661
3195834 3197661
3195835 3197663
3195835 3197661
3195834 3197660
3195838 3197663
3195839 3197663
3195838 3197664
3195840 3197663
3195841 3197664
3195841 3197663
3195842 3197666
3195845 3197665
3195846 3197666
3195845 3197666
3195847 3197666
3195848 3197668
3195847 3197668
3195850 3197667
3195850 3197668
3195851 3197670
3195852 3197670
3195853 3197668
3195856 3197672
3195856 3197672
3195855 3197672
3195856 3197673
3195859 3197675
3195858 3197674
3195860 3197673
3195860 3197674
3195863 3197674
3195864 3197675
3195865 3197675
3195866 3197677
3195867 3197677
3195866 3197679
3195870 3197680
3195871 3197679
3195872 3197680
3195873 3197682
3195873 3197683
3195876 3197683
3195876 3197685
3195880 3197686
3195881 3197686
3195880 3197685
3195883 3197688
3195887 3197688
3195889 3197689
3195889 3197690
3195890 3197692
3195891 3197692
3195893 3197694
3195895 3197693
3195897 3197695
3195898 3197696
3195898 3197696
3195900 3197698
3195903 3197698
3195906 3197701
3195908 3197702
3195908 3197703
3195909 3197703
3195912 3197705
3195914 3197706
3195915 3197706
3195917 3197708
3195918 3197709
3195918 3197708
3195920 3197708
3195916 3197709
3195915 3197706
3195910 3197703
3195902 3197701
3195898 3197700
3195891 3197695
3195887 3197693
3195882 3197690
3195876 3197688
3195870 3197686
3195867 3197683
3195863 3197681
3195860 3197679
3195858 3197679
3195856 3197677
3195854 3197675
3195851 3197674
3195852 3197675
3195849 3197673
3195847 3197672
3195848 3197671
3195845 3197673
3195844 3197672
3195846 3197668
3195845 3197669
3195844 3197669
3195844 3197670
3195845 3197671
3195844 3197669
3195846 3197672
3195847 3197668
3195845 3197669
3195846 3197669
3195844 3197670
3195845 3197669
3195844 3197668
3195840 3197667
3195841 3197666
3195839 3197666
3195837 3197666
3195836 3197665
3195836 3197664
3195836 3197665
3195837 3197663
3195834 3197662
3195836 3197663
3195833 3197661
3195835 3197661
3195835 3197663
3195836 3197662
3195836 3197662
3195834 3197662
3195834 3197662
3195837 3197664
3195838 3197664
3195836 3197665
3195838 3197663
3195839 3197665
3195842 3197666
3195840 3197665
3195843 3197668
3195846 3197668
3195846 3197667
3195846 3197669
3195847 3197670
3195848 3197668
3195850 3197669
3195850 3197671
3195852 3197670
3195852 3197671
3195853 3197672
3195855 3197672
3195854 3197673
3195856 3197675
3195859 3197676
3195859 3197676
3195860 3197676
3195862 3197675
3195863 3197679
3195863 3197677
3195864 3197679
3195866 3197679
3195866 3197680
3195868 3197681
3195868 3197682
3195871 3197682
3195870 3197684
3195873 3197685
3195875 3197684
3195877 3197686
3195878 3197687
3195878 3197686
3195879 3197688
3195882 3197689
3195883 3197689
3195883 3197690
3195884 3197691
3195889 3197692
3195890 3197693
3195891 3197695
3195890 3197695
3195893 3197696
3195893 3197699
3195896 3197698
3195898 3197699
3195900 3197700
3195902 3197701
3195904 3197702
3195905 3197704
3195906 3197702
3195908 3197703
3195910 3197703
3195910 3197705
3195911 3197706
3195911 3197705
3195910 3197706
3195907 3197704
3195903 3197704
3195897 3197702
3195892 3197698
3195887 3197694
3195882 3197693
3195877 3197690
3195873 3197687
3195867 3197683
3195861 3197681
3195858 3197680
3195853 3197676
3195851 3197675
3195849 3197674
3195847 3197672
3195846 3197672
3195843 3197672
3195844 3197670
3195841 3197670
3195840 3197668
3195838 3197668
3195839 3197667
3195836 3197666
3195837 3197667
3195836 3197665
3195835 3197664
3195836 3197665
3195838 3197665
3195835 3197665
3195837 3197664
3195834 3197663
3195834 3197665
3195833 3197662
3195832 3197660
3195829 3197659
3195827 3197658
3195826 3197657
3195823 3197655
3195823 3197654
3195821 3197652
3195819 3197652
3195814 3197649
3195814 3197648
3195815 3197648
3195812 3197648
3195813 3197647
3195811 3197645
3195811 3197646
3195812 3197644
3195811 3197642
3195810 3197644
3195807 3197641
3195809 3197641
3195808 3197639
3195806 3197637
3195805 3197639
3195804 3197637
3195805 3197635
3195804 3197635
3195804 3197631
3195803 3197634
3195804 3197632
3195805 3197632
3195804 3197630
3195804 3197629
3195803 3197627
3195802 3197625
3195800 3197623
3195800 3197624
3195800 3197623
3195799 3197620
3195797 3197620
3195795 3197618
3195795 3197618
3195794 3197616
3195793 3197614
3195793 3197613
3195791 3197611
3195791 3197608
3195791 3197609
3195790 3197610
3195790 3197606
3195788 3197605
3195789 3197604
3195788 3197603
3195788 3197601
3195788 3197601
3195787 3197600
3195786 3197599
3195786 3197599
3195784 3197597
3195784 3197598
3195783 3197594
3195784 3197596
3195786 3197593
3195784 3197595
3195782 3197594
3195785 3197592
3195785 3197595
3195787 3197594
3195788 3197594
3195789 3197595
3195790 3197595
3195793 3197595
3195793 3197595
3195795 3197594
3195795 3197594
3195795 3197593
3195796 3197593
3195794 3197591
3195791 3197589
3195787 3197586
3195783 3197583
3195779 3197582
3195771 3197577
3195764 3197574
3195760 3197569
3195754 3197567
3195750 3197562
3195747 3197561
3195742 3197558
3195737 3197554
3195735 3197553
3195731 3197550
3195730 3197547
3195728 3197544
3195725 3197543
3195722 3197541
3195720 3197539
3195719 3197538
3195717 3197535
3195717 3197535
3195716 3197534
3195719 3197533
3195717 3197534
3195719 3197534
3195718 3197533
3195717 3197532
3195719 3197531
3195717 3197530
3195718 3197529
3195716 3197527
3195716 3197529
3195714 3197526
3195715 3197527
3195714 3197526
3195713 3197526
3195712 3197524
3195711 3197525
3195711 3197524
3195710 3197525
3195709 3197524
3195712 3197525
3195710 3197524
3195711 3197524
3195711 3197522
3195708 3197522
3195707 3197522
3195709 3197524
3195708 3197523
3195710 3197523
3195710 3197524
3195714 3197524
3195709 3197525
3195712 3197525
3195714 3197525
3195716 3197526
3195715 3197526
3195716 3197527
3195716 3197527
3195718 3197529
3195718 3197529
3195719 3197531
3195722 3197528
3195722 3197530
3195721 3197531
3195723 3197531
3195723 3197531
3195725 3197530
3195725 3197533
3195726 3197532
3195724 3197530
3195722 3197531
3195725 3197532
3195725 3197533
3195724 3197533
3195725 3197532
3195724 3197531
3195725 3197533
3195728 3197534
3195727 3197534
3195730 3197535
3195729 3197536
3195731 3197536
3195731 3197536
3195733 3197536
3195736 3197537
3195735 3197538
3195736 3197538
3195734 3197537
3195735 3197538
3195732 3197537
3195730 3197534
3195726 3197533
3195724 3197531
3195718 3197529
3195714 3197526
3195710 3197525
3195706 3197522
3195701 3197522
3195701 3197519
3195695 3197520
3195694 3197518
3195692 3197516
3195692 3197516
3195691 3197517
3195692 3197518
3195689 3197516
3195689 3197518
3195688 3197516
3195688 3197517
3195688 3197517
3195690 3197519
3195692 3197521
3195693 3197521
3195696 3197521
3195696 3197520
3195698 3197524
3195698 3197523
3195699 3197524
3195701 3197524
3195700 3197524
3195700 3197524
3195699 3197526
3195698 3197524
3195698 3197524
3195697 3197525
3195697 3197525
3195695 3197524
3195696 3197525
3195695 3197526
3195697 3197526
3195695 3197525
3195696 3197526
3195696 3197526
3195698 3197525
3195698 3197528
3195698 3197527
3195701 3197530
3195701 3197529
3195702 3197531
3195705 3197530
3195706 3197531
3195704 3197531
3195707 3197534
3195708 3197533
3195709 3197533
3195710 3197535
3195713 3197536
3195714 3197538
3195717 3197538
3195716 3197537
3195720 3197540
3195721 3197541
3195722 3197543
3195723 3197543
3195726 3197545
3195728 3197548
3195728 3197546
3195728 3197548
3195729 3197547
3195731 3197548
3195732 3197549
3195733 3197551
3195735 3197551
3195736 3197551
3195738 3197555
3195738 3197553
3195740 3197554
3195739 3197554
3195742 3197553
3195743 3197556
3195745 3197557
3195747 3197558
3195747 3197559
3195749 3197560
3195751 3197560
3195752 3197562
3195755 3197565
3195755 3197565
3195755 3197563
3195752 3197563
3195748 3197561
3195744 3197559
3195739 3197557
3195735 3197555
3195730 3197553
3195723 3197551
3195718 3197548
3195714 3197547
3195710 3197543
3195707 3197541
3195705 3197539
3195702 3197538
3195700 3197537
3195696 3197535
3195695 3197533
3195692 3197533
3195692 3197533
3195692 3197532
3195690 3197529
3195689 3197531
3195686 3197531
3195686 3197528
3195684 3197529
3195685 3197527
3195687 3197529
3195687 3197528
3195688 3197528
3195688 3197531
3195688 3197529
3195689 3197530
3195688 3197529
3195687 3197528
3195687 3197529
3195687 3197528
3195686 3197528
3195685 3197526
3195684 3197526
3195684 3197525
3195683 3197525
3195681 3197525
3195683 3197526
3195683 3197525
3195682 3197526
3195682 3197524
3195682 3197525
3195682 3197525
3195680 3197527
3195682 3197526
3195685 3197527
3195685 3197527
3195685 3197528
3195687 3197529
3195688 3197529
3195689 3197528
3195691 3197529
3195692 3197531
3195692 3197531
3195694 3197530
3195696 3197533
3195696 3197532
3195698 3197533
3195699 3197535
3195700 3197535
3195702 3197536
3195703 3197537
3195705 3197538
3195706 3197540
3195708 3197539
3195711 3197542
3195713 3197541
3195713 3197543
3195716 3197543
3195714 3197545
3195716 3197543
3195719 3197547
3195718 3197546
3195722 3197548
3195720 3197547
3195725 3197550
3195725 3197550
3195726 3197551
3195727 3197553
3195730 3197553
3195732 3197554
3195732 3197555
3195735 3197556
3195737 3197557
3195735 3197558
3195738 3197558
3195739 3197559
3195742 3197561
3195743 3197563
3195747 3197565
3195749 3197565
3195750 3197569
3195753 3197570
3195757 3197572
3195758 3197572
3195760 3197573
3195761 3197576
3195760 3197576
3195760 3197575
3195758 3197575
3195755 3197573
3195751 3197571
3195746 3197570
3195742 3197568
3195737 3197568
3195734 3197565
3195730 3197566
3195729 3197564
3195724 3197563
3195723 3197561
3195721 3197565
3195720 3197562
3195722 3197563
3195719 3197562
3195719 3197561
3195719 3197562
3195719 3197561
3195720 3197562
3195720 3197565
3195719 3197562
3195720 3197563
3195720 3197562
3195721 3197564
3195723 3197565
3195724 3197567
3195725 3197567
3195726 3197568
3195726 3197568
3195728 3197568
3195727 3197568
3195729 3197569
3195730 3197570
3195729 3197571
3195729 3197572
3195729 3197572
3195729 3197571
3195732 3197574
3195730 3197573
3195729 3197573
3195730 3197573
3195729 3197573
3195732 3197574
3195731 3197574
3195730 3197577
3195731 3197576
3195731 3197575
3195734 3197579
3195737 3197579
3195738 3197580
3195739 3197582
3195742 3197582
3195744 3197585
3195744 3197585
3195746 3197587
3195747 3197585
3195750 3197589
3195751 3197589
3195753 3197590
3195755 3197592
3195757 3197592
3195756 3197594
3195759 3197594
3195762 3197597
3195763 3197596
3195766 3197598
3195769 3197601
3195769 3197599
3195770 3197601
3195771 3197602
3195771 3197604
3195774 3197603
3195777 3197605
3195777 3197606
3195776 3197606
3195777 3197607
3195779 3197609
3195783 3197610
3195782 3197611
3195785 3197611
3195785 3197613
3195788 3197613
3195787 3197614
3195788 3197616
3195792 3197615
3195792 3197616
3195796 3197618
3195794 3197619
3195796 3197619
3195796 3197618
3195793 3197619
3195792 3197616
3195787 3197616
3195784 3197613
3195778 3197611
3195774 3197608
3195769 3197606
3195765 3197605
3195761 3197603
3195757 3197600
3195755 3197600
3195754 3197598
3195751 3197597
3195752 3197599
3195751 3197598
3195750 3197599
3195750 3197597
3195748 3197598
3195750 3197599
3195748 3197598
3195749 3197597
3195748 3197598
3195749 3197600
3195752 3197599
3195752 3197600
3195753 3197599
3195754 3197602
3195755 3197601
3195755 3197602
3195756 3197600
3195757 3197602
3195756 3197602
3195756 3197601
3195755 3197601
3195756 3197601
3195754 3197601
3195753 3197601
3195753 3197601
3195751 3197600
3195754 3197601
3195754 3197601
3195753 3197601
3195754 3197600
3195753 3197601
3195754 3197600
3195755 3197603
3195756 3197603
3195758 3197603
3195759 3197605
3195759 3197605
3195760 3197603
3195760 3197606
3195763 3197607
3195763 3197608
3195765 3197609
3195766 3197609
3195768 3197610
3195771 3197610
3195771 3197611
3195775 3197615
3195775 3197614
3195778 3197615
3195778 3197617
3195778 3197616
3195780 3197619
3195782 3197619
3195784 3197619
3195784 3197620
3195786 3197620
3195787 3197621
3195789 3197623
3195790 3197622
3195790 3197624
3195792 3197623
3195793 3197624
3195793 3197626
3195796 3197625
3195798 3197627
3195799 3197628
3195801 3197630
3195800 3197629
3195803 3197633
3195805 3197633
3195806 3197633
3195807 3197633
3195809 3197634
3195810 3197634
3195813 3197636
3195814 3197635
3195814 3197638
3195813 3197636
3195812 3197636
3195811 3197634
3195806 3197632
3195802 3197633
3195795 3197628
3195792 3197627
3195785 3197625
3195782 3197621
3195777 3197618
3195772 3197615
3195772 3197616
3195769 3197612
3195764 3197614
3195762 3197612
3195761 3197611
3195759 3197610
3195757 3197608
3195755 3197608
3195757 3197607
3195755 3197608
3195754 3197606
3195752 3197606
3195752 3197606
3195751 3197605
3195753 3197605
3195753 3197605
3195755 3197607
3195756 3197607
3195755 3197607
3195757 3197607
3195755 3197607
3195757 3197606
3195758 3197607
3195759 3197607
3195755 3197607
3195757 3197605
3195755 3197605
3195754 3197605
3195753 3197606
3195754 3197606
3195753 3197603
3195751 3197605
3195754 3197605
3195753 3197605
3195753 3197604
3195752 3197603
3195752 3197606
3195754 3197605
3195755 3197605
3195755 3197606
3195757 3197606
3195756 3197606
3195759 3197607
3195759 3197608
3195760 3197608
3195763 3197609
3195763 3197610
3195765 3197610
3195767 3197611
3195768 3197612
3195769 3197612
3195772 3197613
3195771 3197613
3195775 3197615
3195775 3197615
3195776 3197617
3195776 3197618
3195779 3197618
3195780 3197618
3195782 3197619
3195781 3197619
3195784 3197620
3195785 3197622
3195786 3197622
3195787 3197623
3195789 3197624
3195791 3197623
3195791 3197627
3195793 3197627
3195793 3197626
3195796 3197628
3195797 3197628
3195797 3197629
3195800 3197629
3195801 3197630
3195807 3197633
3195805 3197633
3195807 3197635
3195808 3197634
3195811 3197637
3195810 3197634
3195813 3197637
3195815 3197639
3195817 3197639
3195817 3197640
3195817 3197641
3195821 3197643
3195823 3197643
3195824 3197645
3195826 3197647
3195829 3197647
3195828 3197648
3195830 3197649
3195834 3197651
3195834 3197652
3195836 3197651
3195840 3197652
3195840 3197654
3195843 3197655
3195845 3197656
3195847 3197658
3195847 3197659
3195849 3197658
3195848 3197660
3195846 3197658
3195844 3197657
3195838 3197657
3195833 3197652
3195830 3197651
3195823 3197649
3195818 3197645
3195816 3197643
3195811 3197641
3195806 3197638
3195804 3197638
3195800 3197636
3195797 3197634
3195796 3197633
3195793 3197633
3195790 3197631
3195790 3197628
3195789 3197629
3195788 3197628
3195787 3197627
3195785 3197626
3195786 3197625
3195784 3197624
3195782 3197625
3195782 3197625
3195785 3197627
3195786 3197627
3195784 3197627
3195787 3197628
3195788 3197627
3195786 3197626
3195787 3197625
3195786 3197626
3195785 3197625
3195785 3197624
3195785 3197624
3195783 3197623
3195782 3197623
3195781 3197622
3195782 3197622
3195780 3197622
3195779 3197623
3195779 3197621
3195779 3197623
3195779 3197621
3195780 3197620
3195778 3197620
3195779 3197621
3195781 3197622
3195781 3197621
3195781 3197622
3195783 3197622
3195781 3197622
3195784 3197621
3195784 3197621
3195784 3197619
3195787 3197621
3195788 3197623
3195790 3197621
3195790 3197625
3195792 3197625
3195793 3197625
3195796 3197627
3195795 3197626
3195796 3197627
3195798 3197625
3195800 3197628
3195799 3197627
3195804 3197628
3195803 3197630
3195805 3197629
3195807 3197632
3195809 3197632
3195808 3197634
3195811 3197633
3195810 3197635
3195813 3197633
3195815 3197636
3195814 3197634
3195815 3197636
3195815 3197636
3195817 3197636
3195818 3197635
3195821 3197638
3195820 3197638
3195823 3197639
3195823 3197641
3195826 3197641
3195826 3197641
3195828 3197642
3195828 3197642
3195830 3197642
3195832 3197643
3195833 3197645
3195835 3197645
3195837 3197645
3195836 3197646
3195839 3197645
3195840 3197646
3195843 3197647
3195843 3197649
3195846 3197648
3195846 3197649
3195847 3197649
3195849 3197651
3195852 3197652
3195854 3197654
3195856 3197655
3195857 3197656
3195860 3197656
3195859 3197656
3195861 3197658
3195862 3197657
3195861 3197656
3195858 3197657
3195854 3197652
3195850 3197652
3195846 3197650
3195842 3197646
3195835 3197644
3195833 3197642
3195827 3197640
3195826 3197638
3195822 3197638
3195816 3197634
3195814 3197634
3195812 3197632
3195813 3197630
3195811 3197630
3195809 3197630
3195809 3197629
3195807 3197628
3195809 3197629
3195806 3197626
3195806 3197628
3195805 3197626
3195806 3197627
3195805 3197625
3195806 3197626
3195807 3197626
3195808 3197625
3195808 3197628
3195809 3197626
3195809 3197626
3195809 3197625
3195808 3197626
3195808 3197624
3195808 3197623
3195807 3197623
3195806 3197624
3195807 3197622
3195805 3197621
3195802 3197622
3195803 3197622
3195801 3197620
3195801 3197620
3195802 3197619
3195802 3197621
3195803 3197620
3195802 3197619
3195805 3197619
3195804 3197619
3195804 3197620
3195803 3197620
3195805 3197620
3195804 3197621
3195808 3197621
3195808 3197621
3195810 3197621
3195809 3197622
3195812 3197622
3195814 3197623
3195814 3197622
3195817 3197623
3195817 3197624
3195816 3197624
3195820 3197625
3195820 3197625
3195822 3197625
3195824 3197624
3195825 3197626
3195825 3197627
3195826 3197626
3195826 3197629
3195828 3197629
3195830 3197630
3195829 3197631
3195831 3197631
3195832 3197630
3195834 3197633
3195835 3197633
3195837 3197634
3195836 3197633
3195839 3197635
3195840 3197636
3195840 3197636
3195843 3197638
3195844 3197638
3195845 3197639
3195847 3197641
3195849 3197642
3195852 3197642
3195852 3197644
3195853 3197645
3195853 3197645
3195856 3197646
3195856 3197646
3195860 3197650
3195861 3197650
3195862 3197650
3195862 3197650
3195859 3197647
3195858 3197648
3195857 3197648
3195852 3197645
3195847 3197642
3195843 3197641
3195837 3197638
3195834 3197636
3195830 3197633
3195829 3197630
3195824 3197632
3195823 3197629
3195819 3197629
3195819 3197628
3195818 3197627
3195816 3197628
3195816 3197628
3195817 3197627
3195818 3197625
3195817 3197628
3195818 3197627
3195818 3197627
3195818 3197628
3195821 3197629
3195820 3197627
3195822 3197630
3195824 3197629
3195823 3197629
3195825 3197630
3195825 3197629
3195825 3197629
3195826 3197631
3195826 3197630
3195827 3197631
3195825 3197631
3195827 3197630
3195826 3197631
3195825 3197630
3195823 3197628
3195824 3197629
3195823 3197630
3195825 3197629
3195823 3197629
3195824 3197630
3195824 3197629
3195823 3197629
3195824 3197631
3195825 3197631
3195826 3197632
3195829 3197632
3195829 3197632
3195828 3197631
3195832 3197632
3195833 3197634
3195834 3197634
3195834 3197633
3195835 3197635
3195837 3197633
3195838 3197636
3195839 3197638
3195843 3197638
3195843 3197638
3195845 3197639
3195848 3197641
3195847 3197641
3195847 3197641
3195851 3197642
3195850 3197643
3195852 3197643
3195853 3197643
3195853 3197645
3195856 3197644
3195856 3197646
3195857 3197644
3195858 3197646
3195859 3197648
3195861 3197648
3195862 3197648
3195863 3197649
3195865 3197650
3195865 3197649
3195867 3197652
3195869 3197653
3195869 3197653
3195872 3197654
3195873 3197654
3195875 3197657
3195876 3197656
3195880 3197658
3195878 3197658
3195880 3197659
3195883 3197659
3195883 3197661
3195883 3197661
3195880 3197660
3195877 3197658
3195876 3197656
3195871 3197654
3195866 3197652
3195860 3197646
3195856 3197648
3195852 3197644
3195848 3197641
3195843 3197638
3195839 3197638
3195835 3197635
3195836 3197635
3195833 3197634
3195830 3197632
3195830 3197633
3195829 3197630
3195827 3197631
3195827 3197629
3195826 3197629
3195825 3197628
3195825 3197629
3195825 3197628
3195825 3197628
3195825 3197628
3195825 3197628
3195825 3197628
3195826 3197629
3195829 3197632
3195827 3197631
3195829 3197629
3195829 3197628
3195829 3197630
3195829 3197628
3195828 3197628
3195825 3197626
3195826 3197627
3195825 3197626
3195824 3197626
3195828 3197628
3195824 3197625
3195824 3197626
3195823 3197625
3195823 3197627
3195824 3197625
3195824 3197625
3195824 3197625
3195826 3197625
3195826 3197626
3195826 3197625
3195827 3197628
3195827 3197628
3195830 3197628
3195828 3197628
3195830 3197629
3195831 3197629
3195833 3197631
3195835 3197629
3195837 3197632
3195837 3197633
3195836 3197632
3195840 3197634
3195842 3197633
3195841 3197633
3195844 3197635
3195846 3197636
3195847 3197636
3195849 3197637
3195850 3197638
3195850 3197638
3195851 3197639
3195853 3197638
3195855 3197640
3195854 3197641
3195859 3197641
3195860 3197643
3195860 3197642
3195862 3197644
3195862 3197643
3195863 3197645
3195866 3197646
3195868 3197647
3195868 3197647
3195870 3197649
3195871 3197649
3195874 3197649
3195872 3197649
3195873 3197652
3195876 3197651
3195878 3197654
3195880 3197653
3195881 3197655
3195883 3197655
3195882 3197656
3195884 3197657
3195885 3197660
3195887 3197660
3195890 3197662
3195892 3197662
3195894 3197663
3195894 3197662
3195897 3197664
3195900 3197665
3195901 3197666
3195903 3197669
3195903 3197667
3195901 3197667
3195901 3197667
3195896 3197664
3195893 3197663
3195889 3197660
3195883 3197658
3195878 3197655
3195873 3197653
3195869 3197649
3195862 3197646
3195859 3197645
3195855 3197642
3195852 3197641
3195849 3197639
3195847 3197638
3195847 3197638
3195845 3197637
3195842 3197638
3195842 3197636
3195840 3197634
3195841 3197632
3195841 3197632
3195839 3197633
3195839 3197632
3195839 3197631
3195837 3197631
3195839 3197631
3195839 3197633
3195840 3197633
3195842 3197633
3195841 3197631
3195842 3197633
3195841 3197632
3195841 3197633
3195842 3197632
3195840 3197631
3195841 3197633
3195841 3197631
3195840 3197631
3195840 3197630
3195840 3197632
3195838 3197628
3195837 3197629
3195836 3197630
3195835 3197628
3195837 3197628
3195838 3197628
3195839 3197629
3195839 3197629
3195839 3197630
3195841 3197631
3195840 3197631
3195840 3197629
3195840 3197631
3195841 3197631
3195843 3197632
3195843 3197632
3195845 3197632
3195847 3197632
3195848 3197633
3195851 3197635
3195853 3197637
3195853 3197637
3195855 3197635
3195856 3197638
3195857 3197637
3195858 3197637
3195859 3197638
3195861 3197640
3195860 3197639
3195863 3197643
3195865 3197642
3195864 3197643
3195868 3197644
3195867 3197643
3195871 3197644
3195871 3197646
3195872 3197647
3195872 3197647
3195873 3197647
3195874 3197648
3195877 3197649
3195877 3197649
3195881 3197650
3195880 3197651
3195882 3197653
3195881 3197651
3195886 3197653
3195886 3197654
3195887 3197656
3195888 3197655
3195890 3197656
3195890 3197657
3195892 3197657
3195893 3197658
3195895 3197659
3195897 3197659
3195899 3197661
3195901 3197661
3195902 3197663
3195903 3197664
3195905 3197665
3195906 3197666
3195908 3197665
3195909 3197666
3195911 3197666
3195914 3197668
3195915 3197670
3195918 3197669
3195919 3197669
3195919 3197670
3195918 3197670
3195915 3197668
3195910 3197666
3195909 3197665
3195902 3197663
3195896 3197660
3195890 3197658
3195887 3197653
3195882 3197653
3195878 3197649
3195875 3197649
3195871 3197647
3195868 3197645
3195868 3197646
3195865 3197644
3195866 3197645
3195865 3197643
3195864 3197642
3195864 3197641
3195864 3197642
3195865 3197642
3195865 3197643
3195862 3197641
3195863 3197641
3195865 3197640
3195865 3197642
3195866 3197641
3195865 3197643
3195868 3197642
3195868 3197643
3195870 3197642
3195868 3197642
3195868 3197641
3195869 3197641
3195867 3197641
3195867 3197640
3195867 3197640
3195865 3197639
3195865 3197639
3195864 3197637
3195862 3197636
3195864 3197637
3195862 3197636
3195861 3197636
3195864 3197637
3195862 3197634
3195863 3197637
3195862 3197635
3195864 3197636
3195865 3197636
3195867 3197638
3195869 3197638
3195870 3197638
3195871 3197639
3195870 3197639
3195872 3197641
3195873 3197642
3195874 3197639
3195875 3197640
3195877 3197643
3195879 3197642
3195878 3197641
3195881 3197643
3195881 3197644
3195882 3197645
3195886 3197645
3195887 3197646
3195886 3197648
3195889 3197647
3195888 3197650
3195893 3197649
3195893 3197650
3195894 3197651
3195895 3197650
3195896 3197652
3195897 3197651
3195899 3197653
3195899 3197652
3195901 3197653
3195902 3197655
3195903 3197655
3195904 3197656
3195906 3197657
3195911 3197657
3195910 3197658
3195909 3197657
3195909 3197658
3195912 3197660
3195912 3197660
3195913 3197662
3195915 3197662
3195915 3197662
3195919 3197662
3195919 3197664
3195922 3197662
3195922 3197666
3195925 3197666
3195926 3197667
3195927 3197669
3195929 3197669
3195932 3197671
3195933 3197673
3195934 3197672
3195935 3197675
3195937 3197673
3195938 3197674
3195939 3197674
3195937 3197672
3195933 3197672
3195927 3197670
3195924 3197667
3195919 3197666
3195916 3197661
3195910 3197662
3195908 3197659
3195904 3197658
3195902 3197656
3195898 3197654
3195897 3197654
3195896 3197652
3195894 3197652
3195894 3197653
3195892 3197651
3195894 3197652
3195895 3197651
3195894 3197651
3195896 3197651
3195896 3197652
3195898 3197652
3195898 3197654
3195898 3197652
3195900 3197653
3195902 3197654
3195904 3197654
3195904 3197655
3195905 3197653
3195903 3197653
3195904 3197654
3195904 3197653
3195905 3197653
3195903 3197654
3195904 3197654
3195902 3197651
3195903 3197653
3195902 3197653
3195904 3197653
3195903 3197652
3195903 3197653
3195903 3197653
3195902 3197653
3195902 3197653
3195902 3197652
3195903 3197653
3195903 3197653
3195905 3197652
3195904 3197654
3195903 3197653
3195906 3197654
3195908 3197654
3195909 3197655
3195907 3197656
3195912 3197656
3195911 3197658
3195914 3197657
3195914 3197658
3195916 3197658
3195915 3197658
3195918 3197658
3195920 3197659
3195919 3197660
3195922 3197663
3195922 3197662
3195924 3197661
3195927 3197662
3195926 3197663
3195928 3197665
3195929 3197664
3195931 3197665
3195933 3197667
3195932 3197666
3195936 3197667
3195935 3197668
3195936 3197669
3195938 3197669
3195939 3197670
3195941 3197670
3195941 3197670
3195941 3197670
3195942 3197671
3195944 3197673
3195944 3197673
3195945 3197673
3195948 3197674
3195951 3197676
3195950 3197676
3195953 3197678
3195954 3197678
3195956 3197679
3195957 3197680
3195958 3197682
3195957 3197681
3195955 3197677
3195952 3197676
3195949 3197674
3195945 3197674
3195940 3197671
3195936 3197668
3195931 3197665
3195926 3197662
3195922 3197661
3195918 3197659
3195917 3197657
3195913 3197657
3195912 3197655
3195911 3197655
3195909 3197655
3195908 3197654
3195908 3197652
3195907 3197654
3195907 3197652
3195906 3197651
3195906 3197651
3195906 3197652
3195906 3197651
3195907 3197649
3195907 3197650
3195908 3197650
3195910 3197652
3195911 3197653
3195912 3197653
3195911 3197653
3195913 3197653
3195912 3197652
3195911 3197653
3195912 3197651
3195910 3197652
3195909 3197650
3195910 3197649
3195911 3197649
3195908 3197648
3195906 3197648
3195908 3197648
3195906 3197649
3195905 3197648
3195905 3197647
3195905 3197645
3195905 3197647
3195907 3197649
3195906 3197647
3195910 3197649
3195909 3197647
3195910 3197648
3195910 3197650
3195912 3197650
3195911 3197648
3195913 3197650
3195913 3197649
3195914 3197651
3195914 3197650
3195915 3197651
3195916 3197651
3195917 3197651
3195918 3197652
3195919 3197653
3195922 3197655
3195923 3197654
3195925 3197654
3195925 3197656
3195928 3197656
3195927 3197655
3195928 3197657
3195931 3197658
3195931 3197658
3195931 3197658
3195932 3197658
3195933 3197659
3195936 3197659
3195937 3197659
3195938 3197661
3195938 3197661
3195940 3197663
3195941 3197661
3195943 3197663
3195942 3197664
3195943 3197663
3195944 3197663
3195944 3197665
3195945 3197666
3195948 3197665
3195948 3197667
3195948 3197668
3195950 3197667
3195953 3197669
3195952 3197669
3195953 3197669
3195956 3197672
3195960 3197672
3195959 3197673
3195961 3197673
3195962 3197675
3195965 3197676
3195966 3197675
3195969 3197676
3195968 3197675
3195966 3197675
3195964 3197674
3195959 3197671
3195955 3197670
3195949 3197666
3195945 3197663
3195939 3197661
3195932 3197658
3195930 3197657
3195924 3197655
3195922 3197651
3195919 3197650
3195916 3197648
3195911 3197645
3195909 3197645
3195907 3197643
3195905 3197641
3195906 3197641
3195903 3197640
3195905 3197640
3195903 3197639
3195902 3197638
3195900 3197637
3195900 3197637
3195899 3197635
3195898 3197635
3195899 3197636
3195900 3197635
3195901 3197634
3195900 3197636
3195901 3197636
3195901 3197636
3195900 3197634
3195901 3197635
3195902 3197634
3195901 3197634
3195899 3197634
3195898 3197630
3195896 3197630
3195895 3197628
3195894 3197628
3195893 3197627
3195893 3197626
3195891 3197626
3195891 3197626
3195891 3197626
3195892 3197626
3195892 3197627
3195891 3197623
3195893 3197625
3195892 3197625
3195892 3197623
3195892 3197625
3195894 3197624
3195893 3197625
3195895 3197625
3195897 3197623
3195895 3197623
3195895 3197625
3195895 3197627
3195898 3197624
3195899 3197625
3195900 3197625
3195899 3197626
3195900 3197628
3195902 3197628
3195906 3197627
3195905 3197628
3195906 3197628
3195908 3197628
3195908 3197630
3195910 3197628
3195910 3197629
3195911 3197630
3195911 3197632
3195914 3197632
3195915 3197632
3195914 3197633
3195916 3197633
3195917 3197634
3195918 3197633
3195918 3197632
3195919 3197633
3195919 3197634
3195920 3197634
3195923 3197635
3195924 3197636
3195925 3197636
3195926 3197637
3195925 3197637
3195925 3197635
3195928 3197638
3195930 3197637
3195930 3197640
3195930 3197640
3195932 3197640
3195933 3197641
3195934 3197639
3195937 3197640
3195936 3197642
3195937 3197643
3195940 3197644
3195943 3197645
3195943 3197645
3195943 3197646
3195946 3197647
3195946 3197646
3195949 3197645
3195944 3197646
3195943 3197644
3195939 3197641
3195934 3197637
3195928 3197635
3195923 3197634
3195916 3197631
3195912 3197627
3195906 3197624
3195903 3197623
3195899 3197619
3195894 3197616
3195892 3197614
3195889 3197614
3195888 3197611
3195884 3197610
3195884 3197610
3195882 3197608
3195882 3197608
3195879 3197607
3195878 3197605
3195878 3197604
3195877 3197603
3195877 3197602
3195876 3197602
3195878 3197603
3195878 3197602
3195878 3197602
3195879 3197603
3195877 3197602
3195878 3197601
3195876 3197601
3195878 3197601
3195878 3197601
3195877 3197598
3195876 3197599
3195876 3197600
3195877 3197598
3195877 3197597
3195875 3197596
3195873 3197596
3195871 3197595
3195872 3197594
3195870 3197594
3195868 3197591
3195869 3197594
3195870 3197592
3195870 3197593
3195870 3197592
3195867 3197591
3195871 3197591
3195870 3197592
3195871 3197590
3195870 3197591
3195872 3197592
3195872 3197591
3195872 3197590
3195874 3197592
3195876 3197592
3195874 3197590
3195877 3197593
3195878 3197594
3195879 3197593
3195880 3197593
3195880 3197592
3195881 3197593
3195883 3197594
3195884 3197595
3195883 3197595
3195885 3197593
3195886 3197596
3195887 3197595
3195888 3197596
3195890 3197597
3195892 3197598
3195890 3197599
3195892 3197597
3195893 3197599
3195892 3197599
3195894 3197599
3195899 3197601
3195897 3197601
3195899 3197603
3195899 3197603
3195901 3197603
3195900 3197603
3195901 3197604
3195903 3197603
3195904 3197603
3195906 3197603
3195905 3197605
3195907 3197606
3195909 3197606
3195911 3197610
3195913 3197610
3195912 3197609
3195916 3197610
3195914 3197611
3195917 3197610
3195921 3197612
3195920 3197613
3195922 3197614
3195923 3197614
3195925 3197615
3195926 3197615
3195927 3197614
3195926 3197616
3195924 3197614
3195920 3197613
3195916 3197610
3195913 3197608
3195906 3197606
3195902 3197604
3195896 3197600
3195893 3197599
3195888 3197597
3195885 3197594
3195883 3197592
3195881 3197593
3195879 3197590
3195878 3197589
3195876 3197588
3195874 3197589
3195877 3197589
3195874 3197587
3195875 3197587
3195874 3197586
3195875 3197586
3195876 3197587
3195877 3197589
3195876 3197588
3195878 3197588
3195878 3197586
3195881 3197587
3195881 3197589
3195881 3197589
3195883 3197589
3195883 3197589
3195883 3197589
3195881 3197588
3195882 3197588
3195879 3197587
3195879 3197584
3195878 3197588
3195878 3197585
3195875 3197584
3195875 3197583
3195875 3197584
3195876 3197584
3195875 3197583
3195873 3197583
3195875 3197585
3195875 3197585
3195875 3197584
3195875 3197582
3195877 3197585
3195878 3197586
3195879 3197585
3195880 3197584
3195880 3197584
3195879 3197587
3195880 3197584
3195882 3197587
3195885 3197586
3195885 3197590
3195888 3197589
3195887 3197590
3195889 3197590
3195891 3197592
3195891 3197593
3195892 3197593
3195894 3197594
3195897 3197594
3195898 3197594
3195898 3197594
3195899 3197596
3195901 3197596
3195902 3197598
3195904 3197599
3195905 3197600
3195903 3197599
3195907 3197599
3195906 3197601
3195909 3197600
3195908 3197602
3195912 3197603
3195912 3197601
3195912 3197604
3195914 3197606
3195913 3197604
3195916 3197607
3195916 3197608
3195919 3197607
3195921 3197608
3195922 3197608
3195921 3197608
3195923 3197609
3195925 3197612
3195926 3197613
3195926 3197612
3195926 3197612
3195923 3197610
3195921 3197607
3195915 3197604
3195910 3197604
3195904 3197600
3195900 3197598
3195895 3197596
3195892 3197593
3195888 3197592
3195885 3197588
3195881 3197586
3195881 3197587
3195880 3197587
3195878 3197583
3195878 3197586
3195876 3197584
3195876 3197583
3195874 3197584
3195875 3197581
3195875 3197581
3195875 3197580
3195875 3197582
3195874 3197581
3195875 3197581
3195876 3197581
3195876 3197581
3195876 3197581
3195878 3197582
3195879 3197584
3195880 3197585
3195881 3197583
3195879 3197583
3195879 3197582
3195878 3197579
3195878 3197580
3195877 3197580
3195876 3197581
3195877 3197581
3195877 3197580
3195875 3197580
3195877 3197578
3195875 3197579
3195876 3197579
3195876 3197581
3195873 3197580
3195876 3197579
3195874 3197580
3195876 3197579
3195876 3197579
3195878 3197579
3195879 3197580
3195880 3197582
3195882 3197582
3195883 3197582
3195881 3197580
3195883 3197582
3195884 3197581
3195887 3197582
3195886 3197582
3195888 3197584
3195888 3197583
3195890 3197587
3195890 3197586
3195893 3197587
3195895 3197586
3195895 3197588
3195896 3197586
3195895 3197587
3195900 3197589
3195900 3197588
3195898 3197587
3195901 3197591
3195902 3197591
3195902 3197591
3195905 3197590
3195905 3197592
3195906 3197595
3195908 3197594
3195908 3197594
3195910 3197594
3195910 3197596
3195910 3197595
3195914 3197597
3195913 3197597
3195914 3197599
3195916 3197598
3195918 3197600
3195920 3197600
3195922 3197600
3195922 3197602
3195923 3197604
3195924 3197604
3195927 3197606
3195928 3197606
3195929 3197606
3195931 3197607
3195933 3197606
3195935 3197609
3195936 3197609
3195936 3197611
3195937 3197612
3195939 3197613
3195938 3197611
3195936 3197610
3195930 3197607
3195926 3197604
3195921 3197602
3195916 3197597
3195910 3197596
3195905 3197594
3195900 3197589
3195897 3197589
3195895 3197587
3195889 3197584
3195887 3197583
3195885 3197581
3195885 3197581
3195882 3197578
3195881 3197579
3195881 3197576
3195882 3197577
3195877 3197577
3195877 3197577
3195878 3197576
3195874 3197574
3195874 3197573
3195873 3197574
3195876 3197574
3195876 3197573
3195875 3197574
3195876 3197573
3195876 3197573
3195877 3197573
3195878 3197573
3195878 3197575
3195877 3197572
3195879 3197573
3195878 3197571
3195877 3197571
3195876 3197571
3195875 3197571
3195874 3197571
3195874 3197570
3195872 3197570
3195872 3197569
3195871 3197569
3195870 3197567
3195870 3197567
3195870 3197567
3195870 3197567
3195870 3197567
3195871 3197566
3195872 3197568
3195871 3197565
3195871 3197566
3195871 3197568
3195875 3197567
3195875 3197569
3195875 3197569
3195877 3197569
3195878 3197570
3195880 3197571
3195880 3197571
3195881 3197571
3195882 3197572
3195883 3197572
3195885 3197571
3195886 3197574
3195887 3197573
3195887 3197576
3195888 3197574
3195889 3197574
3195889 3197577
3195891 3197575
3195894 3197576
3195894 3197578
3195894 3197578
3195895 3197579
3195898 3197578
3195899 3197579
3195899 3197582
3195901 3197581
3195900 3197580
3195901 3197582
3195903 3197582
3195904 3197582
3195905 3197583
3195907 3197583
3195907 3197583
3195908 3197583
3195910 3197586
3195911 3197585
3195912 3197585
3195912 3197588
3195913 3197587
3195915 3197588
3195916 3197588
3195917 3197590
3195918 3197590
3195920 3197589
3195920 3197591
3195921 3197591
3195923 3197592
3195924 3197593
3195927 3197595
3195928 3197595
3195930 3197596
3195930 3197598
3195932 3197598
3195935 3197599
3195937 3197599
3195937 3197599
3195938 3197602
3195941 3197603
3195944 3197603
3195944 3197604
3195946 3197605
3195947 3197605
3195947 3197606
3195945 3197605
3195944 3197604
3195939 3197602
3195936 3197599
3195929 3197596
3195923 3197593
3195918 3197590
3195913 3197588
3195910 3197586
3195907 3197581
3195902 3197579
3195898 3197579
3195896 3197576
3195893 3197574
3195890 3197574
3195890 3197573
3195887 3197571
3195889 3197572
3195887 3197570
3195887 3197570
3195887 3197570
3195885 3197567
3195886 3197569
3195886 3197569
3195882 3197568
3195885 3197566
3195883 3197566
3195882 3197566
3195884 3197567
3195884 3197567
3195883 3197567
3195886 3197567
3195884 3197565
3195884 3197566
3195885 3197564
3195884 3197563
3195882 3197563
3195883 3197562
3195881 3197562
3195879 3197561
3195880 3197559
3195877 3197560
3195877 3197558
3195876 3197559
3195877 3197558
3195876 3197558
3195877 3197558
3195877 3197559
3195876 3197557
3195877 3197558
3195877 3197558
3195876 3197557
3195878 3197556
3195877 3197557
3195878 3197556
3195880 3197555
3195880 3197558
3195879 3197559
3195881 3197558
3195883 3197559
3195886 3197560
3195884 3197558
3195887 3197559
3195886 3197561
3195886 3197561
3195889 3197560
3195890 3197562
3195891 3197561
3195892 3197562
3195893 3197562
3195894 3197562
3195894 3197563
3195896 3197564
3195896 3197563
3195899 3197566
3195900 3197566
3195899 3197565
3195899 3197566
3195901 3197567
3195903 3197566
3195903 3197568
3195904 3197568
3195905 3197568
3195905 3197569
3195907 3197570
3195908 3197571
3195910 3197571
3195910 3197572
3195912 3197572
3195914 3197572
3195914 3197571
3195915 3197574
3195917 3197575
3195918 3197573
3195921 3197575
3195919 3197577
3195921 3197575
3195921 3197576
3195923 3197580
3195926 3197580
3195927 3197579
3195928 3197581
3195929 3197583
3195933 3197584
3195934 3197584
3195936 3197585
3195939 3197588
3195939 3197587
3195941 3197589
3195942 3197591
3195944 3197591
3195947 3197592
3195947 3197591
3195949 3197593
3195947 3197593
3195943 3197590
3195940 3197589
3195937 3197587
3195932 3197586
3195927 3197582
3195924 3197578
3195917 3197575
3195912 3197574
3195908 3197570
3195907 3197568
3195905 3197568
3195900 3197568
3195899 3197565
3195898 3197566
3195898 3197564
3195895 3197563
3195894 3197562
3195894 3197562
3195895 3197563
3195896 3197563
3195896 3197562
3195897 3197563
3195895 3197563
3195899 3197563
3195897 3197564
3195899 3197564
3195901 3197564
3195900 3197565
3195899 3197563
3195899 3197563
3195899 3197562
3195900 3197562
3195899 3197562
3195898 3197561
3195896 3197561
3195896 3197559
3195898 3197560
3195895 3197558
3195893 3197558
3195893 3197558
3195893 3197556
3195893 3197557
3195892 3197555
3195892 3197556
3195892 3197556
3195892 3197558
3195892 3197557
3195893 3197557
3195892 3197555
3195894 3197556
3195895 3197556
3195894 3197557
3195895 3197557
3195896 3197557
3195897 3197558
3195899 3197557
3195897 3197558
3195899 3197557
3195901 3197559
3195902 3197559
3195901 3197560
3195906 3197561
3195905 3197560
3195906 3197561
3195907 3197564
3195910 3197563
3195910 3197563
3195911 3197562
3195910 3197564
3195912 3197566
3195913 3197565
3195916 3197566
3195917 3197566
3195918 3197568
3195920 3197568
3195919 3197569
3195919 3197569
3195921 3197570
3195922 3197569
3195923 3197572
3195923 3197571
3195923 3197570
3195925 3197571
3195926 3197572
3195926 3197573
3195927 3197574
3195928 3197574
3195930 3197574
3195930 3197576
3195933 3197577
3195933 3197576
3195936 3197577
3195936 3197579
3195938 3197580
3195940 3197581
3195941 3197579
3195942 3197581
3195941 3197581
3195939 3197580
3195935 3197578
3195932 3197575
3195928 3197574
3195923 3197569
3195916 3197568
3195911 3197565
3195908 3197561
3195902 3197561
3195900 3197558
3195896 3197555
3195893 3197553
3195891 3197553
3195891 3197552
3195887 3197550
3195889 3197550
3195884 3197548
3195886 3197547
3195885 3197547
3195883 3197546
3195883 3197547
3195884 3197546
3195881 3197545
3195882 3197545
3195883 3197545
3195883 3197545
3195884 3197546
3195886 3197546
3195887 3197548
3195885 3197546
3195886 3197548
3195887 3197546
3195886 3197547
3195885 3197545
3195884 3197545
3195885 3197544
3195883 3197543
3195883 3197544
3195881 3197543
3195881 3197540
3195881 3197541
3195880 3197542
3195879 3197540
3195879 3197540
3195878 3197538
3195880 3197539
3195879 3197541
3195880 3197541
3195881 3197540
3195881 3197542
3195881 3197540
3195882 3197541
3195882 3197541
3195883 3197542
3195885 3197542
3195884 3197543
3195886 3197543
3195887 3197544
3195889 3197544
3195889 3197545
3195891 3197546
3195889 3197546
3195893 3197547
3195893 3197547
3195893 3197547
3195894 3197547
3195895 3197547
3195897 3197547
3195901 3197549
3195899 3197550
3195900 3197550
3195903 3197551
3195901 3197551
3195903 3197552
3195904 3197552
3195907 3197552
3195908 3197553
3195908 3197554
3195910 3197554
3195910 3197556
3195911 3197558
3195913 3197556
3195914 3197557
3195914 3197557
3195917 3197558
3195917 3197558
3195917 3197559
3195919 3197561
3195919 3197562
3195919 3197561
3195923 3197562
3195923 3197563
3195923 3197564
3195925 3197565
3195925 3197565
3195928 3197566
3195930 3197565
3195930 3197567
3195932 3197568
3195935 3197569
3195935 3197569
3195936 3197571
3195940 3197571
3195941 3197571
3195942 3197571
3195938 3197570
3195938 3197571
3195934 3197568
3195928 3197565
3195922 3197561
3195917 3197558
3195909 3197556
3195906 3197553
3195900 3197550
3195895 3197547
3195891 3197545
3195887 3197543
3195885 3197542
3195883 3197540
3195882 3197538
3195878 3197537
3195878 3197537
3195876 3197537
3195875 3197535
3195875 3197534
3195871 3197533
3195872 3197532
3195871 3197531
3195870 3197531
3195869 3197531
3195868 3197530
3195868 3197532
3195869 3197531
3195869 3197528
3195871 3197531
3195872 3197532
3195870 3197531
3195871 3197531
3195871 3197531
3195869 3197528
3195870 3197529
3195868 3197528
3195867 3197529
3195869 3197527
3195867 3197527
3195865 3197527
3195865 3197526
3195863 3197526
3195862 3197524
3195862 3197524
3195863 3197523
3195863 3197524
3195863 3197524
3195861 3197524
3195862 3197525
3195863 3197524
3195863 3197524
3195865 3197524
3195865 3197526
3195864 3197525
3195866 3197526
3195866 3197526
3195869 3197527
3195869 3197526
3195870 3197527
3195871 3197528
3195871 3197526
3195874 3197529
3195875 3197530
3195874 3197530
3195877 3197529
3195877 3197528
3195878 3197532
3195879 3197531
3195879 3197531
3195881 3197531
3195881 3197530
3195884 3197533
3195885 3197534
3195886 3197536
3195887 3197535
3195887 3197535
3195888 3197536
3195888 3197534
3195890 3197536
3195891 3197538
3195892 3197539
3195893 3197537
3195895 3197541
3195896 3197540
3195896 3197541
3195898 3197541
3195900 3197543
3195901 3197544
3195902 3197544
3195903 3197545
3195903 3197545
3195906 3197547
3195908 3197548
3195908 3197548
3195909 3197549
3195910 3197551
3195912 3197549
3195913 3197552
3195917 3197553
3195919 3197555
3195921 3197554
3195923 3197556
3195922 3197557
3195925 3197558
3195925 3197557
3195926 3197559
3195928 3197559
3195929 3197559
3195931 3197561
3195932 3197562
3195934 3197563
3195935 3197565
3195938 3197565
3195940 3197565
3195940 3197566
3195940 3197568
3195939 3197567
3195936 3197564
3195932 3197563
3195927 3197560
3195923 3197558
3195917 3197554
3195911 3197550
3195906 3197548
3195903 3197548
3195896 3197544
3195895 3197542
3195890 3197540
3195886 3197538
3195887 3197538
3195885 3197536
3195881 3197534
3195880 3197532
3195878 3197533
3195878 3197534
3195878 3197534
3195876 3197529
3195876 3197529
3195875 3197529
3195873 3197528
3195871 3197527
3195873 3197527
3195872 3197527
3195873 3197525
3195874 3197527
3195875 3197529
3195877 3197530
3195876 3197529
3195875 3197529
3195875 3197528
3195873 3197526
3195873 3197527
3195873 3197525
3195871 3197525
3195871 3197525
3195870 3197524
3195869 3197525
3195869 3197524
3195870 3197524
3195867 3197520
3195869 3197525
3195868 3197523
3195868 3197522
3195870 3197521
3195870 3197522
3195868 3197523
3195869 3197522
3195870 3197525
3195871 3197522
3195869 3197522
3195871 3197522
3195871 3197522
3195873 3197523
3195874 3197523
3195875 3197525
3195876 3197526
3195877 3197526
3195878 3197526
3195878 3197526
3195881 3197526
3195882 3197527
3195882 3197528
3195884 3197529
3195884 3197529
3195885 3197530
3195886 3197530
3195887 3197531
3195889 3197533
3195891 3197532
3195892 3197533
3195892 3197533
3195894 3197536
3195897 3197536
3195897 3197536
3195896 3197535
3195898 3197537
3195900 3197538
3195901 3197538
3195901 3197539
3195903 3197540
3195905 3197541
3195905 3197542
3195907 3197542
3195908 3197542
3195910 3197544
3195910 3197542
3195912 3197545
3195913 3197547
3195915 3197547
3195916 3197547
3195917 3197548
3195918 3197548
3195920 3197549
3195922 3197551
3195924 3197552
3195925 3197553
3195926 3197553
3195928 3197555
3195930 3197556
3195933 3197558
3195934 3197560
3195935 3197560
3195935 3197561
3195939 3197562
3195940 3197565
3195940 3197564
3195943 3197565
3195944 3197565
3195947 3197567
3195947 3197567
3195949 3197569
3195950 3197569
3195948 3197568
3195946 3197569
3195943 3197564
3195936 3197563
3195932 3197560
3195929 3197557
3195921 3197556
3195920 3197553
3195914 3197552
3195911 3197549
3195908 3197548
3195905 3197547
3195905 3197544
3195901 3197545
3195900 3197545
3195897 3197543
3195898 3197543
3195897 3197542
3195897 3197542
3195898 3197542
3195896 3197540
3195898 3197541
3195898 3197540
3195898 3197542
3195900 3197542
3195898 3197543
3195901 3197540
3195900 3197542
3195901 3197542
3195903 3197542
3195901 3197544
3195902 3197542
3195902 3197544
3195901 3197542
3195904 3197542
3195901 3197542
3195899 3197541
3195900 3197541
3195899 3197539
3195899 3197541
3195896 3197539
3195893 3197538
3195895 3197539
3195895 3197538
3195894 3197538
3195894 3197538
3195896 3197539
3195895 3197539
3195896 3197537
3195896 3197538
3195898 3197539
3195897 3197538
3195898 3197539
3195898 3197540
3195900 3197538
3195900 3197540
3195901 3197540
3195900 3197540
3195901 3197542
3195904 3197541
3195905 3197542
3195906 3197542
3195905 3197544
3195908 3197545
3195909 3197544
3195909 3197545
3195912 3197548
3195915 3197547
3195916 3197548
3195915 3197547
3195917 3197548
3195916 3197549
3195919 3197549
3195918 3197551
3195920 3197551
3195921 3197551
3195923 3197552
3195923 3197554
3195924 3197554
3195925 3197555
3195927 3197556
3195927 3197555
3195927 3197556
3195929 3197555
3195931 3197557
3195930 3197557
3195932 3197556
3195932 3197558
3195934 3197558
3195933 3197559
3195935 3197562
3195937 3197562
3195938 3197561
3195941 3197563
3195941 3197565
3195944 3197566
3195944 3197566
3195946 3197568
3195947 3197569
3195951 3197570
3195950 3197570
3195947 3197569
3195948 3197568
3195946 3197567
3195941 3197566
3195937 3197564
3195932 3197560
3195928 3197558
3195923 3197555
3195917 3197555
3195914 3197551
3195911 3197549
3195906 3197547
3195905 3197547
3195901 3197546
3195901 3197543
3195900 3197544
3195899 3197544
3195900 3197543
3195897 3197541
3195897 3197543
3195895 3197543
3195896 3197541
3195896 3197541
3195896 3197542
3195896 3197544
3195895 3197542
3195898 3197543
3195898 3197543
3195899 3197544
3195899 3197543
3195899 3197544
3195900 3197542
3195902 3197540
3195899 3197541
3195898 3197542
3195898 3197541
3195896 3197539
3195896 3197540
3195894 3197540
3195894 3197541
3195892 3197537
3195894 3197540
3195891 3197537
3195893 3197538
3195893 3197539
3195892 3197537
3195893 3197536
3195892 3197539
3195894 3197538
3195895 3197538
3195894 3197539
3195894 3197539
3195896 3197539
3195894 3197540
3195898 3197540
3195898 3197540
3195897 3197539
3195899 3197541
3195900 3197542
3195899 3197542
3195903 3197542
3195902 3197541
3195904 3197544
3195904 3197543
3195904 3197544
3195909 3197544
3195909 3197546
3195912 3197546
3195911 3197544
3195911 3197548
3195914 3197549
3195915 3197550
3195914 3197549
3195916 3197551
3195917 3197550
3195917 3197551
3195920 3197552
3195920 3197552
3195921 3197553
3195923 3197554
3195924 3197554
3195924 3197555
3195926 3197556
3195927 3197555
3195928 3197557
3195930 3197556
3195929 3197557
3195931 3197558
3195932 3197558
3195931 3197560
3195933 3197559
3195936 3197561
3195935 3197561
3195936 3197560
3195937 3197563
3195940 3197565
3195941 3197565
3195941 3197564
3195945 3197564
3195945 3197566
3195948 3197568
3195949 3197567
3195951 3197569
3195950 3197568
3195951 3197568
3195947 3197566
3195944 3197565
3195939 3197564
3195934 3197561
3195928 3197556
3195922 3197554
3195917 3197552
3195913 3197549
3195907 3197545
3195904 3197545
3195899 3197543
3195897 3197541
3195893 3197539
3195892 3197537
3195888 3197537
3195888 3197537
3195885 3197534
3195884 3197534
3195883 3197535
3195882 3197533
3195882 3197532
3195878 3197530
3195879 3197530
3195876 3197530
3195877 3197527
3195877 3197529
3195880 3197529
3195877 3197528
3195879 3197530
3195878 3197529
3195880 3197528
3195880 3197527
3195878 3197528
3195877 3197528
3195879 3197527
3195879 3197527
3195875 3197525
3195874 3197524
3195873 3197525
3195872 3197523
3195872 3197523
3195871 3197522
3195870 3197522
3195869 3197523
3195868 3197521
3195871 3197522
3195871 3197522
3195870 3197524
3195869 3197521
3195869 3197521
3195870 3197521
3195870 3197521
3195872 3197522
3195870 3197524
3195871 3197524
3195871 3197524
3195872 3197523
3195874 3197524
3195875 3197524
3195874 3197524
3195878 3197527
3195880 3197525
3195881 3197528
3195880 3197527
3195880 3197529
3195882 3197529
3195884 3197528
3195883 3197527
3195885 3197528
3195885 3197529
3195887 3197531
3195887 3197530
3195890 3197531
3195890 3197531
3195888 3197532
3195891 3197532
3195892 3197532
3195893 3197532
3195892 3197532
3195894 3197533
3195895 3197533
3195894 3197533
3195897 3197536
3195897 3197536
3195898 3197536
3195899 3197538
3195900 3197538
3195902 3197539
3195903 3197538
3195905 3197540
3195906 3197539
3195906 3197540
3195910 3197542
3195908 3197542
3195910 3197541
3195911 3197541
3195912 3197544
3195913 3197544
3195915 3197546
3195917 3197546
3195918 3197547
3195920 3197548
3195920 3197549
3195920 3197549
3195922 3197551
3195925 3197551
3195926 3197551
3195929 3197553
3195931 3197556
3195931 3197554
3195932 3197556
3195934 3197557
3195934 3197559
3195936 3197557
3195934 3197559
3195930 3197555
3195926 3197554
3195919 3197551
3195915 3197547
3195909 3197546
3195902 3197544
3195898 3197542
3195895 3197538
3195889 3197536
3195885 3197532
3195882 3197532
3195881 3197531
3195877 3197530
3195874 3197527
3195873 3197527
3195870 3197526
3195870 3197526
3195868 3197525
3195868 3197524
3195865 3197522
3195865 3197524
3195866 3197524
3195865 3197523
3195866 3197523
3195865 3197524
3195865 3197523
3195865 3197524
3195867 3197524
3195867 3197524
3195867 3197526
3195870 3197524
3195869 3197524
3195867 3197523
3195866 3197522
3195868 3197522
3195867 3197524
3195867 3197521
3195865 3197523
3195865 3197523
3195864 3197522
3195866 3197522
3195863 3197520
3195862 3197520
3195863 3197520
3195863 3197521
3195863 3197520
3195864 3197523
3195864 3197522
3195865 3197521
3195865 3197523
3195864 3197522
3195868 3197523
3195867 3197524
3195869 3197523
3195868 3197525
3195869 3197525
3195871 3197523
3195871 3197524
3195871 3197524
3195873 3197526
3195873 3197527
3195876 3197527
3195877 3197528
3195878 3197529
3195880 3197528
3195879 3197530
3195880 3197529
3195884 3197532
3195884 3197531
3195884 3197532
3195885 3197533
3195887 3197532
3195887 3197533
3195890 3197535
3195891 3197536
3195892 3197534
3195891 3197537
3195894 3197538
3195894 3197538
3195895 3197538
3195895 3197540
3195896 3197539
3195900 3197542
3195898 3197540
3195902 3197544
3195904 3197545
3195905 3197545
3195906 3197546
3195907 3197547
3195907 3197547
3195910 3197547
3195911 3197549
3195912 3197551
3195914 3197552
3195915 3197551
3195916 3197552
3195917 3197552
3195919 3197553
3195920 3197553
3195921 3197553
3195921 3197556
3195924 3197557
3195926 3197557
3195927 3197558
3195931 3197561
3195931 3197562
3195934 3197563
3195935 3197564
3195938 3197567
3195941 3197568
3195941 3197566
3195942 3197567
3195946 3197569
3195944 3197569
3195944 3197568
3195944 3197568
3195941 3197567
3195937 3197565
3195930 3197562
3195925 3197560
3195921 3197556
3195916 3197555
3195911 3197552
3195905 3197550
3195902 3197548
3195901 3197546
3195898 3197546
3195894 3197544
3195893 3197544
3195892 3197541
3195891 3197541
3195889 3197539
3195889 3197538
3195888 3197539
3195890 3197540
3195888 3197539
3195889 3197539
3195888 3197539
3195888 3197540
3195890 3197543
3195892 3197541
3195891 3197541
3195893 3197542
3195893 3197542
3195894 3197541
3195894 3197542
3195897 3197542
3195896 3197543
3195895 3197542
3195896 3197542
3195894 3197542
3195894 3197541
3195893 3197542
3195893 3197542
3195892 3197539
3195891 3197541
3195892 3197542
3195892 3197541
3195892 3197542
3195891 3197539
3195891 3197541
3195890 3197541
3195891 3197540
3195889 3197540
3195892 3197541
3195891 3197540
3195894 3197541
3195894 3197543
3195896 3197542
3195894 3197542
3195896 3197544
3195897 3197544
3195898 3197543
3195900 3197545
3195900 3197545
3195902 3197544
3195902 3197544
3195904 3197547
3195904 3197547
3195905 3197547
3195908 3197549
3195908 3197549
3195910 3197551
3195910 3197552
3195912 3197551
3195914 3197553
3195914 3197553
3195915 3197554
3195917 3197554
3195917 3197556
3195919 3197557
3195919 3197558
3195920 3197557
3195921 3197555
3195924 3197558
3195924 3197559
3195924 3197559
3195926 3197560
3195928 3197561
3195928 3197561
3195930 3197562
3195929 3197563
3195930 3197563
3195931 3197566
3195933 3197563
3195935 3197567
3195935 3197570
3195938 3197569
3195939 3197570
3195942 3197570
3195942 3197572
3195945 3197573
3195943 3197573
3195946 3197573
3195945 3197573
3195944 3197573
3195938 3197571
3195939 3197570
3195932 3197568
3195929 3197566
3195926 3197564
3195921 3197563
3195917 3197559
3195913 3197555
3195909 3197554
3195907 3197556
3195904 3197554
3195903 3197553
3195901 3197552
3195900 3197552
3195899 3197551
3195899 3197551
3195899 3197551
3195901 3197551
3195897 3197549
3195899 3197551
3195900 3197552
3195901 3197553
3195902 3197553
3195901 3197553
3195902 3197553
3195904 3197552
3195904 3197553
3195904 3197553
3195906 3197554
3195907 3197555
3195906 3197554
3195907 3197553
3195907 3197553
3195904 3197553
3195904 3197554
3195904 3197552
3195903 3197552
3195903 3197551
3195901 3197552
3195900 3197553
3195901 3197551
3195901 3197552
3195903 3197550
3195903 3197552
3195903 3197553
3195903 3197554
3195903 3197552
3195904 3197553
3195904 3197554
3195905 3197554
3195907 3197554
3195907 3197554
3195907 3197554
3195909 3197555
3195908 3197556
3195911 3197554
3195911 3197557
3195911 3197556
3195912 3197557
3195913 3197558
3195914 3197559
3195916 3197559
3195918 3197561
3195920 3197560
3195919 3197560
3195922 3197563
3195922 3197563
3195925 3197563
3195925 3197564
3195927 3197564
3195929 3197566
3195929 3197565
3195930 3197567
3195932 3197568
3195930 3197568
3195933 3197569
3195933 3197569
3195935 3197568
3195936 3197571
3195937 3197569
3195937 3197572
3195939 3197574
3195941 3197575
3195942 3197576
3195943 3197576
3195943 3197575
3195946 3197578
3195947 3197578
3195948 3197579
3195948 3197579
3195949 3197579
3195953 3197580
3195953 3197583
3195956 3197582
3195955 3197584
3195959 3197585
3195961 3197584
3195959 3197584
3195957 3197584
3195957 3197583
3195951 3197581
3195947 3197577
3195941 3197577
3195936 3197574
3195932 3197573
3195928 3197569
3195922 3197568
3195919 3197565
3195915 3197563
3195911 3197564
3195911 3197561
3195908 3197559
3195906 3197558
3195903 3197556
3195902 3197556
3195901 3197555
3195897 3197554
3195897 3197553
3195899 3197552
3195898 3197552
3195895 3197552
3195896 3197552
3195896 3197551
3195898 3197552
3195897 3197552
3195895 3197551
3195895 3197551
3195897 3197550
3195896 3197550
3195896 3197550
3195897 3197551
3195896 3197550
3195896 3197551
3195898 3197551
3195897 3197550
3195894 3197550
3195894 3197549
3195892 3197548
3195891 3197549
3195892 3197548
3195892 3197549
3195890 3197548
3195890 3197548
3195889 3197548
3195891 3197547
3195888 3197546
3195890 3197547
3195889 3197547
3195891 3197547
3195891 3197548
3195890 3197546
3195890 3197549
3195893 3197549
3195892 3197549
3195894 3197546
3195895 3197548
3195896 3197549
3195897 3197550
3195897 3197549
3195898 3197550
3195900 3197552
3195903 3197554
3195903 3197553
3195902 3197553
3195903 3197554
3195907 3197554
3195907 3197556
3195909 3197555
3195910 3197557
3195910 3197556
3195911 3197557
3195913 3197560
3195913 3197557
3195914 3197560
3195917 3197561
3195916 3197560
3195916 3197561
3195918 3197563
3195920 3197563
3195921 3197565
3195923 3197564
3195924 3197565
3195924 3197564
3195924 3197567
3195927 3197567
3195929 3197568
3195928 3197569
3195931 3197568
3195932 3197570
3195934 3197570
3195935 3197574
3195936 3197573
3195937 3197572
3195939 3197577
3195940 3197574
3195940 3197576
3195943 3197577
3195945 3197578
3195945 3197579
3195948 3197580
3195949 3197581
3195950 3197581
3195952 3197582
3195954 3197584
3195955 3197586
3195956 3197587
3195958 3197588
3195960 3197587
3195963 3197589
3195964 3197589
3195962 3197589
3195961 3197588
3195958 3197586
3195954 3197586
3195948 3197583
3195942 3197580
3195938 3197578
3195932 3197575
3195927 3197574
3195923 3197571
3195918 3197569
3195916 3197568
3195912 3197567
3195910 3197565
3195907 3197563
3195905 3197562
3195903 3197562
3195901 3197560
3195902 3197561
3195902 3197561
3195900 3197559
3195899 3197560
3195900 3197557
3195895 3197557
3195895 3197558
3195896 3197558
3195897 3197557
3195897 3197555
3195898 3197556
3195898 3197558
3195898 3197557
3195898 3197558
3195896 3197556
3195897 3197556
3195896 3197555
3195895 3197555
3195893 3197555
3195895 3197553
3195894 3197553
3195893 3197555
3195892 3197553
3195891 3197553
3195891 3197553
3195891 3197553
3195891 3197552
3195889 3197552
3195889 3197554
3195889 3197553
3195891 3197552
3195891 3197552
3195891 3197552
3195892 3197554
3195890 3197553
3195892 3197555
3195892 3197554
3195893 3197554
3195893 3197555
3195897 3197554
3195896 3197554
3195898 3197556
3195899 3197557
3195901 3197557
3195900 3197557
3195904 3197560
3195904 3197559
3195905 3197560
3195906 3197562
3195909 3197562
3195908 3197563
3195910 3197564
3195910 3197562
3195912 3197562
3195910 3197564
3195913 3197563
3195914 3197565
3195916 3197565
3195919 3197568
3195920 3197568
3195917 3197569
3195922 3197571
3195922 3197570
3195924 3197572
3195923 3197572
3195925 3197572
3195926 3197573
3195927 3197574
3195929 3197576
3195930 3197576
3195931 3197576
3195932 3197576
3195935 3197578
3195934 3197578
3195935 3197580
3195938 3197580
3195938 3197580
3195938 3197583
3195943 3197583
3195944 3197583
3195946 3197586
3195945 3197585
3195947 3197586
3195947 3197587
3195950 3197587
3195952 3197588
3195952 3197588
3195954 3197591
3195955 3197591
3195958 3197592
3195959 3197594
3195960 3197593
3195965 3197594
3195965 3197594
3195966 3197597
3195965 3197596
3195969 3197596
3195970 3197598
3195973 3197599
3195974 3197601
3195975 3197603
3195980 3197604
3195981 3197605
3195984 3197606
3195984 3197607
3195984 3197609
3195982 3197606
3195978 3197605
3195973 3197603
3195968 3197600
3195964 3197598
3195957 3197596
3195952 3197593
3195948 3197590
3195946 3197589
3195939 3197587
3195937 3197584
3195936 3197585
3195933 3197584
3195931 3197581
3195931 3197582
3195930 3197581
3195928 3197581
3195928 3197580
3195927 3197580
3195927 3197579
3195924 3197578
3195925 3197579
3195925 3197577
3195924 3197578
3195926 3197576
3195925 3197577
3195926 3197577
3195927 3197577
3195928 3197577
3195927 3197578
3195925 3197576
3195927 3197577
3195928 3197578
3195927 3197578
3195928 3197576
3195926 3197576
3195924 3197575
3195925 3197573
3195924 3197574
3195923 3197574
3195923 3197573
3195923 3197573
3195922 3197572
3195922 3197573
3195921 3197573
3195921 3197572
3195921 3197574
3195921 3197573
3195921 3197573
3195923 3197571
3195924 3197572
3195924 3197573
3195925 3197572
3195925 3197572
3195926 3197572
3195927 3197574
3195927 3197574
3195929 3197574
3195929 3197574
3195931 3197576
3195931 3197577
3195934 3197576
3195932 3197575
3195935 3197575
3195936 3197578
3195936 3197577
3195937 3197578
3195939 3197578
3195939 3197578
3195940 3197580
3195940 3197579
3195942 3197580
3195945 3197583
3195944 3197582
3195946 3197581
3195948 3197582
3195948 3197584
3195947 3197583
3195949 3197586
3195950 3197586
3195951 3197585
3195954 3197586
3195955 3197587
3195953 3197588
3195957 3197589
3195956 3197589
3195960 3197590
3195960 3197588
3195959 3197589
3195960 3197591
3195961 3197590
3195963 3197590
3195964 3197593
3195966 3197594
3195967 3197593
3195969 3197595
3195969 3197595
3195970 3197596
3195972 3197596
3195975 3197599
3195976 3197600
3195978 3197600
3195980 3197603
3195980 3197602
3195982 3197603
3195984 3197603
3195986 3197606
3195986 3197606
3195986 3197606
3195983 3197604
3195982 3197605
3195978 3197603
3195975 3197600
3195968 3197598
3195966 3197596
3195962 3197594
3195956 3197592
3195954 3197592
3195951 3197589
3195947 3197588
3195946 3197586
3195943 3197585
3195944 3197584
3195942 3197584
3195944 3197584
3195942 3197585
3195941 3197583
3195940 3197584
3195941 3197584
3195941 3197583
3195941 3197583
3195943 3197586
3195944 3197584
3195945 3197586
3195945 3197586
3195948 3197588
3195948 3197589
3195949 3197588
3195949 3197589
3195950 3197588
3195950 3197588
3195948 3197587
3195948 3197587
3195949 3197588
3195948 3197586
3195948 3197586
3195947 3197587
3195946 3197587
3195945 3197587
3195947 3197586
3195948 3197586
3195946 3197588
3195947 3197587
3195947 3197587
3195947 3197585
3195948 3197588
3195946 3197587
3195946 3197586
3195948 3197588
3195950 3197589
3195949 3197588
3195950 3197588
3195952 3197587
3195951 3197589
3195952 3197589
3195955 3197591
3195957 3197590
3195956 3197591
3195957 3197592
3195960 3197592
3195961 3197592
3195963 3197594
3195964 3197595
3195965 3197596
3195967 3197597
3195968 3197596
3195968 3197597
3195970 3197599
3195971 3197599
3195970 3197599
3195973 3197599
3195975 3197601
3195975 3197603
3195976 3197602
3195978 3197602
3195978 3197604
3195979 3197603
3195980 3197606
3195981 3197605
3195983 3197606
3195984 3197609
3195987 3197607
3195986 3197609
3195986 3197608
3195989 3197610
3195991 3197610
3195992 3197611
3195992 3197612
3195994 3197614
3195994 3197613
3195996 3197615
3195997 3197614
3195998 3197616
3195998 3197616
3196003 3197617
3196004 3197617
3196005 3197619
3196005 3197619
3196005 3197620
3196005 3197620
3196004 3197619
3196000 3197617
3195995 3197615
3195992 3197611
3195986 3197608
3195981 3197607
3195977 3197606
3195973 3197605
3195970 3197603
3195966 3197601
3195964 3197600
3195960 3197598
3195958 3197597
3195956 3197595
3195955 3197594
3195953 3197593
3195952 3197594
3195952 3197592
3195951 3197591
3195950 3197590
3195949 3197591
3195948 3197589
3195948 3197589
3195949 3197589
3195948 3197589
3195949 3197589
3195951 3197589
3195948 3197588
3195950 3197590
3195950 3197591
3195949 3197591
3195951 3197589
3195950 3197588
3195950 3197589
3195948 3197587
3195947 3197587
3195947 3197587
3195946 3197585
3195944 3197585
3195946 3197585
3195943 3197585
3195945 3197585
3195944 3197585
3195945 3197584
3195944 3197583
3195945 3197584
3195943 3197583
3195943 3197583
3195944 3197583
3195944 3197584
3195944 3197583
3195946 3197584
3195947 3197583
3195947 3197584
3195946 3197585
3195946 3197585
3195947 3197585
3195950 3197585
3195951 3197586
3195952 3197585
3195952 3197589
3195955 3197588
3195954 3197587
3195957 3197588
3195957 3197589
3195957 3197588
3195959 3197590
3195960 3197590
3195961 3197589
3195962 3197591
3195965 3197592
3195964 3197594
3195966 3197593
3195967 3197593
3195968 3197594
3195970 3197594
3195968 3197595
3195970 3197595
3195971 3197597
3195974 3197597
3195976 3197597
3195976 3197599
3195975 3197598
3195978 3197601
3195979 3197602
3195983 3197602
3195984 3197601
3195984 3197604
3195982 3197603
3195984 3197603
3195986 3197603
3195988 3197604
3195989 3197606
3195991 3197606
3195992 3197606
3195991 3197608
3195993 3197608
3195994 3197608
3195996 3197609
3195997 3197611
3195998 3197610
3195998 3197611
3196001 3197612
3196002 3197614
3196003 3197614
3196005 3197614
3196005 3197614
3196009 3197617
3196009 3197617
3196011 3197618
3196013 3197622
3196016 3197621
3196015 3197621
3196017 3197621
3196015 3197621
3196012 3197620
3196006 3197616
3196002 3197616
3195996 3197613
3195991 3197610
3195986 3197609
3195981 3197606
3195976 3197604
3195973 3197602
3195968 3197599
3195966 3197598
3195962 3197596
3195958 3197595
3195958 3197595
3195957 3197594
3195954 3197592
3195954 3197591
3195953 3197590
3195953 3197592
3195951 3197591
3195951 3197590
3195950 3197589
3195946 3197588
3195950 3197589
3195947 3197587
3195947 3197588
3195947 3197589
3195948 3197587
3195948 3197589
3195949 3197588
3195950 3197588
3195949 3197588
3195949 3197587
3195949 3197586
3195947 3197586
3195945 3197584
3195946 3197584
3195945 3197584
3195943 3197582
3195940 3197581
3195941 3197582
3195941 3197581
3195941 3197579
3195940 3197581
3195940 3197581
3195940 3197580
3195939 3197579
3195938 3197579
3195940 3197580
3195939 3197579
3195941 3197580
3195940 3197580
3195939 3197579
3195939 3197579
3195941 3197580
3195942 3197580
3195942 3197580
3195943 3197580
3195944 3197579
3195945 3197581
3195945 3197582
3195947 3197582
3195946 3197582
3195948 3197584
3195948 3197582
3195950 3197583
3195951 3197584
3195954 3197584
3195953 3197583
3195954 3197585
3195957 3197586
3195958 3197586
3195959 3197587
3195961 3197587
3195959 3197587
3195961 3197588
3195962 3197588
3195963 3197589
3195965 3197589
3195965 3197592
3195965 3197591
3195968 3197592
3195969 3197591
3195969 3197594
3195969 3197592
3195972 3197594
3195974 3197596
3195974 3197594
3195974 3197597
3195976 3197596
3195978 3197600
3195978 3197598
3195980 3197600
3195981 3197601
3195983 3197600
3195983 3197601
3195986 3197602
3195987 3197603
3195988 3197603
3195989 3197603
3195989 3197606
3195993 3197607
3195995 3197607
3195996 3197607
3195999 3197607
3195999 3197609
3196000 3197612
3196004 3197614
3196004 3197614
3196004 3197616
3196007 3197614
3196010 3197615
3196013 3197618
3196013 3197620
3196015 3197620
3196016 3197622
3196018 3197622
3196017 3197622
3196012 3197622
3196012 3197619
3196008 3197616
3196002 3197616
3195996 3197611
3195993 3197610
3195986 3197609
3195982 3197605
3195978 3197605
3195976 3197603
3195972 3197602
3195971 3197601
3195967 3197600
3195967 3197599
3195966 3197599
3195964 3197597
3195964 3197597
3195965 3197597
3195964 3197597
3195962 3197595
3195963 3197596
3195962 3197596
3195964 3197596
3195965 3197596
3195965 3197596
3195966 3197598
3195967 3197598
3195967 3197598
3195971 3197600
3195970 3197601
3195971 3197601
3195973 3197601
3195972 3197603
3195974 3197604
3195975 3197603
3195975 3197604
3195974 3197605
3195975 3197605
3195975 3197606
3195975 3197606
3195974 3197607
3195972 3197605
3195975 3197606
3195975 3197607
3195973 3197606
3195975 3197609
3195974 3197607
3195977 3197609
3195976 3197609
3195978 3197609
3195980 3197611
3195980 3197614
3195982 3197613
3195983 3197614
3195988 3197617
3195988 3197616
3195989 3197618
3195990 3197619
3195993 3197619
3195994 3197621
3195996 3197623
3195999 3197624
3195999 3197626
3196000 3197625
3196002 3197626
3196005 3197630
3196004 3197629
3196006 3197630
3196011 3197632
3196010 3197633
3196013 3197634
3196013 3197637
3196013 3197635
3196015 3197636
3196017 3197639
3196020 3197638
3196020 3197641
3196022 3197642
3196023 3197642
3196025 3197644
3196025 3197645
3196027 3197645
3196027 3197645
3196031 3197647
3196032 3197647
3196032 3197650
3196034 3197650
3196035 3197652
3196036 3197652
3196038 3197653
3196040 3197655
3196042 3197656
3196043 3197659
3196045 3197658
3196045 3197660
3196050 3197662
3196050 3197663
3196053 3197663
3196055 3197666
3196057 3197666
3196060 3197669
3196061 3197668
3196061 3197669
3196063 3197672
3196063 3197671
3196059 3197671
3196056 3197667
3196051 3197665
3196047 3197664
3196043 3197662
3196039 3197660
3196034 3197660
3196032 3197657
3196028 3197656
3196026 3197655
3196024 3197653
3196022 3197652
3196020 3197652
3196021 3197651
3196020 3197653
3196019 3197651
3196019 3197651
3196017 3197650
3196018 3197650
3196020 3197653
3196019 3197652
3196020 3197651
3196021 3197653
3196023 3197651
3196023 3197652
3196024 3197653
3196024 3197651
3196024 3197654
3196024 3197652
3196027 3197654
3196026 3197653
3196026 3197653
3196027 3197654
3196027 3197656
3196025 3197653
3196025 3197654
3196026 3197653
3196025 3197653
3196024 3197653
3196023 3197653
3196023 3197652
3196022 3197652
3196024 3197652
3196024 3197653
3196023 3197653
3196022 3197652
3196023 3197652
3196026 3197653
3196027 3197654
3196026 3197655
3196027 3197655
3196028 3197654
3196030 3197656
3196031 3197656
3196032 3197655
3196032 3197656
3196033 3197658
3196035 3197658
3196037 3197660
3196037 3197659
3196037 3197661
3196039 3197661
3196040 3197663
3196042 3197662
3196044 3197663
3196047 3197664
3196047 3197665
3196047 3197666
3196050 3197667
3196051 3197667
3196051 3197669
3196052 3197668
3196053 3197666
3196054 3197670
3196058 3197673
3196057 3197672
3196058 3197672
3196060 3197672
3196062 3197673
3196063 3197674
3196061 3197674
3196064 3197675
3196066 3197675
3196067 3197676
3196067 3197679
3196069 3197679
3196069 3197677
3196071 3197680
3196073 3197678
3196071 3197681
3196073 3197682
3196075 3197683
3196076 3197686
3196077 3197684
3196079 3197686
3196082 3197688
3196084 3197687
3196085 3197689
3196086 3197689
3196086 3197690
3196085 3197689
3196083 3197689
3196080 3197686
3196075 3197685
3196070 3197682
3196064 3197679
3196059 3197677
3196053 3197674
3196051 3197671
3196048 3197671
3196044 3197669
3196041 3197668
3196039 3197666
3196038 3197664
3196035 3197664
3196034 3197663
3196032 3197663
3196033 3197662
3196031 3197662
3196029 3197660
3196030 3197661
3196029 3197660
3196028 3197658
3196027 3197658
3196027 3197657
3196028 3197658
3196029 3197660
3196028 3197658
3196028 3197658
3196029 3197659
3196030 3197657
3196029 3197656
3196027 3197657
3196028 3197657
3196027 3197655
3196028 3197657
3196027 3197657
3196026 3197655
3196024 3197656
3196024 3197655
3196024 3197653
3196023 3197654
3196024 3197654
3196022 3197652
3196022 3197653
3196023 3197653
3196021 3197655
3196023 3197654
3196024 3197655
3196025 3197654
3196023 3197655
3196026 3197653
3196023 3197653
3196023 3197653
3196023 3197654
3196025 3197653
3196024 3197652
3196026 3197654
3196028 3197654
3196028 3197654
3196029 3197655
3196030 3197656
3196029 3197655
3196033 3197657
3196034 3197657
3196035 3197656
3196034 3197657
3196037 3197658
3196036 3197657
3196038 3197659
3196041 3197660
3196039 3197659
3196041 3197658
3196042 3197661
3196041 3197661
3196043 3197662
3196044 3197661
3196046 3197663
3196047 3197665
3196048 3197665
3196047 3197665
3196048 3197664
3196050 3197665
3196050 3197665
3196050 3197668
3196052 3197666
3196054 3197668
3196054 3197668
3196057 3197669
3196057 3197670
3196058 3197670
3196060 3197672
3196061 3197670
3196063 3197671
3196062 3197672
3196064 3197671
3196065 3197674
3196065 3197674
3196068 3197673
3196068 3197674
3196068 3197673
3196069 3197676
3196072 3197676
3196073 3197678
3196073 3197678
3196076 3197679
3196078 3197679
3196080 3197681
3196081 3197681
3196080 3197681
3196082 3197682
3196084 3197683
3196085 3197683
3196080 3197681
3196078 3197679
3196074 3197676
3196068 3197673
3196061 3197673
3196055 3197669
3196052 3197666
3196046 3197664
3196041 3197661
3196036 3197659
3196032 3197658
3196029 3197656
3196026 3197652
3196023 3197652
3196021 3197650
3196020 3197650
3196017 3197648
3196014 3197648
3196015 3197646
3196013 3197646
3196015 3197647
3196011 3197644
3196010 3197644
3196009 3197641
3196009 3197643
3196007 3197641
3196008 3197642
3196007 3197642
3196011 3197644
3196008 3197641
3196009 3197641
3196008 3197640
3196008 3197640
3196009 3197641
3196010 3197642
3196008 3197640
3196008 3197640
3196006 3197639
3196005 3197637
3196002 3197637
3196002 3197635
3196001 3197636
3195999 3197633
3195998 3197631
3195996 3197631
3195995 3197629
3195994 3197629
3195993 3197628
3195993 3197626
3195992 3197625
3195991 3197624
3195992 3197624
3195991 3197625
3195991 3197624
3195993 3197624
3195992 3197624
3195994 3197624
3195994 3197625
3195997 3197625
3195998 3197627
3195999 3197628
3195997 3197628
3195999 3197629
3196002 3197628
3196002 3197630
3196002 3197630
3196003 3197630
3196005 3197631
3196007 3197632
3196006 3197632
3196008 3197632
3196008 3197633
3196009 3197634
3196009 3197635
3196012 3197635
3196013 3197635
3196013 3197636
3196015 3197636
3196015 3197636
3196015 3197637
3196016 3197639
3196018 3197638
3196019 3197639
3196021 3197640
3196021 3197641
3196022 3197641
3196022 3197641
3196023 3197641
3196025 3197641
3196024 3197644
3196027 3197643
3196026 3197645
3196029 3197643
3196029 3197643
3196032 3197645
3196031 3197645
3196035 3197647
3196034 3197649
3196034 3197649
3196036 3197650
3196037 3197651
3196039 3197651
3196042 3197653
3196043 3197652
3196044 3197654
3196045 3197656
3196047 3197657
3196049 3197658
3196050 3197659
3196052 3197660
3196053 3197659
3196053 3197662
3196058 3197662
3196058 3197664
3196059 3197665
3196058 3197665
3196058 3197664
3196055 3197662
3196051 3197660
3196046 3197659
3196041 3197655
3196035 3197652
3196030 3197652
3196024 3197648
3196020 3197644
3196014 3197644
3196013 3197641
3196009 3197640
3196006 3197638
3196000 3197635
3195999 3197633
3195999 3197633
3195996 3197632
3195994 3197629
3195990 3197629
3195991 3197627
3195989 3197625
3195986 3197623
3195986 3197622
3195982 3197622
3195983 3197621
3195984 3197621
3195982 3197619
3195983 3197618
3195983 3197618
3195983 3197617
3195981 3197617
3195980 3197615
3195979 3197612
3195976 3197610
3195975 3197609
3195974 3197607
3195970 3197604
3195969 3197602
3195967 3197600
3195965 3197599
3195962 3197598
3195961 3197596
3195958 3197596
3195958 3197594
3195958 3197592
3195954 3197593
3195954 3197591
3195954 3197591
3195953 3197589
3195954 3197588
3195954 3197589
3195955 3197588
3195954 3197588
3195954 3197587
3195954 3197588
3195955 3197588
3195956 3197588
3195955 3197588
3195956 3197587
3195957 3197587
3195958 3197588
3195958 3197588
3195959 3197587
3195960 3197588
3195961 3197588
3195961 3197590
3195961 3197589
3195963 3197590
3195965 3197590
3195965 3197590
3195966 3197590
3195964 3197591
3195964 3197590
3195968 3197592
3195967 3197591
3195971 3197592
3195971 3197592
3195972 3197593
3195973 3197596
3195974 3197594
3195972 3197594
3195974 3197595
3195976 3197596
3195976 3197596
3195977 3197598
3195979 3197597
3195979 3197597
3195981 3197600
3195981 3197600
3195982 3197599
3195983 3197601
3195984 3197603
3195985 3197601
3195986 3197602
3195988 3197601
3195990 3197603
3195991 3197605
3195992 3197607
3195994 3197607
3195997 3197609
3195996 3197607
3195997 3197610
3195998 3197610
3196001 3197612
3196003 3197612
3196003 3197614
3196005 3197615
3196005 3197616
3196004 3197614
3196004 3197614
3196000 3197611
3195995 3197609
3195990 3197608
3195984 3197606
3195979 3197604
3195974 3197600
3195970 3197599
3195966 3197597
3195965 3197596
3195961 3197595
3195960 3197594
3195958 3197593
3195956 3197590
3195954 3197590
3195954 3197589
3195955 3197591
3195954 3197590
3195953 3197590
3195953 3197590
3195954 3197590
3195954 3197588
3195954 3197591
3195956 3197592
3195955 3197590
3195957 3197592
3195958 3197590
3195959 3197591
3195958 3197592
3195959 3197591
3195957 3197589
3195958 3197593
3195959 3197591
3195958 3197591
3195958 3197591
3195957 3197591
3195955 3197590
3195956 3197590
3195956 3197590
3195955 3197590
3195955 3197591
3195956 3197589
3195955 3197591
3195955 3197590
3195954 3197590
3195953 3197591
3195955 3197591
3195955 3197589
3195956 3197590
3195957 3197590
3195956 3197590
3195957 3197593
3195961 3197592
3195961 3197593
3195961 3197594
3195961 3197592
3195963 3197593
3195963 3197593
3195965 3197597
3195967 3197595
3195969 3197597
3195969 3197596
3195969 3197596
3195970 3197597
3195972 3197598
3195973 3197601
3195972 3197599
3195976 3197601
3195976 3197601
3195977 3197603
3195979 3197603
3195979 3197602
3195981 3197603
3195983 3197605
3195983 3197605
3195985 3197606
3195985 3197606
3195985 3197607
3195987 3197607
3195988 3197609
3195990 3197610
3195989 3197609
3195988 3197609
3195991 3197610
3195994 3197611
3195995 3197611
3195998 3197614
3195999 3197613
3196000 3197614
3196000 3197615
3196003 3197617
3196004 3197618
3196004 3197619
3196004 3197619
3196004 3197619
3196009 3197620
3196009 3197620
3196009 3197622
3196007 3197620
3196002 3197618
3195997 3197616
3195993 3197615
3195988 3197613
3195982 3197610
3195980 3197608
3195977 3197605
3195972 3197604
3195969 3197603
3195966 3197601
3195964 3197600
3195962 3197599
3195961 3197599
3195960 3197597
3195958 3197596
3195957 3197596
3195956 3197594
3195953 3197595
3195955 3197594
3195953 3197594
3195954 3197594
3195952 3197592
3195955 3197595
3195954 3197595
3195956 3197595
3195956 3197596
3195955 3197596
3195957 3197595
3195958 3197595
3195958 3197596
3195957 3197595
3195957 3197595
3195957 3197596
3195957 3197596
3195956 3197595
3195956 3197593
3195956 3197595
3195955 3197594
3195954 3197595
3195956 3197594
3195956 3197595
3195953 3197596
3195955 3197594
3195954 3197596
3195956 3197596
3195957 3197596
3195958 3197597
3195958 3197600
3195961 3197599
3195962 3197602
3195964 3197604
3195966 3197605
3195967 3197606
3195970 3197608
3195972 3197608
3195973 3197608
3195972 3197610
3195976 3197612
3195976 3197612
3195979 3197616
3195982 3197616
3195983 3197617
3195986 3197619
3195989 3197621
3195988 3197622
3195991 3197623
3195991 3197624
3195996 3197626
3195997 3197627
3195999 3197629
3196000 3197628
3195999 3197627
3196003 3197629
3196004 3197632
3196005 3197631
3196007 3197632
3196005 3197634
3196007 3197634
3196008 3197635
3196010 3197637
3196013 3197638
3196013 3197639
3196015 3197640
3196017 3197640
3196019 3197641
3196018 3197641
3196021 3197642
3196023 3197644
3196025 3197646
3196026 3197645
3196026 3197646
3196028 3197648
3196030 3197648
3196030 3197649
3196033 3197652
3196034 3197653
3196036 3197654
3196039 3197655
3196039 3197657
3196042 3197657
3196045 3197659
3196047 3197660
3196048 3197659
3196051 3197662
3196051 3197663
3196050 3197661
3196044 3197660
3196039 3197658
3196036 3197659
3196031 3197654
3196029 3197654
3196023 3197650
3196021 3197648
3196015 3197648
3196011 3197646
3196010 3197643
3196006 3197645
3196003 3197640
3196003 3197641
3195998 3197640
3195998 3197640
3195999 3197639
3195998 3197640
3196000 3197641
3196001 3197641
3195999 3197641
3196000 3197640
3196000 3197641
3195999 3197641
3196000 3197641
3195999 3197641
3195999 3197641
3196001 3197643
3196001 3197642
3196002 3197642
3196001 3197642
3196002 3197641
3196002 3197641
3196002 3197643
3196001 3197642
3196001 3197640
3196002 3197641
3195998 3197641
3195999 3197640
3195999 3197640
3195997 3197638
3195996 3197639
3195997 3197638
3195997 3197637
3195995 3197639
3195994 3197639
3195994 3197636
3195996 3197637
3195997 3197638
3195999 3197642
3195999 3197638
3195998 3197639
3195999 3197640
3196001 3197641
3196003 3197642
3196002 3197641
3196005 3197641
3196005 3197642
3196007 3197643
3196007 3197643
3196009 3197644
3196008 3197644
3196011 3197645
3196012 3197648
3196013 3197645
3196015 3197649
3196016 3197647
3196017 3197650
3196018 3197649
3196020 3197649
3196021 3197651
3196022 3197652
3196024 3197653
3196023 3197653
3196026 3197653
3196027 3197654
3196028 3197655
3196028 3197655
3196030 3197655
3196031 3197658
3196031 3197656
3196033 3197658
3196034 3197660
3196037 3197661
3196037 3197662
3196038 3197661
3196040 3197662
3196042 3197662
3196043 3197664
3196044 3197665
3196045 3197666
3196045 3197666
3196047 3197666
3196048 3197667
3196050 3197667
3196052 3197671
3196053 3197672
3196055 3197671
3196055 3197669
3196055 3197670
3196059 3197673
3196061 3197672
3196060 3197674
3196062 3197673
3196065 3197676
3196067 3197677
3196069 3197678
3196069 3197679
3196072 3197680
3196073 3197680
3196076 3197681
3196078 3197683
3196078 3197683
3196074 3197682
3196070 3197681
3196066 3197679
3196060 3197677
3196055 3197673
3196051 3197672
3196044 3197669
3196041 3197668
3196037 3197665
3196033 3197661
3196029 3197660
3196026 3197660
3196024 3197658
3196023 3197658
3196021 3197655
3196018 3197655
3196019 3197653
3196017 3197654
3196017 3197653
3196016 3197652
3196015 3197650
3196016 3197649
3196014 3197651
3196013 3197650
3196014 3197651
3196014 3197648
3196014 3197650
3196014 3197649
3196015 3197648
3196015 3197649
3196014 3197648
3196014 3197649
3196014 3197647
3196014 3197647
3196014 3197647
3196012 3197647
3196014 3197649
3196013 3197647
3196010 3197646
3196010 3197645
3196009 3197642
3196008 3197644
3196008 3197643
3196008 3197645
3196007 3197643
3196007 3197643
3196007 3197644
3196009 3197643
3196006 3197644
3196008 3197645
3196011 3197643
3196011 3197644
3196011 3197644
3196011 3197645
3196012 3197647
3196017 3197648
3196015 3197646
3196017 3197647
3196016 3197647
3196018 3197648
3196018 3197648
3196021 3197650
3196021 3197648
3196021 3197652
3196025 3197649
3196026 3197653
3196028 3197653
3196028 3197655
3196031 3197655
3196031 3197655
3196032 3197654
3196033 3197656
3196032 3197655
3196034 3197656
3196034 3197657
3196036 3197658
3196037 3197659
3196039 3197659
3196038 3197661
3196042 3197661
3196043 3197662
3196043 3197662
3196045 3197663
3196046 3197664
3196045 3197663
3196047 3197665
3196048 3197664
3196050 3197667
3196052 3197667
3196053 3197667
3196054 3197668
3196054 3197670
3196056 3197671
3196060 3197673
3196061 3197672
3196062 3197673
3196063 3197673
3196062 3197672
3196065 3197673
3196067 3197673
3196067 3197674
3196069 3197676
3196072 3197677
3196074 3197679
3196076 3197679
3196076 3197680
3196077 3197680
3196075 3197681
3196073 3197678
3196068 3197677
3196065 3197672
3196059 3197670
3196053 3197669
3196047 3197665
3196042 3197662
3196039 3197661
3196035 3197660
3196033 3197659
3196030 3197658
3196027 3197654
3196024 3197654
3196023 3197653
3196021 3197653
3196023 3197653
3196020 3197651
3196021 3197652
3196020 3197651
3196021 3197650
3196020 3197651
3196020 3197650
3196022 3197650
3196022 3197650
3196021 3197651
3196022 3197650
3196024 3197652
3196024 3197652
3196027 3197651
3196023 3197652
3196026 3197653
3196026 3197650
3196024 3197651
3196024 3197649
3196022 3197648
3196022 3197649
3196021 3197649
3196022 3197646
3196020 3197647
3196019 3197646
3196017 3197646
3196018 3197647
3196017 3197646
3196016 3197645
3196018 3197646
3196016 3197645
3196018 3197645
3196017 3197644
3196017 3197647
3196019 3197648
3196021 3197645
3196022 3197645
3196021 3197646
3196022 3197646
3196022 3197647
3196021 3197647
3196023 3197647
3196024 3197647
3196024 3197646
3196024 3197644
3196024 3197646
3196024 3197645
3196026 3197647
3196026 3197643
3196025 3197645
3196028 3197645
3196028 3197645
3196029 3197645
3196031 3197647
3196032 3197647
3196034 3197648
3196032 3197645
3196034 3197646
3196035 3197649
3196035 3197648
3196034 3197646
3196035 3197647
3196036 3197648
3196035 3197646
3196036 3197646
3196035 3197646
3196035 3197645
3196037 3197645
3196036 3197646
3196038 3197645
3196041 3197648
3196043 3197648
3196041 3197648
3196042 3197649
3196043 3197649
3196043 3197648
3196046 3197649
3196048 3197650
3196047 3197650
3196046 3197649
3196048 3197647
3196047 3197648
3196046 3197647
3196043 3197646
3196039 3197642
3196031 3197638
3196026 3197635
3196020 3197630
3196013 3197626
3196006 3197622
3196000 3197618
3195995 3197615
3195991 3197614
3195987 3197611
3195984 3197610
3195981 3197608
3195978 3197607
3195975 3197605
3195975 3197602
3195972 3197602
3195971 3197600
3195969 3197599
3195969 3197600
3195967 3197599
3195968 3197598
3195967 3197598
3195966 3197598
3195968 3197596
3195968 3197596
3195965 3197596
3195968 3197596
3195969 3197596
3195969 3197595
3195969 3197594
3195968 3197596
3195966 3197595
3195967 3197593
3195967 3197592
3195965 3197592
3195966 3197593
3195964 3197592
3195961 3197589
3195960 3197589
3195959 3197588
3195959 3197589
3195957 3197587
3195958 3197588
3195958 3197588
3195958 3197585
3195957 3197587
3195959 3197586
3195956 3197586
3195959 3197586
3195959 3197587
3195960 3197586
3195960 3197586
3195959 3197587
3195962 3197588
3195961 3197587
3195961 3197588
3195964 3197589
3195965 3197588
3195964 3197588
3195966 3197589
3195966 3197589
3195968 3197591
3195970 3197590
3195970 3197591
3195973 3197592
3195973 3197591
3195974 3197594
3195977 3197593
3195976 3197593
3195978 3197593
3195979 3197595
3195979 3197596
3195978 3197596
3195981 3197597
3195982 3197595
3195984 3197597
3195983 3197598
3195986 3197599
3195985 3197598
3195985 3197599
3195990 3197599
3195990 3197602
3195988 3197600
3195991 3197600
3195994 3197603
3195995 3197603
3195996 3197605
3195998 3197605
3195999 3197605
3196000 3197606
3196001 3197607
3196001 3197607
3196001 3197608
3196002 3197608
3196004 3197608
3196004 3197609
3196006 3197610
3196006 3197610
3196007 3197611
3196010 3197613
3196011 3197611
3196012 3197614
3196016 3197614
3196017 3197615
3196018 3197616
3196019 3197617
3196021 3197617
3196023 3197617
3196020 3197618
3196018 3197617
3196010 3197616
3196006 3197612
3196001 3197608
3195995 3197607
3195988 3197603
3195984 3197600
3195979 3197598
3195976 3197598
3195972 3197595
3195967 3197594
3195964 3197591
3195962 3197591
3195960 3197589
3195960 3197589
3195958 3197588
3195956 3197585
3195955 3197587
3195956 3197586
3195954 3197585
3195950 3197583
3195950 3197582
3195950 3197581
3195951 3197582
3195950 3197583
3195952 3197582
3195953 3197581
3195953 3197583
3195953 3197582
3195954 3197582
3195955 3197582
3195954 3197582
3195953 3197582
3195954 3197583
3195954 3197582
3195950 3197581
3195952 3197580
3195950 3197581
3195950 3197580
3195950 3197580
3195948 3197579
3195948 3197577
3195946 3197578
3195947 3197578
3195946 3197579
3195947 3197579
3195946 3197579
3195945 3197579
3195947 3197579
3195947 3197579
3195948 3197578
3195949 3197579
3195948 3197579
3195950 3197579
3195949 3197579
3195951 3197578
3195951 3197579
3195952 3197579
3195953 3197579
3195957 3197581
3195957 3197582
3195957 3197582
3195958 3197584
3195958 3197584
3195959 3197583
3195962 3197585
3195962 3197585
3195963 3197585
3195967 3197586
3195968 3197588
3195968 3197587
3195966 3197588
3195969 3197587
3195972 3197589
3195973 3197590
3195973 3197590
3195976 3197592
3195977 3197594
3195977 3197595
3195979 3197593
3195980 3197593
3195982 3197595
3195980 3197596
3195981 3197595
3195984 3197596
3195983 3197597
3195984 3197596
3195986 3197598
3195987 3197599
3195988 3197599
3195988 3197602
3195990 3197601
3195992 3197602
3195994 3197601
3195992 3197602
3195993 3197603
3195995 3197604
3195997 3197605
3195998 3197607
3196001 3197606
3196001 3197607
3196002 3197607
3196005 3197609
3196005 3197609
3196005 3197611
3196009 3197612
3196012 3197612
3196012 3197613
3196015 3197615
3196017 3197614
3196018 3197615
3196017 3197615
3196016 3197615
3196015 3197614
3196014 3197613
3196010 3197610
3196002 3197607
3195998 3197605
3195991 3197602
3195987 3197600
3195982 3197598
3195977 3197595
3195972 3197592
3195969 3197592
3195966 3197589
3195964 3197589
3195963 3197587
3195962 3197586
3195960 3197584
3195958 3197585
3195957 3197583
3195957 3197583
3195956 3197583
3195957 3197582
3195956 3197580
3195956 3197582
3195955 3197581
3195958 3197582
3195957 3197581
3195957 3197580
3195958 3197582
3195958 3197580
3195959 3197581
3195959 3197581
3195958 3197580
3195959 3197579
3195959 3197579
3195958 3197580
3195959 3197578
3195956 3197579
3195955 3197577
3195955 3197576
3195954 3197576
3195954 3197576
3195952 3197574
3195952 3197575
3195952 3197575
3195951 3197575
3195952 3197576
3195952 3197575
3195952 3197575
3195952 3197575
3195952 3197575
3195953 3197573
3195954 3197575
3195953 3197576
3195955 3197575
3195955 3197576
3195955 3197576
3195957 3197576
3195959 3197576
3195960 3197576
3195961 3197577
3195961 3197577
3195963 3197578
3195964 3197579
3195966 3197580
3195967 3197579
3195968 3197581
3195968 3197581
3195969 3197581
3195970 3197581
3195973 3197581
3195972 3197582
3195973 3197583
3195975 3197584
3195976 3197583
3195976 3197583
3195977 3197585
3195981 3197584
3195978 3197586
3195981 3197587
3195983 3197586
3195982 3197588
3195983 3197587
3195986 3197590
3195987 3197590
3195988 3197589
3195986 3197590
3195990 3197592
3195989 3197592
3195991 3197594
3195992 3197593
3195995 3197595
3195996 3197595
3195996 3197594
3195999 3197596
3195999 3197597
3196000 3197599
3196002 3197600
3196003 3197601
3196005 3197602
3196005 3197601
3196008 3197603
3196010 3197605
3196010 3197605
3196013 3197605
3196014 3197607
3196015 3197607
3196015 3197607
3196013 3197605
3196009 3197606
3196005 3197603
3196000 3197600
3195997 3197599
3195991 3197597
3195989 3197596
3195984 3197594
3195980 3197591
3195977 3197591
3195976 3197589
3195974 3197588
3195972 3197589
3195972 3197588
3195970 3197586
3195971 3197587
3195970 3197588
3195971 3197587
3195971 3197586
3195971 3197586
3195973 3197588
3195972 3197585
3195973 3197586
3195974 3197588
3195976 3197589
3195977 3197588
3195977 3197589
3195979 3197589
3195978 3197590
3195980 3197589
3195980 3197589
3195979 3197588
3195979 3197589
3195979 3197589
3195978 3197589
3195977 3197588
3195976 3197587
3195977 3197588
3195975 3197587
3195975 3197585
3195975 3197587
3195976 3197588
3195974 3197587
3195976 3197586
3195976 3197588
3195974 3197587
3195976 3197586
3195976 3197586
3195976 3197587
3195976 3197586
3195978 3197587
3195980 3197589
3195979 3197587
3195982 3197589
3195982 3197588
3195982 3197589
3195986 3197590
3195987 3197591
3195987 3197592
3195992 3197593
3195992 3197592
3195990 3197594
3195994 3197593
3195995 3197595
3195995 3197598
3195997 3197599
3195999 3197597
3196000 3197598
3196001 3197599
3196002 3197597
3196003 3197601
3196004 3197601
3196005 3197601
3196007 3197600
3196008 3197602
3196007 3197602
3196011 3197605
3196011 3197606
3196013 3197606
3196014 3197606
3196014 3197607
3196016 3197607
3196016 3197609
3196018 3197610
3196021 3197611
3196022 3197612
3196025 3197611
3196025 3197612
3196026 3197613
3196028 3197612
3196027 3197613
3196030 3197614
3196030 3197614
3196028 3197611
3196029 3197612
3196030 3197613
3196030 3197613
3196029 3197614
3196031 3197614
3196030 3197613
3196027 3197610
3196023 3197609
3196019 3197606
3196015 3197604
3196010 3197605
3196007 3197603
3196002 3197600
3195998 3197597
3195995 3197597
3195993 3197594
3195989 3197594
3195986 3197591
3195984 3197592
3195983 3197589
3195982 3197588
3195980 3197588
3195979 3197587
3195978 3197587
3195978 3197587
3195975 3197586
3195974 3197584
3195974 3197583
3195973 3197583
3195974 3197583
3195975 3197582
3195974 3197585
3195976 3197584
3195976 3197583
3195976 3197584
3195976 3197584
3195978 3197582
3195980 3197583
3195977 3197584
3195980 3197585
3195980 3197585
3195979 3197582
3195979 3197582
3195976 3197582
3195973 3197579
3195974 3197579
3195974 3197578
3195972 3197579
3195973 3197580
3195972 3197579
3195972 3197577
3195972 3197577
3195972 3197579
3195974 3197577
3195973 3197576
3195972 3197576
3195974 3197578
3195975 3197576
3195974 3197576
3195976 3197576
3195976 3197577
3195975 3197577
3195979 3197576
3195980 3197576
3195980 3197577
3195981 3197579
3195981 3197580
3195983 3197579
3195982 3197578
3195984 3197580
3195983 3197580
3195986 3197580
3195987 3197581
3195990 3197583
3195991 3197582
3195992 3197582
3195992 3197583
3195993 3197583
3195994 3197584
3195996 3197587
3195997 3197586
3195996 3197586
3195998 3197588
3196000 3197587
3196001 3197588
3196002 3197588
3196001 3197588
3196002 3197588
3196005 3197590
3196005 3197590
3196006 3197591
3196007 3197591
3196007 3197591
3196011 3197593
3196012 3197592
3196011 3197593
3196013 3197595
3196012 3197594
3196013 3197595
3196015 3197597
3196016 3197596
3196016 3197597
3196018 3197597
3196019 3197600
3196022 3197601
3196024 3197601
3196024 3197601
3196024 3197603
3196027 3197603
3196028 3197603
3196031 3197603
3196031 3197606
3196033 3197605
3196033 3197606
3196030 3197605
3196027 3197603
3196022 3197600
3196016 3197599
3196013 3197595
3196007 3197594
3196004 3197592
3195997 3197588
3195992 3197587
3195987 3197585
3195985 3197582
3195983 3197580
3195980 3197579
3195978 3197578
3195976 3197577
3195973 3197576
3195973 3197576
3195973 3197573
3195971 3197573
3195970 3197574
3195969 3197571
3195969 3197571
3195969 3197570
3195968 3197570
3195968 3197568
3195968 3197570
3195968 3197570
3195968 3197569
3195967 3197569
3195969 3197570
3195970 3197569
3195968 3197569
3195969 3197570
3195967 3197568
3195967 3197569
3195968 3197569
3195967 3197568
3195966 3197566
3195965 3197566
3195963 3197564
3195963 3197564
3195962 3197564
3195961 3197564
3195963 3197564
3195961 3197566
3195960 3197565
3195960 3197564
3195960 3197564
3195963 3197565
3195962 3197563
3195962 3197564
3195965 3197564
3195964 3197566
3195965 3197566
3195965 3197565
3195967 3197566
3195966 3197566
3195966 3197565
3195969 3197565
3195971 3197566
3195969 3197567
3195971 3197568
3195972 3197568
3195971 3197566
3195974 3197569
3195975 3197569
3195975 3197569
3195978 3197571
3195977 3197571
3195978 3197571
3195980 3197572
3195981 3197574
3195983 3197572
3195983 3197573
3195985 3197575
3195985 3197574
3195985 3197575
3195987 3197576
3195989 3197578
3195988 3197576
3195990 3197576
3195991 3197578
3195993 3197578
3195994 3197578
3195994 3197578
3195994 3197580
3195996 3197581
3195996 3197580
3195997 3197581
3195999 3197583
3195999 3197582
3195999 3197582
3196001 3197585
3196004 3197584
3196006 3197585
3196005 3197585
3196008 3197585
3196008 3197589
3196010 3197589
3196009 3197588
3196012 3197590
3196014 3197591
3196015 3197593
3196017 3197595
3196019 3197593
3196020 3197596
3196022 3197598
3196024 3197597
3196025 3197599
3196029 3197601
3196028 3197600
3196027 3197601
3196027 3197599
3196023 3197597
3196017 3197595
3196011 3197591
3196008 3197591
3196002 3197587
3195998 3197587
3195992 3197587
3195990 3197584
3195986 3197583
3195982 3197580
3195983 3197582
3195979 3197582
3195976 3197581
3195975 3197579
3195974 3197579
3195974 3197578
3195975 3197579
3195971 3197578
3195972 3197575
3195969 3197576
3195969 3197574
3195968 3197574
3195967 3197574
3195968 3197573
3195970 3197574
3195970 3197574
3195968 3197572
3195970 3197573
3195972 3197571
3195969 3197573
3195971 3197570
3195969 3197570
3195969 3197570
3195966 3197568
3195965 3197566
3195965 3197565
3195963 3197564
3195962 3197563
3195960 3197562
3195960 3197560
3195959 3197560
3195957 3197561
3195957 3197559
3195956 3197559
3195955 3197558
3195954 3197556
3195954 3197557
3195955 3197556
3195955 3197556
3195955 3197556
3195956 3197556
3195955 3197556
3195956 3197555
3195955 3197556
3195958 3197556
3195958 3197554
3195957 3197555
3195959 3197556
3195960 3197557
3195961 3197555
3195962 3197556
3195962 3197556
3195965 3197558
3195965 3197557
3195965 3197558
3195966 3197557
3195967 3197557
3195967 3197558
3195968 3197558
3195969 3197557
3195970 3197560
3195973 3197560
3195972 3197560
3195974 3197561
3195973 3197561
3195974 3197562
3195976 3197561
3195976 3197561
3195976 3197563
3195979 3197564
3195978 3197561
3195982 3197562
3195981 3197565
3195982 3197565
3195983 3197566
3195982 3197565
3195986 3197569
3195987 3197567
3195987 3197567
3195988 3197566
3195989 3197568
3195992 3197569
3195993 3197569
3195992 3197571
3195995 3197571
3195993 3197572
3195997 3197571
3195997 3197572
3195998 3197575
3196000 3197574
3196000 3197575
3196003 3197578
3196004 3197577
3196005 3197579
3196009 3197579
3196007 3197580
3196010 3197582
3196011 3197582
3196012 3197581
3196014 3197582
3196013 3197583
3196012 3197582
3196011 3197581
3196006 3197578
3196000 3197578
3195994 3197574
3195991 3197573
3195986 3197570
3195982 3197568
3195976 3197566
3195974 3197564
3195971 3197560
3195967 3197561
3195963 3197560
3195962 3197557
3195962 3197558
3195958 3197556
3195959 3197557
3195958 3197556
3195958 3197555
3195958 3197554
3195958 3197553
3195957 3197553
3195956 3197554
3195958 3197553
3195959 3197554
3195960 3197556
3195962 3197557
3195965 3197556
3195964 3197557
3195965 3197555
3195964 3197555
3195963 3197557
3195963 3197554
3195961 3197553
3195962 3197554
3195959 3197553
3195959 3197553
3195958 3197554
3195958 3197553
3195958 3197552
3195957 3197551
3195955 3197552
3195956 3197550
3195953 3197553
3195956 3197551
3195956 3197551
3195954 3197550
3195954 3197549
3195955 3197551
3195957 3197551
3195956 3197549
3195957 3197551
3195957 3197551
3195958 3197551
3195957 3197552
3195960 3197553
3195960 3197553
3195962 3197553
3195961 3197553
3195962 3197555
3195964 3197555
3195965 3197555
3195967 3197558
3195968 3197559
3195969 3197557
3195970 3197559
3195972 3197559
3195972 3197560
3195973 3197560
3195973 3197560
3195976 3197560
3195977 3197562
3195979 3197562
3195981 3197565
3195981 3197564
3195982 3197566
3195983 3197567
3195985 3197569
3195986 3197569
3195987 3197570
3195989 3197571
3195990 3197570
3195990 3197571
3195992 3197571
3195991 3197572
3195993 3197572
3195994 3197574
3195995 3197575
3195997 3197574
3195997 3197576
3195998 3197576
3196000 3197579
3196000 3197580
3196003 3197580
3196006 3197580
3196006 3197582
3196008 3197584
3196011 3197586
3196009 3197587
3196011 3197586
3196014 3197587
3196016 3197588
3196016 3197589
3196014 3197589
3196011 3197586
3196008 3197585
3196002 3197582
3195996 3197581
3195992 3197577
3195987 3197574
3195983 3197574
3195980 3197570
3195975 3197570
3195973 3197569
3195969 3197567
3195966 3197565
3195966 3197563
3195964 3197564
3195963 3197562
3195962 3197561
3195960 3197561
3195961 3197561
3195958 3197562
3195959 3197560
3195959 3197560
3195960 3197560
3195961 3197562
3195961 3197560
3195961 3197560
3195962 3197561
3195964 3197562
3195966 3197562
3195965 3197560
3195963 3197560
3195965 3197561
3195965 3197561
3195965 3197561
3195964 3197561
3195966 3197560
3195963 3197560
3195963 3197560
3195962 3197558
3195962 3197560
3195963 3197557
3195961 3197558
3195961 3197557
3195960 3197557
3195961 3197558
3195958 3197557
3195961 3197559
3195961 3197559
3195964 3197559
3195964 3197560
3195964 3197561
3195964 3197561
3195965 3197562
3195967 3197561
3195968 3197562
3195969 3197562
3195967 3197563
3195971 3197564
3195972 3197565
3195974 3197566
3195975 3197565
3195976 3197567
3195976 3197567
3195977 3197568
3195978 3197566
3195981 3197568
3195982 3197569
3195982 3197569
3195985 3197570
3195987 3197570
3195987 3197571
3195989 3197573
3195989 3197572
3195991 3197575
3195992 3197574
3195992 3197576
3195992 3197576
3195995 3197577
3195997 3197577
3195999 3197579
3195998 3197580
3196001 3197580
3196001 3197580
3196003 3197584
3196004 3197582
3196005 3197584
3196005 3197585
3196008 3197585
3196009 3197586
3196011 3197587
3196011 3197587
3196012 3197588
3196015 3197591
3196015 3197589
3196019 3197592
3196018 3197589
3196019 3197592
3196019 3197593
3196022 3197594
3196025 3197593
3196026 3197595
3196025 3197595
3196029 3197598
3196029 3197598
3196033 3197600
3196032 3197600
3196036 3197603
3196036 3197604
3196039 3197603
3196041 3197605
3196041 3197606
3196040 3197605
3196040 3197606
3196038 3197605
3196032 3197602
3196029 3197598
3196023 3197596
3196016 3197594
3196012 3197592
3196007 3197590
3196002 3197585
3196000 3197586
3195998 3197584
3195994 3197583
3195991 3197582
3195989 3197580
3195988 3197579
3195987 3197579
3195987 3197579
3195986 3197579
3195984 3197577
3195984 3197577
3195984 3197576
3195983 3197575
3195984 3197575
3195983 3197576
3195984 3197575
3195986 3197575
3195984 3197575
3195983 3197575
3195987 3197576
3195987 3197575
3195989 3197578
3195989 3197578
3195988 3197578
3195989 3197578
3195989 3197578
3195987 3197577
3195988 3197577
3195986 3197576
3195987 3197578
3195986 3197578
3195984 3197577
3195984 3197577
3195985 3197578
3195986 3197576
3195986 3197576
3195983 3197576
3195983 3197576
3195984 3197575
3195985 3197575
3195984 3197577
3195985 3197577
3195985 3197576
3195985 3197576
3195988 3197576
3195989 3197577
3195988 3197577
3195988 3197578
3195990 3197578
3195992 3197579
3195992 3197581
3195995 3197580
3195997 3197583
3195997 3197582
3195997 3197581
3195999 3197583
3195998 3197582
3196000 3197582
3196002 3197582
3196002 3197585
3196003 3197583
3196002 3197585
3196005 3197585
3196008 3197587
3196007 3197587
3196009 3197588
3196011 3197588
3196013 3197590
3196012 3197589
3196014 3197589
3196015 3197590
3196017 3197591
3196016 3197590
3196020 3197593
3196021 3197592
3196020 3197593
3196020 3197594
3196021 3197593
3196024 3197596
3196026 3197597
3196027 3197597
3196027 3197598
3196030 3197600
3196031 3197601
3196032 3197602
3196032 3197603
3196034 3197606
3196035 3197603
3196038 3197603
3196039 3197606
3196041 3197607
3196040 3197607
3196044 3197610
3196045 3197609
3196047 3197610
3196048 3197610
3196051 3197614
3196051 3197613
3196053 3197615
3196054 3197617
3196057 3197618
3196062 3197617
3196061 3197620
3196062 3197620
3196063 3197620
3196061 3197619
3196061 3197617
3196054 3197616
3196051 3197615
3196044 3197612
3196041 3197609
3196037 3197609
3196032 3197606
3196026 3197602
3196024 3197602
3196020 3197600
3196015 3197598
3196014 3197595
3196009 3197594
3196010 3197594
3196006 3197592
3196005 3197591
3196005 3197590
3196004 3197589
3196004 3197589
3196002 3197586
3196002 3197587
3196001 3197588
3196002 3197589
3196002 3197586
3196001 3197586
3196000 3197587
3196003 3197586
3196002 3197585
3196003 3197587
3196003 3197587
3196004 3197586
3196005 3197586
3196003 3197586
3196004 3197586
3196004 3197584
3196002 3197586
3196001 3197584
3196000 3197586
3196000 3197585
3196000 3197583
3195999 3197583
3195999 3197583
3195998 3197583
3195998 3197582
3195995 3197581
3195997 3197582
3195996 3197582
3195998 3197581
3195998 3197582
3195998 3197583
3195997 3197581
3195999 3197581
3195998 3197583
3196001 3197582
3196000 3197583
3196001 3197583
3196001 3197582
3196001 3197584
3196004 3197583
3196004 3197584
3196007 3197583
3196007 3197586
3196009 3197586
3196010 3197587
3196010 3197585
3196010 3197586
3196012 3197587
3196013 3197587
3196012 3197588
3196014 3197589
3196016 3197589
3196017 3197590
3196019 3197591
3196020 3197591
3196022 3197592
3196021 3197591
3196021 3197591
3196025 3197594
3196025 3197594
3196028 3197594
3196027 3197595
3196029 3197595
3196029 3197597
3196030 3197596
3196031 3197598
3196033 3197599
3196034 3197600
3196035 3197601
3196034 3197599
3196037 3197602
3196040 3197604
3196039 3197604
3196042 3197604
3196041 3197604
3196045 3197605
3196046 3197608
3196046 3197607
3196049 3197608
3196049 3197608
3196050 3197609
3196053 3197611
3196052 3197611
3196054 3197612
3196056 3197615
3196057 3197615
3196059 3197616
3196061 3197615
3196063 3197617
3196064 3197618
3196064 3197619
3196067 3197621
3196069 3197623
3196070 3197621
3196072 3197621
3196071 3197622
3196070 3197624
3196067 3197622
3196065 3197621
3196060 3197620
3196055 3197617
3196050 3197614
3196043 3197613
3196040 3197610
3196035 3197607
3196032 3197604
3196027 3197604
3196024 3197600
3196021 3197600
3196019 3197599
3196018 3197598
3196017 3197598
3196015 3197598
3196015 3197597
3196015 3197597
3196016 3197595
3196016 3197595
3196015 3197593
3196015 3197593
3196016 3197595
3196017 3197593
3196016 3197594
3196019 3197595
3196017 3197594
3196018 3197595
3196020 3197596
3196019 3197594
3196019 3197595
3196018 3197595
3196017 3197595
3196018 3197595
3196017 3197593
3196015 3197591
3196013 3197592
3196012 3197590
3196013 3197591
3196010 3197589
3196011 3197590
3196009 3197587
3196008 3197588
3196007 3197586
3196006 3197586
3196006 3197586
3196007 3197586
3196005 3197583
3196009 3197585
3196004 3197583
3196006 3197585
3196006 3197585
3196006 3197583
3196005 3197583
3196006 3197584
3196008 3197585
3196008 3197585
3196009 3197585
3196010 3197585
3196011 3197585
3196013 3197585
3196014 3197586
3196015 3197587
3196014 3197585
3196016 3197586
3196017 3197587
3196017 3197587
3196019 3197588
3196017 3197586
3196018 3197587
3196019 3197587
3196020 3197588
3196020 3197588
3196022 3197589
3196020 3197587
3196020 3197589
3196020 3197589
3196022 3197588
3196024 3197589
3196026 3197590
3196027 3197590
3196025 3197591
3196027 3197589
3196028 3197591
3196029 3197593
3196029 3197593
3196031 3197594
3196033 3197596
3196034 3197597
3196034 3197596
3196036 3197598
3196039 3197599
3196039 3197602
3196039 3197603
3196042 3197602
3196044 3197603
3196043 3197605
3196046 3197606
3196047 3197606
3196047 3197606
3196048 3197606
3196046 3197605
3196046 3197605
3196043 3197604
3196036 3197601
3196030 3197599
3196025 3197596
3196020 3197594
3196017 3197592
3196011 3197590
3196005 3197587
3196005 3197585
3196000 3197584
3195997 3197581
3195996 3197581
3195993 3197578
3195993 3197578
3195992 3197576
3195990 3197575
3195988 3197576
3195988 3197576
3195987 3197575
3195989 3197575
3195990 3197576
3195990 3197574
3195988 3197574
3195990 3197575
3195989 3197575
3195993 3197575
3195991 3197575
3195991 3197574
3195992 3197577
3195992 3197574
3195990 3197576
3195991 3197576
3195990 3197573
3195990 3197573
3195989 3197570
3195986 3197572
3195987 3197572
3195985 3197570
3195983 3197570
3195984 3197570
3195983 3197570
3195985 3197571
3195983 3197569
3195982 3197569
3195984 3197570
3195984 3197570
3195985 3197569
3195984 3197570
3195985 3197569
3195985 3197571
3195984 3197570
3195985 3197571
3195984 3197571
3195986 3197570
3195986 3197571
3195987 3197572
3195989 3197572
3195991 3197572
3195991 3197574
3195994 3197574
3195995 3197574
3195996 3197575
3195995 3197575
3195998 3197576
3195999 3197576
3196000 3197576
3196001 3197579
3196002 3197577
3196001 3197579
3196004 3197580
3196006 3197580
3196006 3197579
3196007 3197581
3196008 3197581
3196007 3197583
3196010 3197581
3196011 3197581
3196013 3197583
3196013 3197584
3196013 3197584
3196016 3197586
3196018 3197586
3196017 3197587
3196016 3197586
3196020 3197588
3196020 3197588
3196020 3197589
3196021 3197590
3196022 3197590
3196023 3197591
3196026 3197594
3196027 3197592
3196027 3197593
3196028 3197595
3196029 3197595
3196032 3197597
3196033 3197596
3196035 3197597
3196036 3197600
3196039 3197600
3196039 3197600
3196042 3197600
3196043 3197602
3196042 3197602
3196042 3197603
3196038 3197601
3196035 3197598
3196030 3197597
3196024 3197594
3196018 3197591
3196014 3197589
3196006 3197586
3196002 3197582
3195998 3197582
3195994 3197580
3195989 3197576
3195986 3197576
3195983 3197572
3195980 3197572
3195978 3197571
3195977 3197570
3195976 3197568
3195973 3197566
3195974 3197568
3195974 3197567
3195972 3197567
3195969 3197565
3195968 3197565
3195970 3197563
3195969 3197565
3195967 3197564
3195970 3197563
3195969 3197562
3195969 3197564
3195968 3197563
3195969 3197562
3195970 3197562
3195968 3197560
3195970 3197562
3195967 3197560
3195966 3197559
3195964 3197560
3195963 3197560
3195962 3197558
3195962 3197558
3195960 3197557
3195961 3197558
3195960 3197557
3195960 3197555
3195960 3197556
3195957 3197555
3195958 3197556
3195959 3197556
3195959 3197556
3195960 3197556
3195958 3197556
3195959 3197555
3195961 3197555
3195960 3197557
3195960 3197556
3195962 3197556
3195964 3197557
3195964 3197558
3195964 3197558
3195965 3197559
3195966 3197559
3195968 3197560
3195967 3197561
3195969 3197560
3195969 3197559
3195972 3197559
3195973 3197563
3195975 3197563
3195976 3197566
3195978 3197564
3195980 3197567
3195980 3197568
3195982 3197567
3195984 3197569
3195984 3197571
3195986 3197570
3195985 3197571
3195985 3197570
3195987 3197573
3195990 3197574
3195989 3197574
3195990 3197575
3195991 3197577
3195993 3197576
3195993 3197576
3195994 3197577
3195996 3197579
3195996 3197579
3195998 3197579
3195999 3197582
3195999 3197581
3196001 3197583
3196003 3197582
3196004 3197583
3196005 3197586
3196005 3197584
3196008 3197587
3196007 3197587
3196010 3197588
3196012 3197589
3196013 3197589
3196014 3197591
3196014 3197590
3196016 3197590
3196015 3197591
3196018 3197592
3196018 3197592
3196021 3197592
3196021 3197592
3196024 3197596
3196025 3197594
3196027 3197596
3196028 3197596
3196028 3197598
3196030 3197597
3196025 3197594
3196021 3197592
3196015 3197589
3196011 3197590
3196006 3197584
3195999 3197582
3195996 3197581
3195988 3197577
3195982 3197575
3195980 3197573
3195974 3197571
3195974 3197569
3195970 3197568
3195968 3197567
3195966 3197566
3195965 3197564
3195961 3197562
3195962 3197563
3195959 3197561
3195959 3197559
3195958 3197559
3195958 3197559
3195957 3197557
3195957 3197557
3195956 3197560
3195957 3197559
3195959 3197559
3195958 3197559
3195958 3197560
3195959 3197559
3195960 3197559
3195959 3197559
3195958 3197558
3195960 3197558
3195957 3197559
3195956 3197557
3195955 3197557
3195955 3197556
3195953 3197556
3195953 3197555
3195951 3197555
3195952 3197555
3195952 3197554
3195949 3197554
3195949 3197553
3195949 3197555
3195948 3197554
3195950 3197554
3195949 3197553
3195950 3197554
3195950 3197555
3195950 3197556
3195951 3197556
3195952 3197554
3195953 3197556
3195956 3197557
3195956 3197559
3195956 3197560
3195959 3197559
3195960 3197558
3195960 3197559
3195962 3197559
3195962 3197561
3195964 3197562
3195964 3197564
3195967 3197563
3195966 3197563
3195968 3197564
3195968 3197563
3195971 3197566
3195971 3197565
3195973 3197566
3195973 3197568
3195974 3197567
3195975 3197567
3195975 3197569
3195975 3197569
3195978 3197569
3195977 3197568
3195979 3197573
3195979 3197573
3195981 3197572
3195984 3197574
3195985 3197574
3195986 3197574
3195987 3197574
3195989 3197575
3195989 3197576
3195989 3197577
3195991 3197577
3195991 3197577
3195993 3197580
3195994 3197580
3195997 3197581
3195997 3197582
3195997 3197584
3196001 3197585
3196002 3197586
3196003 3197587
3196006 3197588
3196007 3197587
3196007 3197588
3196009 3197590
3196011 3197591
3196014 3197592
3196015 3197593
3196015 3197593
3196017 3197595
3196019 3197597
3196021 3197599
3196024 3197599
3196024 3197600
3196026 3197601
3196029 3197603
3196030 3197602
3196032 3197605
3196033 3197608
3196036 3197606
3196034 3197607
3196034 3197607
3196031 3197606
3196027 3197604
3196023 3197602
3196017 3197599
3196010 3197597
3196008 3197594
3196004 3197595
3195998 3197591
3195995 3197590
3195992 3197588
3195988 3197585
3195987 3197586
3195985 3197585
3195984 3197585
3195982 3197583
3195983 3197583
3195981 3197583
3195981 3197582
3195981 3197582
3195980 3197582
3195980 3197581
3195980 3197581
3195982 3197583
3195982 3197583
3195983 3197582
3195985 3197582
3195985 3197583
3195985 3197584
3195987 3197584
3195988 3197584
3195985 3197585
3195987 3197586
3195985 3197584
3195985 3197584
3195985 3197584
3195984 3197584
3195985 3197583
3195986 3197582
3195984 3197582
3195983 3197582
3195984 3197582
3195980 3197582
3195981 3197582
3195981 3197581
3195981 3197582
3195983 3197582
3195977 3197580
3195980 3197580
3195982 3197581
3195981 3197583
3195981 3197582
3195984 3197584
3195983 3197582
3195982 3197583
3195984 3197582
3195987 3197584
3195987 3197584
3195988 3197587
3195989 3197587
3195991 3197587
3195992 3197589
3195994 3197588
3195995 3197590
3195996 3197589
3195996 3197592
3195999 3197591
3195999 3197590
3196002 3197593
3196002 3197594
3196002 3197596
3196002 3197596
3196006 3197597
3196005 3197596
3196007 3197598
3196007 3197596
3196008 3197600
3196010 3197600
3196011 3197602
3196013 3197601
3196013 3197601
3196015 3197604
3196016 3197605
3196017 3197606
3196019 3197606
3196020 3197607
3196021 3197607
3196021 3197609
3196022 3197610
3196024 3197612
3196027 3197611
3196027 3197613
3196030 3197612
3196030 3197615
3196031 3197614
3196033 3197617
3196032 3197616
3196036 3197617
3196037 3197619
3196040 3197620
3196040 3197622
3196041 3197622
3196044 3197623
3196044 3197624
3196046 3197626
3196049 3197626
3196052 3197628
3196051 3197628
3196050 3197628
3196046 3197628
3196043 3197625
3196041 3197623
3196034 3197622
3196029 3197620
3196026 3197618
3196021 3197617
3196017 3197615
3196015 3197615
3196010 3197612
3196010 3197611
3196008 3197610
3196008 3197609
3196006 3197608
3196004 3197607
3196004 3197607
3196001 3197607
3196002 3197607
3196003 3197608
3196002 3197606
3196003 3197607
3196002 3197608
3196001 3197608
3196005 3197607
3196004 3197607
3196006 3197609
3196007 3197608
3196007 3197609
3196008 3197610
3196008 3197609
3196008 3197609
3196009 3197611
3196009 3197609
3196008 3197610
3196007 3197609
3196007 3197607
3196006 3197607
3196005 3197608
3196007 3197609
3196005 3197607
3196004 3197607
3196003 3197607
3196006 3197608
3196005 3197609
3196006 3197610
3196005 3197609
3196005 3197609
3196007 3197611
3196008 3197610
3196008 3197610
3196008 3197610
3196010 3197610
3196010 3197612
3196011 3197613
3196014 3197612
3196014 3197613
3196015 3197615
3196016 3197616
3196016 3197615
3196020 3197616
3196019 3197619
3196021 3197618
3196023 3197618
3196023 3197618
3196024 3197622
3196026 3197621
3196028 3197620
3196027 3197622
3196029 3197623
3196031 3197623
3196032 3197623
3196032 3197622
3196034 3197625
3196034 3197626
3196036 3197627
3196037 3197627
3196035 3197627
3196036 3197628
3196034 3197627
3196038 3197629
3196040 3197631
3196041 3197631
3196044 3197632
3196046 3197633
3196047 3197632
3196048 3197634
3196049 3197632
3196049 3197631
3196048 3197633
3196048 3197635
3196048 3197632
3196048 3197634
3196049 3197633
3196052 3197636
3196053 3197634
3196054 3197636
3196057 3197638
3196059 3197640
3196063 3197642
3196062 3197641
3196065 3197643
3196066 3197645
3196068 3197645
3196072 3197646
3196070 3197650
3196075 3197651
3196076 3197651
3196079 3197653
3196078 3197655
3196081 3197656
3196083 3197656
3196086 3197657
3196084 3197656
3196084 3197655
3196084 3197655
3196081 3197654
3196077 3197651
3196070 3197648
3196064 3197647
3196062 3197645
3196055 3197642
3196050 3197638
3196046 3197637
3196043 3197636
3196038 3197633
3196037 3197632
3196034 3197631
3196034 3197630
3196031 3197630
3196030 3197629
3196030 3197626
3196028 3197624
3196026 3197623
3196025 3197624
3196026 3197623
3196023 3197620
3196024 3197620
3196022 3197620
3196022 3197620
3196023 3197619
3196023 3197619
3196022 3197618
3196021 3197618
3196022 3197619
3196021 3197617
3196023 3197619
3196024 3197618
3196023 3197617
3196021 3197616
3196021 3197618
3196020 3197615
3196020 3197615
3196020 3197616
3196019 3197614
3196019 3197614
3196016 3197615
3196017 3197614
3196018 3197613
3196015 3197614
3196016 3197614
3196014 3197613
3196016 3197614
3196018 3197613
3196019 3197615
3196017 3197614
3196019 3197615
3196019 3197615
3196018 3197615
3196019 3197614
3196021 3197615
3196022 3197613
3196021 3197614
3196021 3197615
3196023 3197615
3196024 3197615
3196024 3197614
3196022 3197614
3196025 3197614
3196025 3197613
3196027 3197613
3196026 3197610
3196026 3197610
3196023 3197611
3196025 3197610
3196027 3197611
3196026 3197609
3196026 3197609
3196027 3197609
3196028 3197609
3196029 3197608
3196029 3197612
3196031 3197611
3196031 3197609
3196031 3197609
3196032 3197610
3196032 3197610
3196033 3197610
3196033 3197610
3196034 3197612
3196035 3197610
3196038 3197612
3196037 3197613
3196038 3197613
3196040 3197611
3196040 3197613
3196041 3197614
3196042 3197615
3196042 3197614
3196044 3197617
3196045 3197615
3196044 3197618
3196047 3197616
3196050 3197617
3196049 3197617
3196052 3197621
3196052 3197620
3196053 3197620
3196057 3197622
3196058 3197623
3196059 3197624
3196059 3197622
3196061 3197626
3196061 3197626
3196063 3197627
3196065 3197627
3196065 3197629
3196068 3197630
3196071 3197632
3196073 3197630
3196075 3197631
3196075 3197632
3196073 3197632
3196071 3197630
3196064 3197628
3196059 3197625
3196053 3197622
3196046 3197620
3196041 3197616
3196038 3197615
3196031 3197613
3196027 3197610
3196022 3197607
3196019 3197604
3196017 3197605
3196014 3197601
3196013 3197601
3196013 3197599
3196008 3197600
3196007 3197600
3196008 3197597
3196005 3197597
3196005 3197596
3196004 3197595
3196002 3197593
3196002 3197593
3196003 3197593
3196002 3197592
3196002 3197592
3196002 3197592
3196001 3197591
3196003 3197595
3196002 3197594
3196001 3197592
3196001 3197593
3196001 3197591
3196000 3197591
3196000 3197590
3195999 3197589
3195998 3197590
3195997 3197588
3195995 3197587
3195995 3197587
3195994 3197585
3195992 3197584
3195994 3197584
3195992 3197587
3195991 3197584
3195992 3197584
3195990 3197586
3195992 3197585
3195992 3197584
3195993 3197586
3195992 3197586
3195993 3197585
3195993 3197587
3195994 3197587
3195992 3197585
3195995 3197585
3195996 3197588
3195998 3197588
3195999 3197588
3196000 3197587
3196000 3197588
3196000 3197589
3196003 3197590
3196002 3197590
3196004 3197590
3196005 3197591
3196006 3197591
3196006 3197591
3196007 3197592
3196011 3197592
3196010 3197594
3196010 3197595
3196013 3197595
3196013 3197595
3196014 3197596
3196015 3197597
3196017 3197598
3196018 3197599
3196019 3197600
3196019 3197599
3196022 3197601
3196023 3197603
3196024 3197603
3196024 3197605
3196025 3197603
3196029 3197605
3196026 3197605
3196029 3197606
3196030 3197606
3196029 3197607
3196032 3197609
3196034 3197610
3196034 3197613
3196036 3197610
3196037 3197613
3196040 3197615
3196042 3197614
3196042 3197616
3196044 3197617
3196045 3197616
3196046 3197617
3196048 3197618
3196049 3197619
3196050 3197622
3196052 3197622
3196053 3197624
3196053 3197623
3196058 3197626
3196059 3197625
3196059 3197628
3196062 3197629
3196063 3197628
3196064 3197630
3196066 3197630
3196064 3197630
3196063 3197630
3196059 3197629
3196055 3197626
3196047 3197621
3196043 3197619
3196037 3197617
3196032 3197614
3196027 3197613
3196024 3197612
3196020 3197609
3196016 3197607
3196013 3197606
3196010 3197604
3196009 3197602
3196007 3197603
3196007 3197601
3196006 3197602
3196003 3197602
3196005 3197601
3196004 3197600
3196002 3197598
3196004 3197599
3196003 3197601
3196003 3197601
3196007 3197599
3196006 3197601
3196006 3197601
3196009 3197600
3196007 3197600
3196007 3197599
3196008 3197600
3196007 3197602
3196004 3197601
3196004 3197598
3196002 3197597
3196002 3197597
3196002 3197597
3196000 3197596
3195998 3197596
3195999 3197594
3195998 3197595
3195995 3197595
3195995 3197592
3195997 3197592
3195994 3197594
3195995 3197591
3195994 3197593
3195994 3197593
3195994 3197593
3195995 3197593
3195995 3197591
3195994 3197590
3195995 3197591
3195996 3197591
3195995 3197591
3195997 3197592
3195997 3197591
3195998 3197592
3196000 3197592
3196001 3197593
3196001 3197594
3196002 3197594
3196002 3197595
3196005 3197594
3196004 3197596
3196006 3197596
3196009 3197598
3196008 3197596
3196009 3197597
3196009 3197597
3196010 3197598
3196012 3197599
3196012 3197600
3196014 3197599
3196015 3197602
3196015 3197600
3196015 3197601
3196018 3197602
3196018 3197601
3196019 3197603
3196021 3197605
3196023 3197605
3196023 3197604
3196025 3197607
3196024 3197608
3196025 3197608
3196025 3197606
3196029 3197609
3196028 3197609
3196030 3197610
3196032 3197609
3196032 3197611
3196033 3197612
3196031 3197611
3196035 3197615
3196038 3197613
3196040 3197616
3196040 3197616
3196041 3197616
3196043 3197617
3196044 3197618
3196045 3197619
3196046 3197619
3196044 3197618
3196040 3197616
3196035 3197613
3196028 3197611
3196023 3197608
3196018 3197604
3196014 3197604
3196006 3197602
3196002 3197599
3195998 3197595
3195992 3197593
3195990 3197591
3195986 3197590
3195984 3197589
3195982 3197585
3195981 3197585
3195980 3197584
3195977 3197583
3195976 3197583
3195975 3197583
3195975 3197582
3195974 3197581
3195971 3197580
3195973 3197581
3195975 3197580
3195972 3197579
3195974 3197581
3195973 3197580
3195972 3197579
3195976 3197579
3195975 3197578
3195974 3197578
3195974 3197579
3195976 3197579
3195974 3197580
3195973 3197578
3195973 3197577
3195971 3197577
3195969 3197576
3195968 3197575
3195967 3197575
3195968 3197575
3195966 3197575
3195967 3197574
3195967 3197575
3195965 3197576
3195968 3197573
3195966 3197574
3195966 3197574
3195966 3197574
3195964 3197573
3195966 3197573
3195968 3197576
3195967 3197577
3195969 3197574
3195970 3197575
3195970 3197577
3195971 3197576
3195971 3197577
3195973 3197578
3195974 3197577
3195975 3197580
3195977 3197579
3195979 3197580
3195980 3197581
3195980 3197582
3195983 3197582
3195983 3197584
3195984 3197584
3195983 3197585
3195986 3197584
3195987 3197585
3195988 3197587
3195990 3197586
3195992 3197588
3195992 3197590
3195994 3197592
3195998 3197591
3195996 3197592
3195999 3197592
3195999 3197594
3196001 3197596
3196004 3197595
3196005 3197595
3196003 3197595
3196007 3197597
3196008 3197600
3196009 3197600
3196012 3197601
3196011 3197602
3196011 3197602
3196014 3197603
3196014 3197604
3196018 3197604
3196020 3197606
3196020 3197607
3196023 3197607
3196024 3197607
3196024 3197609
3196027 3197611
3196028 3197614
3196029 3197616
3196033 3197618
3196033 3197618
3196036 3197618
3196038 3197621
3196042 3197622
3196043 3197623
3196044 3197624
3196046 3197626
3196046 3197626
3196048 3197626
3196046 3197626
3196043 3197625
3196038 3197622
3196033 3197619
3196028 3197618
3196023 3197615
3196019 3197612
3196014 3197614
3196009 3197609
3196003 3197605
3195999 3197603
3195997 3197604
3195993 3197602
3195991 3197601
3195988 3197598
3195987 3197597
3195987 3197597
3195985 3197597
3195985 3197596
3195982 3197594
3195982 3197593
3195981 3197593
3195979 3197592
3195980 3197593
3195982 3197593
3195979 3197593
3195981 3197591
3195980 3197591
3195983 3197592
3195981 3197591
3195982 3197593
3195982 3197592
3195981 3197593
3195983 3197593
3195981 3197591
3195982 3197592
3195980 3197591
3195979 3197592
3195976 3197591
3195977 3197590
3195977 3197591
3195976 3197591
3195975 3197589
3195974 3197589
3195974 3197588
3195974 3197589
3195974 3197587
3195975 3197589
3195974 3197589
3195976 3197588
3195975 3197590
3195976 3197589
3195977 3197589
3195977 3197590
3195980 3197591
3195979 3197592
3195980 3197592
3195982 3197592
3195981 3197592
3195983 3197593
3195984 3197595
3195987 3197595
3195987 3197595
3195988 3197597
3195992 3197599
3195994 3197599
3195995 3197599
3195996 3197601
3195996 3197601
3196000 3197603
3195998 3197602
3195998 3197601
3196000 3197601
3196002 3197604
3196003 3197605
3196003 3197604
3196004 3197608
3196006 3197608
3196008 3197609
3196009 3197606
3196009 3197608
3196012 3197610
3196010 3197610
3196013 3197611
3196014 3197611
3196016 3197613
3196018 3197615
3196018 3197614
3196020 3197616
3196020 3197617
3196022 3197616
3196023 3197617
3196026 3197620
3196027 3197622
3196028 3197622
3196031 3197623
3196031 3197624
3196033 3197623
3196033 3197625
3196036 3197625
3196037 3197627
3196038 3197628
3196039 3197628
3196043 3197630
3196044 3197632
3196046 3197630
3196049 3197635
3196049 3197636
3196048 3197636
3196051 3197636
3196054 3197638
3196056 3197639
3196058 3197639
3196059 3197641
3196062 3197642
3196064 3197644
3196064 3197644
3196065 3197645
3196064 3197645
3196063 3197644
3196059 3197642
3196053 3197639
3196049 3197638
3196043 3197634
3196038 3197631
3196035 3197631
3196029 3197628
3196024 3197625
3196022 3197624
3196020 3197623
3196018 3197623
3196014 3197620
3196014 3197618
3196014 3197618
3196009 3197619
3196011 3197618
3196012 3197616
3196012 3197617
3196009 3197616
3196008 3197616
3196008 3197614
3196008 3197616
3196009 3197614
3196010 3197616
3196011 3197614
3196011 3197615
3196010 3197614
3196011 3197616
3196012 3197615
3196010 3197614
3196011 3197616
3196011 3197612
3196010 3197614
3196010 3197613
3196009 3197611
3196010 3197613
3196009 3197612
3196005 3197613
3196005 3197611
3196006 3197610
3196004 3197612
3196005 3197612
3196005 3197610
3196004 3197610
3196004 3197608
3196006 3197611
3196004 3197610
3196007 3197611
3196004 3197609
3196005 3197610
3196005 3197610
3196008 3197610
3196008 3197610
3196009 3197612
3196011 3197612
3196011 3197611
3196010 3197611
3196010 3197612
3196011 3197612
3196012 3197612
3196015 3197614
3196016 3197615
3196017 3197617
3196018 3197615
3196020 3197617
3196020 3197618
3196023 3197618
3196021 3197618
3196023 3197619
3196024 3197619
3196025 3197619
3196026 3197620
3196027 3197620
3196028 3197622
3196028 3197621
3196029 3197622
3196031 3197620
3196032 3197624
3196032 3197622
3196032 3197624
3196035 3197623
3196035 3197623
3196037 3197625
3196037 3197626
3196038 3197626
3196039 3197626
3196041 3197628
3196042 3197629
3196044 3197630
3196045 3197632
3196045 3197631
3196046 3197633
3196047 3197633
3196048 3197633
3196049 3197634
3196050 3197637
3196053 3197636
3196054 3197637
3196055 3197637
3196057 3197638
3196058 3197641
3196061 3197640
3196063 3197641
3196064 3197642
3196064 3197642
3196065 3197645
3196067 3197646
3196064 3197645
3196064 3197642
3196060 3197642
3196056 3197640
3196051 3197638
3196045 3197634
3196040 3197632
3196036 3197629
3196032 3197628
3196029 3197627
3196025 3197625
3196025 3197625
3196023 3197622
3196019 3197622
3196018 3197620
3196017 3197621
3196018 3197620
3196016 3197620
3196016 3197618
3196016 3197618
3196014 3197617
3196015 3197619
3196014 3197618
3196016 3197618
3196014 3197617
3196016 3197618
3196018 3197618
3196019 3197620
3196020 3197618
3196019 3197619
3196020 3197619
3196022 3197621
3196020 3197619
3196022 3197618
3196022 3197621
3196021 3197619
3196019 3197620
3196019 3197618
3196019 3197618
3196020 3197619
3196020 3197618
3196017 3197618
3196018 3197617
3196018 3197619
3196019 3197617
3196017 3197617
3196016 3197617
3196018 3197617
3196019 3197619
3196019 3197618
3196019 3197617
3196021 3197618
3196021 3197620
3196022 3197618
3196023 3197620
3196023 3197620
3196025 3197621
3196025 3197621
3196026 3197623
3196029 3197622
3196027 3197621
3196029 3197624
3196031 3197623
3196032 3197624
3196031 3197624
3196033 3197626
3196033 3197626
3196037 3197626
3196036 3197626
3196037 3197627
3196039 3197628
3196039 3197628
3196041 3197629
3196044 3197628
3196043 3197630
3196044 3197631
3196046 3197632
3196049 3197633
3196049 3197634
3196049 3197632
3196049 3197634
3196050 3197634
3196051 3197636
3196054 3197637
3196055 3197636
3196056 3197638
3196055 3197639
3196058 3197639
3196059 3197639
3196060 3197645
3196062 3197644
3196063 3197643
3196066 3197645
3196067 3197645
3196066 3197644
3196071 3197648
3196070 3197647
3196070 3197648
3196070 3197649
3196075 3197648
3196074 3197650
3196075 3197652
3196077 3197651
3196078 3197652
3196079 3197653
3196082 3197655
3196084 3197656
3196086 3197658
3196089 3197658
3196089 3197658
3196090 3197660
3196088 3197657
3196086 3197659
3196083 3197656
3196076 3197652
3196071 3197651
3196066 3197647
3196062 3197645
3196056 3197643
3196052 3197640
3196050 3197637
3196044 3197636
3196041 3197637
3196039 3197633
3196035 3197633
3196033 3197629
3196032 3197629
3196029 3197628
3196028 3197629
3196026 3197628
3196027 3197626
3196024 3197626
3196025 3197626
3196023 3197623
3196021 3197621
3196020 3197623
3196021 3197623
3196020 3197622
3196022 3197622
3196022 3197622
3196022 3197620
3196024 3197620
3196023 3197621
3196023 3197621
3196022 3197622
3196022 3197620
3196022 3197620
3196021 3197618
3196019 3197620
3196016 3197618
3196015 3197617
3196016 3197615
3196013 3197615
3196012 3197615
3196012 3197614
3196012 3197615
3196012 3197615
3196012 3197614
3196010 3197615
3196010 3197613
3196011 3197614
3196010 3197613
3196013 3197614
3196012 3197614
3196012 3197614
3196012 3197615
3196014 3197614
3196013 3197615
3196013 3197614
3196014 3197614
3196016 3197616
3196017 3197615
3196017 3197617
3196017 3197617
3196019 3197617
3196022 3197619
3196022 3197617
3196022 3197617
3196022 3197617
3196023 3197616
3196023 3197620
3196025 3197620
3196028 3197622
3196028 3197621
3196027 3197623
3196030 3197623
3196031 3197623
3196032 3197624
3196031 3197622
3196033 3197623
3196032 3197623
3196033 3197624
3196035 3197624
3196036 3197624
3196038 3197625
3196040 3197626
3196039 3197628
3196041 3197628
3196041 3197627
3196041 3197628
3196044 3197628
3196043 3197630
3196045 3197631
3196044 3197631
3196047 3197632
3196049 3197633
3196052 3197634
3196053 3197635
3196054 3197635
3196054 3197635
3196056 3197637
3196055 3197636
3196057 3197636
3196058 3197638
3196060 3197639
3196060 3197638
3196062 3197639
3196062 3197640
3196065 3197642
3196066 3197643
3196069 3197644
3196068 3197644
3196072 3197644
3196071 3197645
3196073 3197647
3196076 3197648
3196075 3197649
3196079 3197649
3196079 3197649
3196082 3197650
3196082 3197652
3196081 3197650
3196078 3197651
3196073 3197648
3196068 3197644
3196063 3197644
3196059 3197638
3196053 3197638
