99.6882
3162177 3174884
3162176 3174885
3162175 3174886
3162176 3174887
3162176 3174886
3162176 3174885
3162179 3174886
3162178 3174885
3162178 3174885
3162180 3174885
3162179 3174886
3162179 3174886
3162179 3174888
3162180 3174887
3162181 3174886
3162179 3174888
3162180 3174886
3162180 3174889
3162181 3174888
3162182 3174887
3162183 3174889
3162182 3174889
3162183 3174888
3162184 3174890
3162185 3174890
3162183 3174889
3162184 3174889
3162184 3174890
3162185 3174889
3162187 3174889
3162186 3174890
3162186 3174889
3162186 3174891
3162186 3174891
3162187 3174891
3162188 3174892
3162186 3174891
3162185 3174890
3162184 3174890
3162182 3174889
3162184 3174888
3162181 3174889
3162182 3174888
3162182 3174886
3162180 3174886
3162180 3174887
3162180 3174886
3162178 3174886
3162180 3174885
3162180 3174885
3162179 3174885
3162179 3174884
3162178 3174884
3162179 3174883
3162178 3174882
3162177 3174884
3162177 3174883
3162178 3174884
3162178 3174883
3162178 3174883
3162178 3174884
3162179 3174882
3162179 3174883
3162179 3174883
3162180 3174883
3162180 3174883
3162181 3174885
3162179 3174884
3162179 3174884
3162179 3174883
3162180 3174882
3162179 3174881
3162180 3174882
3162177 3174881
3162178 3174880
3162179 3174881
3162179 3174880
3162178 3174879
3162177 3174880
3162178 3174880
3162179 3174879
3162177 3174878
3162178 3174880
3162177 3174880
3162178 3174879
3162181 3174878
3162178 3174879
3162178 3174878
3162179 3174879
3162180 3174877
3162179 3174880
3162181 3174879
3162181 3174881
3162180 3174879
3162181 3174881
3162181 3174879
3162181 3174877
3162180 3174877
3162181 3174877
3162180 3174879
3162182 3174877
3162182 3174878
3162184 3174878
3162180 3174876
3162184 3174878
3162184 3174879
3162184 3174877
3162185 3174879
3162183 3174877
3162185 3174879
3162184 3174877
3162184 3174879
3162186 3174877
3162184 3174878
3162185 3174878
3162186 3174877
3162185 3174880
3162185 3174878
3162187 3174879
3162186 3174877
3162185 3174878
3162187 3174878
3162187 3174879
3162189 3174879
3162188 3174880
3162188 3174881
3162189 3174879
3162190 3174880
3162189 3174881
3162187 3174880
3162189 3174879
3162188 3174880
3162187 3174879
3162187 3174879
3162185 3174880
3162184 3174880
3162183 3174880
3162182 3174878
3162183 3174879
3162184 3174877
3162183 3174877
3162182 3174878
3162181 3174877
3162181 3174876
3162181 3174875
3162181 3174875
3162181 3174877
3162181 3174876
3162179 3174875
3162180 3174874
3162179 3174874
3162180 3174874
3162180 3174873
3162181 3174874
3162179 3174875
3162179 3174874
3162178 3174873
3162179 3174873
3162181 3174874
3162179 3174873
3162180 3174874
3162180 3174872
3162179 3174872
3162179 3174872
3162180 3174873
3162180 3174872
3162179 3174871
3162178 3174872
3162179 3174872
3162180 3174870
3162180 3174870
3162179 3174871
3162179 3174870
3162180 3174871
3162179 3174872
3162179 3174872
3162179 3174870
3162178 3174873
3162179 3174871
3162179 3174871
3162180 3174871
3162180 3174870
3162179 3174869
3162179 3174872
3162180 3174869
3162180 3174870
3162180 3174871
3162179 3174870
3162180 3174871
3162182 3174870
3162181 3174869
3162181 3174870
3162181 3174873
3162183 3174869
3162183 3174872
3162182 3174871
3162182 3174871
3162183 3174871
3162183 3174872
3162183 3174871
3162183 3174871
3162183 3174872
3162184 3174871
3162183 3174871
3162185 3174871
3162184 3174871
3162186 3174872
3162185 3174872
3162185 3174872
3162184 3174872
3162185 3174874
3162184 3174872
3162185 3174872
3162187 3174874
3162187 3174873
3162185 3174873
3162186 3174874
3162187 3174873
3162188 3174873
3162188 3174874
3162187 3174873
3162188 3174873
3162187 3174873
3162188 3174875
3162189 3174874
3162189 3174873
3162188 3174874
3162188 3174875
3162187 3174874
3162184 3174872
3162184 3174873
3162186 3174874
3162183 3174871
3162185 3174872
3162181 3174872
3162182 3174872
3162181 3174869
3162180 3174870
3162179 3174869
3162179 3174869
3162180 3174869
3162179 3174869
3162180 3174867
3162179 3174868
3162178 3174868
3162178 3174867
3162177 3174867
3162177 3174866
3162177 3174864
3162176 3174866
3162177 3174864
3162176 3174866
3162177 3174863
3162178 3174866
3162177 3174863
3162178 3174864
3162178 3174863
3162178 3174864
3162178 3174864
3162176 3174862
3162177 3174862
3162176 3174862
3162177 3174863
3162177 3174863
3162177 3174861
3162176 3174861
3162174 3174861
3162175 3174862
3162176 3174861
3162174 3174862
3162176 3174862
3162176 3174861
3162176 3174862
3162176 3174862
3162177 3174861
3162176 3174860
3162177 3174861
3162177 3174862
3162176 3174861
3162178 3174860
3162177 3174861
3162177 3174861
3162177 3174861
3162178 3174860
3162178 3174860
3162178 3174862
3162179 3174860
3162179 3174860
3162177 3174860
3162178 3174861
3162179 3174860
3162178 3174863
3162179 3174861
3162179 3174861
3162180 3174861
3162179 3174862
3162180 3174861
3162180 3174861
3162180 3174862
3162181 3174860
3162181 3174862
3162181 3174862
3162180 3174863
3162182 3174861
3162180 3174862
3162181 3174863
3162181 3174862
3162182 3174863
3162182 3174864
3162183 3174861
3162182 3174862
3162183 3174863
3162182 3174862
3162184 3174864
3162182 3174863
3162184 3174864
3162183 3174864
3162184 3174863
3162185 3174864
3162186 3174863
3162185 3174864
3162184 3174863
3162184 3174866
3162183 3174865
3162185 3174864
3162185 3174864
3162185 3174865
3162186 3174865
3162187 3174865
3162186 3174866
3162187 3174865
3162185 3174866
3162186 3174864
3162185 3174864
3162184 3174863
3162183 3174865
3162183 3174865
3162182 3174863
3162181 3174863
3162182 3174862
3162180 3174862
3162180 3174862
3162181 3174861
3162180 3174861
3162180 3174862
3162179 3174862
3162179 3174861
3162178 3174862
3162177 3174861
3162177 3174861
3162178 3174859
3162177 3174860
3162177 3174858
3162175 3174857
3162177 3174857
3162175 3174857
3162175 3174856
3162173 3174857
3162174 3174856
3162174 3174856
3162175 3174855
3162176 3174855
3162174 3174854
3162175 3174856
3162175 3174855
3162174 3174855
3162174 3174854
3162174 3174854
3162174 3174855
3162174 3174853
3162175 3174853
3162174 3174854
3162174 3174853
3162174 3174852
3162173 3174853
3162173 3174853
3162174 3174852
3162173 3174852
3162174 3174852
3162174 3174853
3162174 3174852
3162174 3174852
3162176 3174854
3162176 3174852
3162174 3174852
3162174 3174852
3162175 3174852
3162175 3174852
3162175 3174850
3162176 3174853
3162175 3174852
3162176 3174852
3162176 3174852
3162176 3174852
3162177 3174853
3162179 3174853
3162178 3174853
3162179 3174853
3162177 3174852
3162178 3174855
3162178 3174853
3162180 3174855
3162179 3174854
3162180 3174854
3162182 3174854
3162179 3174854
3162179 3174857
3162179 3174854
3162182 3174853
3162181 3174854
3162180 3174853
3162181 3174853
3162181 3174855
3162181 3174855
3162181 3174853
3162181 3174855
3162182 3174854
3162182 3174855
3162183 3174855
3162182 3174855
3162182 3174856
3162181 3174855
3162184 3174854
3162184 3174856
3162183 3174855
3162185 3174855
3162183 3174857
3162184 3174857
3162185 3174856
3162184 3174855
3162184 3174856
3162186 3174856
3162185 3174855
3162185 3174858
3162186 3174857
3162186 3174857
3162185 3174858
3162186 3174857
3162188 3174857
3162186 3174858
3162187 3174858
3162186 3174857
3162188 3174858
3162187 3174857
3162188 3174860
3162188 3174859
3162188 3174858
3162188 3174858
3162189 3174856
3162188 3174856
3162188 3174855
3162186 3174858
3162187 3174856
3162184 3174857
3162185 3174857
3162182 3174856
3162182 3174855
3162182 3174854
3162182 3174855
3162182 3174852
3162180 3174851
3162180 3174853
3162181 3174853
3162180 3174851
3162180 3174851
3162178 3174850
3162177 3174851
3162176 3174849
3162176 3174849
3162176 3174848
3162177 3174846
3162175 3174847
3162174 3174847
3162176 3174847
3162176 3174847
3162176 3174847
3162175 3174847
3162176 3174847
3162176 3174847
3162175 3174845
3162176 3174847
3162175 3174846
3162176 3174845
3162177 3174846
3162177 3174846
3162176 3174844
3162174 3174844
3162176 3174845
3162175 3174843
3162176 3174843
3162174 3174845
3162175 3174844
3162174 3174843
3162174 3174843
3162175 3174843
3162174 3174844
3162176 3174845
3162175 3174845
3162176 3174844
3162174 3174843
3162175 3174844
3162176 3174844
3162175 3174843
3162175 3174842
3162177 3174842
3162178 3174843
3162175 3174844
3162176 3174843
3162177 3174843
3162176 3174844
3162176 3174843
3162177 3174843
3162178 3174843
3162177 3174844
3162177 3174842
3162176 3174843
3162177 3174843
3162177 3174845
3162177 3174843
3162177 3174845
3162177 3174844
3162178 3174842
3162178 3174842
3162179 3174843
3162178 3174843
3162179 3174843
3162179 3174843
3162179 3174844
3162179 3174844
3162179 3174843
3162178 3174844
3162180 3174845
3162180 3174845
3162181 3174843
3162180 3174844
3162180 3174843
3162181 3174845
3162182 3174843
3162181 3174843
3162181 3174844
3162182 3174845
3162181 3174845
3162182 3174845
3162182 3174846
3162181 3174845
3162183 3174846
3162183 3174845
3162183 3174844
3162182 3174846
3162184 3174846
3162184 3174846
3162184 3174847
3162185 3174846
3162184 3174848
3162184 3174846
3162186 3174845
3162184 3174847
3162184 3174847
3162184 3174847
3162186 3174847
3162186 3174847
3162186 3174847
3162187 3174847
3162186 3174847
3162187 3174847
3162188 3174848
3162187 3174847
3162187 3174848
3162186 3174844
3162186 3174847
3162185 3174845
3162186 3174847
3162185 3174845
3162185 3174845
3162183 3174846
3162183 3174845
3162181 3174845
3162181 3174845
3162181 3174843
3162182 3174841
3162182 3174842
3162180 3174842
3162179 3174842
3162179 3174841
3162180 3174840
3162178 3174843
3162179 3174841
3162177 3174840
3162177 3174839
3162174 3174838
3162177 3174841
3162175 3174837
3162175 3174838
3162176 3174837
3162175 3174837
3162175 3174836
3162176 3174837
3162175 3174836
3162176 3174837
3162174 3174836
3162176 3174837
3162175 3174835
3162176 3174836
3162176 3174836
3162175 3174836
3162175 3174836
3162175 3174833
3162175 3174834
3162174 3174832
3162174 3174833
3162173 3174832
3162175 3174834
3162173 3174833
3162173 3174832
3162174 3174832
3162174 3174832
3162174 3174833
3162172 3174832
3162172 3174832
3162174 3174832
3162174 3174832
3162175 3174831
3162173 3174831
3162174 3174830
3162174 3174831
3162173 3174830
3162174 3174831
3162175 3174831
3162174 3174830
3162174 3174831
3162174 3174828
3162174 3174829
3162174 3174828
3162175 3174829
3162174 3174829
3162175 3174829
3162173 3174826
3162175 3174828
3162175 3174829
3162173 3174828
3162175 3174829
3162174 3174827
3162175 3174828
3162174 3174826
3162176 3174827
3162174 3174827
3162176 3174830
3162176 3174827
3162174 3174829
3162176 3174828
3162175 3174829
3162176 3174827
3162175 3174828
3162176 3174828
3162177 3174827
3162176 3174827
3162176 3174827
3162176 3174828
3162177 3174827
3162176 3174828
3162177 3174828
3162176 3174828
3162176 3174827
3162178 3174826
3162177 3174826
3162176 3174826
3162177 3174828
3162178 3174827
3162178 3174828
3162178 3174825
3162178 3174827
3162178 3174827
3162178 3174825
3162178 3174826
3162178 3174824
3162180 3174826
3162179 3174825
3162179 3174825
3162179 3174826
3162179 3174823
3162180 3174824
3162180 3174825
3162179 3174825
3162179 3174825
3162177 3174824
3162178 3174825
3162177 3174824
3162177 3174824
3162175 3174822
3162174 3174821
3162172 3174820
3162172 3174819
3162171 3174821
3162171 3174818
3162170 3174818
3162170 3174816
3162169 3174818
3162170 3174818
3162169 3174817
3162169 3174818
3162168 3174816
3162168 3174814
3162167 3174816
3162169 3174815
3162167 3174813
3162168 3174814
3162167 3174814
3162166 3174814
3162168 3174814
3162168 3174818
3162171 3174817
3162173 3174821
3162176 3174825
3162179 3174826
3162184 3174831
3162188 3174834
3162192 3174834
3162195 3174839
3162200 3174839
3162199 3174838
3162201 3174839
3162199 3174836
3162198 3174833
3162196 3174828
3162197 3174827
3162195 3174825
3162195 3174827
3162194 3174825
3162191 3174824
3162190 3174821
3162188 3174822
3162187 3174821
3162187 3174822
3162186 3174824
3162187 3174828
3162188 3174830
3162189 3174831
3162191 3174834
3162191 3174832
3162191 3174834
3162193 3174834
3162194 3174833
3162194 3174835
3162194 3174834
3162194 3174832
3162194 3174833
3162195 3174832
3162194 3174832
3162192 3174830
3162192 3174832
3162191 3174830
3162190 3174831
3162190 3174830
3162189 3174830
3162190 3174831
3162189 3174833
3162190 3174831
3162188 3174833
3162190 3174832
3162190 3174832
3162188 3174832
3162188 3174831
3162188 3174833
3162188 3174833
3162188 3174833
3162186 3174832
3162184 3174830
3162186 3174834
3162186 3174834
3162185 3174833
3162184 3174833
3162185 3174833
3162183 3174835
3162186 3174836
3162185 3174837
3162185 3174837
3162184 3174837
3162186 3174837
3162184 3174839
3162187 3174840
3162186 3174841
3162186 3174842
3162187 3174842
3162185 3174841
3162185 3174840
3162183 3174840
3162183 3174839
3162186 3174840
3162183 3174841
3162184 3174840
3162181 3174841
3162181 3174839
3162180 3174838
3162178 3174838
3162177 3174839
3162177 3174840
3162174 3174839
3162174 3174839
3162172 3174838
3162172 3174840
3162172 3174838
3162171 3174838
3162172 3174840
3162169 3174839
3162170 3174838
3162170 3174838
3162169 3174836
3162168 3174838
3162166 3174835
3162166 3174835
3162166 3174833
3162165 3174832
3162163 3174832
3162162 3174830
3162163 3174830
3162163 3174830
3162162 3174828
3162160 3174828
3162161 3174826
3162161 3174827
3162160 3174827
3162161 3174826
3162160 3174824
3162160 3174825
3162157 3174824
3162158 3174822
3162158 3174823
3162158 3174822
3162158 3174822
3162159 3174821
3162160 3174823
3162161 3174822
3162163 3174820
3162164 3174818
3162162 3174817
3162161 3174815
3162161 3174811
3162159 3174808
3162159 3174808
3162155 3174801
3162149 3174793
3162144 3174785
3162141 3174779
3162140 3174777
3162138 3174772
3162134 3174770
3162134 3174772
3162134 3174775
3162137 3174783
3162141 3174790
3162144 3174797
3162146 3174802
3162147 3174807
3162151 3174813
3162154 3174821
3162158 3174830
3162161 3174837
3162165 3174842
3162168 3174847
3162170 3174852
3162171 3174855
3162173 3174854
3162172 3174856
3162174 3174856
3162175 3174858
3162174 3174856
3162174 3174854
3162174 3174857
3162175 3174857
3162173 3174856
3162175 3174855
3162176 3174855
3162173 3174854
3162174 3174853
3162173 3174853
3162173 3174852
3162172 3174851
3162172 3174850
3162170 3174847
3162170 3174848
3162169 3174846
3162169 3174848
3162170 3174845
3162168 3174846
3162168 3174845
3162168 3174845
3162168 3174844
3162168 3174844
3162168 3174843
3162166 3174842
3162165 3174839
3162166 3174841
3162165 3174841
3162166 3174839
3162164 3174838
3162166 3174838
3162165 3174834
3162164 3174833
3162162 3174829
3162160 3174826
3162159 3174823
3162156 3174822
3162156 3174819
3162153 3174816
3162152 3174815
3162151 3174815
3162151 3174814
3162150 3174815
3162149 3174813
3162148 3174813
3162147 3174813
3162144 3174813
3162146 3174811
3162147 3174810
3162146 3174809
3162146 3174811
3162146 3174809
3162145 3174807
3162143 3174805
3162142 3174804
3162141 3174802
3162141 3174801
3162139 3174799
3162138 3174796
3162137 3174794
3162137 3174795
3162136 3174792
3162136 3174792
3162135 3174790
3162133 3174788
3162134 3174784
3162131 3174783
3162131 3174782
3162131 3174782
3162131 3174780
3162130 3174780
3162131 3174779
3162127 3174778
3162130 3174777
3162129 3174775
3162127 3174773
3162128 3174772
3162125 3174771
3162125 3174768
3162125 3174767
3162123 3174765
3162124 3174764
3162123 3174762
3162121 3174761
3162122 3174761
3162122 3174758
3162120 3174758
3162122 3174755
3162119 3174753
3162118 3174752
3162117 3174749
3162117 3174750
3162118 3174748
3162117 3174747
3162115 3174748
3162118 3174748
3162115 3174746
3162116 3174745
3162114 3174744
3162116 3174744
3162114 3174745
3162116 3174744
3162116 3174747
3162117 3174747
3162116 3174748
3162116 3174748
3162117 3174748
3162114 3174747
3162116 3174750
3162117 3174747
3162116 3174748
3162115 3174747
3162115 3174748
3162114 3174748
3162113 3174747
3162115 3174749
3162115 3174748
3162115 3174749
3162114 3174747
3162112 3174746
3162111 3174747
3162111 3174749
3162113 3174751
3162112 3174751
3162109 3174751
3162108 3174751
3162105 3174752
3162103 3174752
3162104 3174756
3162105 3174763
3162106 3174772
3162108 3174782
3162110 3174793
3162114 3174808
3162117 3174824
3162122 3174843
3162129 3174868
3162134 3174894
3162145 3174926
3162154 3174963
3162164 3174998
3162175 3175035
3162186 3175070
3162196 3175105
3162206 3175140
3162218 3175170
3162229 3175202
3162241 3175232
3162247 3175257
3162260 3175281
3162267 3175301
3162271 3175316
3162280 3175339
3162291 3175360
3162301 3175379
3162309 3175398
3162317 3175416
3162323 3175429
3162328 3175447
3162336 3175463
3162344 3175476
3162348 3175490
3162354 3175503
3162360 3175515
3162367 3175528
3162372 3175541
3162378 3175555
3162381 3175564
3162388 3175575
3162392 3175586
3162395 3175594
3162398 3175601
3162400 3175608
3162401 3175618
3162403 3175626
3162405 3175631
3162404 3175634
3162403 3175635
3162400 3175635
3162399 3175635
3162398 3175637
3162396 3175637
3162394 3175636
3162390 3175633
3162385 3175627
3162380 3175623
3162376 3175620
3162372 3175617
3162371 3175617
3162370 3175616
3162369 3175619
3162372 3175621
3162372 3175625
3162374 3175626
3162377 3175627
3162380 3175630
3162384 3175632
3162387 3175630
3162391 3175631
3162392 3175624
3162394 3175620
3162393 3175616
3162395 3175615
3162395 3175614
3162397 3175616
3162398 3175621
3162405 3175631
3162413 3175646
3162421 3175663
3162432 3175687
3162443 3175708
3162454 3175729
3162464 3175748
3162470 3175761
3162477 3175775
3162484 3175785
3162489 3175794
3162496 3175800
3162500 3175802
3162501 3175796
3162499 3175787
3162494 3175774
3162491 3175758
3162483 3175737
3162477 3175713
3162466 3175694
3162461 3175685
3162461 3175686
3162471 3175705
3162481 3175712
3162484 3175710
3162486 3175704
3162489 3175701
3162490 3175696
3162492 3175692
3162495 3175691
3162497 3175691
3162499 3175688
3162499 3175678
3162499 3175673
3162495 3175663
3162494 3175656
3162492 3175654
3162493 3175660
3162495 3175674
3162498 3175687
3162500 3175695
3162498 3175698
3162497 3175704
3162495 3175713
3162496 3175726
3162498 3175741
3162501 3175759
3162503 3175774
3162507 3175786
3162512 3175790
3162518 3175795
3162520 3175796
3162520 3175795
3162521 3175793
3162519 3175789
3162518 3175787
3162518 3175790
3162518 3175794
3162517 3175797
3162514 3175797
3162510 3175797
3162505 3175794
3162499 3175788
3162494 3175781
3162484 3175766
3162473 3175737
3162443 3175676
3162410 3175613
3162379 3175558
3162354 3175506
3162331 3175458
3162316 3175415
3162305 3175371
3162293 3175340
3162283 3175326
3162272 3175309
3162264 3175283
3162258 3175252
3162256 3175226
3162255 3175206
3162253 3175187
3162250 3175182
3162247 3175181
3162245 3175184
3162251 3175191
3162254 3175200
3162257 3175211
3162262 3175223
3162267 3175233
3162273 3175241
3162279 3175252
3162286 3175266
3162292 3175286
3162303 3175309
3162315 3175336
3162325 3175361
3162336 3175387
3162351 3175415
3162363 3175441
3162375 3175472
3162390 3175503
3162404 3175533
3162418 3175564
3162429 3175594
3162444 3175627
3162455 3175659
3162467 3175692
3162479 3175723
3162493 3175757
3162509 3175796
3162522 3175829
3162532 3175861
3162542 3175888
3162549 3175910
3162561 3175941
3162577 3175975
3162587 3176003
3162601 3176030
3162607 3176042
3162609 3176035
3162605 3176022
3162602 3176004
3162599 3175978
3162589 3175930
3162557 3175816
3162485 3175611
3162380 3175352
3162279 3175126
3162206 3174965
3162147 3174833
3162103 3174734
3162070 3174674
3162059 3174648
3162074 3174680
3162119 3174774
3162155 3174836
3162164 3174840
3162171 3174857
3162189 3174907
3162224 3174997
3162268 3175100
3162303 3175165
3162312 3175175
3162316 3175188
3162323 3175202
3162323 3175219
3162325 3175237
3162325 3175255
3162335 3175292
3162349 3175322
3162353 3175333
3162365 3175360
3162386 3175413
3162413 3175478
3162450 3175565
3162494 3175658
3162534 3175756
3162570 3175848
3162603 3175932
3162634 3176013
3162672 3176091
3162698 3176132
3162718 3176164
3162736 3176192
3162745 3176201
3162753 3176217
3162764 3176257
3162777 3176301
3162789 3176330
3162794 3176341
3162798 3176344
3162803 3176354
3162809 3176371
3162817 3176390
3162824 3176408
3162831 3176429
3162838 3176450
3162847 3176472
3162856 3176496
3162864 3176520
3162873 3176540
3162880 3176556
3162887 3176572
3162894 3176583
3162902 3176593
3162910 3176607
3162915 3176619
3162922 3176636
3162928 3176652
3162932 3176661
3162932 3176662
3162932 3176663
3162925 3176652
3162915 3176636
3162906 3176620
3162896 3176603
3162883 3176582
3162870 3176559
3162860 3176540
3162841 3176491
3162816 3176445
3162790 3176388
3162762 3176332
3162740 3176274
3162703 3176162
3162622 3175944
3162501 3175646
3162386 3175390
3162312 3175239
3162283 3175184
3162299 3175228
3162344 3175325
3162391 3175408
3162420 3175453
3162446 3175508
3162445 3175503
3162410 3175424
3162360 3175317
3162309 3175215
3162264 3175116
3162233 3175044
3162205 3174959
3162149 3174834
3162069 3174684
3162028 3174630
3162068 3174715
3162131 3174831
3162183 3174905
3162203 3174933
3162165 3174830
3162041 3174550
3161928 3174359
3161875 3174305
3161854 3174280
3161901 3174355
3161929 3174396
3161931 3174394
3161922 3174373
3161929 3174386
3161962 3174451
3162026 3174566
3162046 3174598
3162033 3174558
3162001 3174492
3161969 3174433
3161953 3174422
3161985 3174518
3162064 3174691
3162206 3174977
3162302 3175156
3162340 3175213
3162316 3175154
3162267 3175055
3162252 3175035
3162288 3175114
3162324 3175191
3162365 3175294
3162413 3175405
3162443 3175471
3162446 3175486
3162461 3175548
3162509 3175676
3162561 3175805
3162614 3175923
3162656 3176017
3162688 3176083
3162714 3176133
3162740 3176190
3162768 3176251
3162796 3176315
3162820 3176383
3162843 3176439
3162853 3176481
3162854 3176501
3162846 3176510
3162842 3176535
3162843 3176569
3162844 3176597
3162845 3176615
3162830 3176600
3162811 3176560
3162791 3176523
3162774 3176479
3162758 3176436
3162748 3176400
3162739 3176371
3162734 3176346
3162722 3176303
3162708 3176252
3162694 3176206
3162684 3176170
3162682 3176135
3162677 3176077
3162656 3175980
3162592 3175777
3162457 3175474
3162360 3175286
3162288 3175129
3162187 3174927
3162145 3174860
3162135 3174834
3162121 3174804
3162117 3174798
3162122 3174812
3162134 3174850
3162194 3174979
3162290 3175177
3162375 3175360
3162435 3175503
3162485 3175626
3162535 3175748
3162592 3175897
3162667 3176094
3162735 3176262
3162777 3176363
3162797 3176414
3162819 3176475
3162840 3176534
3162854 3176575
3162863 3176598
3162861 3176591
3162843 3176550
3162831 3176525
3162834 3176536
3162836 3176550
3162836 3176560
3162841 3176580
3162851 3176608
3162857 3176627
3162857 3176628
3162854 3176624
3162852 3176618
3162851 3176610
3162854 3176613
3162858 3176617
3162862 3176614
3162865 3176602
3162871 3176601
3162882 3176622
3162898 3176668
3162920 3176724
3162944 3176786
3162970 3176846
3162989 3176887
3163004 3176917
3163026 3176960
3163051 3177009
3163075 3177050
3163097 3177092
3163120 3177137
3163144 3177178
3163153 3177201
3163150 3177199
3163133 3177177
3163134 3177184
3163159 3177226
3163182 3177258
3163188 3177267
3163175 3177251
3163169 3177233
3163173 3177241
3163188 3177264
3163196 3177283
3163204 3177302
3163215 3177320
3163221 3177336
3163224 3177342
3163227 3177348
3163224 3177348
3163223 3177343
3163210 3177327
3163190 3177298
3163168 3177265
3163149 3177235
3163134 3177213
3163116 3177188
3163103 3177166
3163099 3177161
3163091 3177151
3163083 3177141
3163055 3177100
3163009 3177036
3162953 3176962
3162915 3176917
3162879 3176861
3162842 3176795
3162808 3176710
3162728 3176463
3162549 3175968
3162366 3175510
3162234 3175194
3162159 3175005
3162103 3174872
3162084 3174827
3162103 3174860
3162140 3174935
3162169 3174983
3162220 3175073
3162267 3175167
3162326 3175289
3162397 3175439
3162472 3175626
3162557 3175850
3162656 3176126
3162750 3176351
3162816 3176504
3162865 3176628
3162871 3176636
3162873 3176608
3162884 3176595
3162903 3176635
3162916 3176673
3162919 3176703
3162925 3176734
3162940 3176780
3162952 3176826
3162955 3176845
3162951 3176848
3162948 3176844
3162946 3176844
3162942 3176841
3162941 3176844
3162940 3176843
3162939 3176845
3162941 3176855
3162939 3176851
3162927 3176834
3162921 3176815
3162913 3176794
3162898 3176770
3162899 3176773
3162899 3176776
3162903 3176783
3162901 3176790
3162898 3176794
3162894 3176795
3162892 3176795
3162887 3176793
3162884 3176787
3162879 3176775
3162879 3176772
3162879 3176770
3162881 3176773
3162884 3176774
3162885 3176767
3162885 3176759
3162877 3176748
3162871 3176743
3162872 3176748
3162879 3176761
3162884 3176768
3162883 3176759
3162881 3176749
3162880 3176744
3162873 3176724
3162865 3176703
3162859 3176687
3162855 3176675
3162851 3176669
3162852 3176669
3162852 3176673
3162847 3176677
3162842 3176679
3162829 3176659
3162810 3176622
3162789 3176592
3162771 3176566
3162760 3176555
3162746 3176536
3162734 3176517
3162729 3176503
3162728 3176499
3162728 3176501
3162729 3176505
3162733 3176515
3162741 3176541
3162744 3176553
3162732 3176538
3162709 3176493
3162694 3176431
3162676 3176337
3162643 3176228
3162608 3176147
3162611 3176161
3162629 3176197
3162643 3176222
3162646 3176213
3162629 3176158
3162627 3176156
3162667 3176266
3162721 3176414
3162757 3176496
3162769 3176501
3162771 3176464
3162794 3176440
3162846 3176460
3162869 3176446
3162836 3176360
3162767 3176209
3162714 3176075
3162697 3176018
3162694 3175987
3162686 3175945
3162664 3175888
3162611 3175812
3162558 3175759
3162520 3175728
3162501 3175723
3162486 3175720
3162482 3175734
3162495 3175770
3162508 3175797
3162514 3175808
3162512 3175803
3162518 3175801
3162528 3175799
3162539 3175806
3162549 3175818
3162561 3175845
3162570 3175871
3162579 3175903
3162600 3175956
3162624 3176007
3162636 3176034
3162638 3176041
3162627 3176021
3162611 3175977
3162598 3175925
3162602 3175905
3162620 3175933
3162649 3176014
3162681 3176109
3162701 3176168
3162709 3176186
3162712 3176191
3162716 3176201
3162717 3176206
3162720 3176209
3162720 3176211
3162715 3176203
3162718 3176192
3162721 3176196
3162727 3176200
3162737 3176199
3162741 3176187
3162738 3176163
3162738 3176157
3162746 3176182
3162756 3176210
3162760 3176220
3162759 3176214
3162756 3176197
3162757 3176187
3162755 3176177
3162757 3176170
3162754 3176146
3162723 3176062
3162675 3175943
3162608 3175785
3162513 3175573
3162423 3175392
3162347 3175251
3162290 3175152
3162263 3175113
3162231 3175044
3162164 3174920
3162096 3174771
3162018 3174609
3161946 3174457
3161858 3174281
3161776 3174122
3161716 3174016
3161677 3173943
3161656 3173897
3161638 3173861
3161622 3173828
3161607 3173797
3161596 3173772
3161585 3173755
3161583 3173749
3161591 3173774
3161604 3173809
3161612 3173831
3161632 3173879
3161670 3173973
3161722 3174100
3161800 3174270
3161837 3174364
3161882 3174454
3161916 3174506
3161935 3174547
3161953 3174584
3161993 3174679
3162061 3174813
3162137 3174962
3162168 3175022
3162182 3175047
3162188 3175065
3162225 3175147
3162284 3175265
3162353 3175419
3162431 3175588
3162494 3175723
3162536 3175820
3162562 3175871
3162580 3175891
3162595 3175894
3162612 3175905
3162631 3175929
3162664 3175995
3162694 3176067
3162722 3176146
3162746 3176219
3162767 3176302
3162783 3176365
3162790 3176393
3162802 3176434
3162816 3176482
3162830 3176543
3162849 3176592
3162860 3176622
3162868 3176641
3162874 3176660
3162882 3176678
3162888 3176694
3162894 3176715
3162897 3176724
3162892 3176723
3162886 3176715
3162880 3176710
3162885 3176715
3162886 3176724
3162887 3176736
3162890 3176752
3162890 3176766
3162893 3176781
3162892 3176789
3162891 3176797
3162892 3176804
3162891 3176812
3162892 3176815
3162892 3176817
3162891 3176821
3162890 3176822
3162892 3176822
3162891 3176820
3162891 3176823
3162893 3176829
3162899 3176840
3162903 3176852
3162907 3176861
3162909 3176866
3162910 3176871
3162912 3176877
3162915 3176881
3162915 3176884
3162917 3176889
3162918 3176892
3162918 3176893
3162915 3176893
3162916 3176889
3162914 3176887
3162910 3176883
3162909 3176881
3162906 3176877
3162905 3176873
3162902 3176868
3162900 3176861
3162897 3176855
3162896 3176850
3162899 3176855
3162902 3176865
3162909 3176880
3162916 3176883
3162922 3176889
3162924 3176884
3162934 3176899
3162937 3176905
3162937 3176905
3162931 3176897
3162918 3176870
3162902 3176836
3162893 3176808
3162889 3176790
3162886 3176785
3162886 3176789
3162879 3176784
3162866 3176753
3162842 3176689
3162824 3176612
3162808 3176534
3162801 3176473
3162803 3176453
3162810 3176471
3162819 3176498
3162824 3176519
3162823 3176515
3162819 3176501
3162815 3176479
3162811 3176452
3162808 3176435
3162815 3176425
3162822 3176419
3162827 3176418
3162833 3176420
3162838 3176427
3162839 3176428
3162827 3176412
3162834 3176435
3162852 3176471
3162870 3176501
3162886 3176524
3162902 3176545
3162920 3176550
3162934 3176549
3162956 3176570
3162982 3176595
3163008 3176632
3163021 3176655
3163006 3176631
3162984 3176613
3162976 3176627
3162987 3176673
3163015 3176741
3163039 3176800
3163058 3176845
3163068 3176880
3163073 3176901
3163077 3176914
3163077 3176928
3163073 3176931
3163053 3176915
3163021 3176877
3162980 3176817
3162948 3176762
3162932 3176733
3162928 3176717
3162924 3176702
3162921 3176697
3162915 3176696
3162902 3176682
3162885 3176649
3162874 3176619
3162859 3176579
3162843 3176530
3162833 3176490
3162823 3176459
3162813 3176436
3162799 3176414
3162789 3176402
3162781 3176404
3162778 3176411
3162775 3176410
3162774 3176408
3162768 3176397
3162767 3176392
3162766 3176384
3162769 3176383
3162770 3176392
3162773 3176398
3162773 3176407
3162774 3176411
3162778 3176422
3162778 3176433
3162780 3176439
3162779 3176438
3162773 3176430
3162770 3176423
3162768 3176419
3162763 3176415
3162761 3176407
3162761 3176404
3162760 3176404
3162763 3176410
3162767 3176420
3162770 3176433
3162775 3176447
3162779 3176464
3162784 3176473
3162786 3176478
3162786 3176477
3162788 3176482
3162790 3176488
3162789 3176488
3162790 3176484
3162789 3176478
3162788 3176472
3162789 3176465
3162788 3176460
3162791 3176457
3162794 3176462
3162798 3176471
3162802 3176477
3162805 3176484
3162802 3176475
3162809 3176495
3162814 3176505
3162819 3176513
3162823 3176516
3162827 3176523
3162832 3176534
3162838 3176546
3162844 3176559
3162850 3176568
3162854 3176576
3162859 3176580
3162862 3176579
3162864 3176578
3162863 3176574
3162863 3176566
3162863 3176567
3162862 3176559
3162858 3176546
3162854 3176521
3162848 3176503
3162848 3176497
3162852 3176511
3162857 3176537
3162866 3176574
3162870 3176604
3162874 3176614
3162873 3176605
3162871 3176591
3162870 3176575
3162869 3176560
3162869 3176550
3162871 3176547
3162876 3176562
3162880 3176583
3162885 3176602
3162892 3176619
3162893 3176620
3162893 3176616
3162897 3176612
3162900 3176618
3162901 3176620
3162902 3176622
3162905 3176626
3162905 3176629
3162905 3176631
3162902 3176619
3162894 3176593
3162884 3176566
3162877 3176540
3162870 3176522
3162865 3176507
3162859 3176493
3162853 3176478
3162849 3176463
3162844 3176452
3162838 3176440
3162829 3176428
3162823 3176419
3162819 3176414
3162815 3176414
3162813 3176410
3162811 3176409
3162810 3176412
3162808 3176414
3162806 3176420
3162803 3176423
3162801 3176415
3162795 3176398
3162788 3176373
3162783 3176351
3162779 3176332
3162774 3176318
3162768 3176293
3162757 3176256
3162749 3176222
3162744 3176204
3162746 3176208
3162749 3176214
3162752 3176222
3162755 3176224
3162760 3176228
3162766 3176235
3162773 3176246
3162780 3176259
3162784 3176268
3162790 3176270
3162789 3176260
3162785 3176244
3162780 3176218
3162776 3176195
3162770 3176180
3162770 3176179
3162770 3176180
3162772 3176186
3162774 3176199
3162778 3176218
3162782 3176237
3162785 3176247
3162785 3176249
3162786 3176249
3162783 3176240
3162783 3176232
3162779 3176221
3162777 3176208
3162774 3176195
3162774 3176189
3162772 3176187
3162774 3176186
3162774 3176187
3162775 3176189
3162778 3176192
3162778 3176198
3162782 3176209
3162787 3176219
3162789 3176233
3162793 3176251
3162795 3176266
3162798 3176283
3162802 3176297
3162802 3176310
3162804 3176323
3162804 3176332
3162802 3176335
3162797 3176331
3162789 3176324
3162780 3176310
3162774 3176299
3162765 3176286
3162760 3176272
3162751 3176261
3162748 3176254
3162744 3176248
3162741 3176244
3162737 3176234
3162732 3176227
3162730 3176217
3162725 3176202
3162718 3176182
3162709 3176155
3162702 3176131
3162702 3176120
3162709 3176135
3162727 3176173
3162747 3176217
3162765 3176259
3162774 3176283
3162779 3176293
3162776 3176288
3162774 3176275
3162771 3176263
3162768 3176257
3162767 3176253
3162763 3176245
3162756 3176229
3162747 3176203
3162735 3176168
3162722 3176129
3162712 3176093
3162704 3176073
3162704 3176069
3162710 3176089
3162720 3176127
3162733 3176168
3162742 3176196
3162746 3176207
3162747 3176207
3162743 3176196
3162739 3176186
3162739 3176183
3162741 3176193
3162744 3176191
3162740 3176180
3162732 3176154
3162723 3176125
3162716 3176100
3162709 3176080
3162706 3176065
3162706 3176057
3162708 3176056
3162708 3176053
3162711 3176051
3162718 3176064
3162722 3176071
3162724 3176076
3162725 3176074
3162719 3176053
3162698 3176009
3162675 3175952
3162650 3175902
3162623 3175838
3162592 3175770
3162560 3175699
3162527 3175642
3162502 3175595
3162477 3175546
3162455 3175503
3162453 3175503
3162465 3175529
3162469 3175535
3162455 3175503
3162436 3175465
3162427 3175450
3162431 3175464
3162444 3175497
3162466 3175554
3162517 3175672
3162582 3175806
3162617 3175871
3162626 3175895
3162636 3175920
3162647 3175945
3162658 3175976
3162676 3176013
3162689 3176041
3162693 3176051
3162699 3176057
3162706 3176069
3162713 3176095
3162725 3176126
3162740 3176160
3162759 3176210
3162778 3176259
3162795 3176301
3162807 3176340
3162816 3176363
3162821 3176378
3162822 3176384
3162824 3176392
3162821 3176393
3162815 3176393
3162813 3176404
3162818 3176434
3162828 3176463
3162838 3176486
3162841 3176506
3162846 3176519
3162851 3176529
3162850 3176531
3162850 3176525
3162848 3176518
3162847 3176513
3162849 3176512
3162850 3176513
3162850 3176511
3162849 3176512
3162852 3176515
3162855 3176526
3162859 3176539
3162861 3176549
3162866 3176564
3162874 3176579
3162883 3176596
3162890 3176616
3162897 3176638
3162909 3176669
3162918 3176699
3162924 3176719
3162929 3176733
3162927 3176736
3162927 3176734
3162926 3176737
3162928 3176735
3162927 3176737
3162925 3176736
3162924 3176741
3162920 3176738
3162919 3176742
3162915 3176738
3162916 3176743
3162916 3176746
3162920 3176750
3162922 3176752
3162920 3176752
3162918 3176749
3162917 3176746
3162914 3176741
3162914 3176735
3162912 3176729
3162913 3176727
3162915 3176724
3162916 3176719
3162916 3176713
3162913 3176708
3162918 3176713
3162919 3176723
3162924 3176734
3162938 3176754
3162944 3176762
3162954 3176773
3162964 3176785
3162973 3176800
3162975 3176811
3162978 3176817
3162977 3176817
3162977 3176817
3162977 3176808
3162982 3176817
3162980 3176814
3162981 3176817
3162980 3176812
3162973 3176793
3162964 3176781
3162957 3176767
3162950 3176744
3162943 3176727
3162941 3176718
3162941 3176716
3162949 3176732
3162959 3176744
3162966 3176756
3162972 3176763
3162978 3176776
3162988 3176794
3162994 3176799
3162996 3176799
3162996 3176792
3162990 3176771
3162982 3176755
3162977 3176746
3162975 3176750
3162970 3176756
3162961 3176760
3162959 3176771
3162957 3176780
3162951 3176775
3162945 3176756
3162935 3176720
3162922 3176681
3162915 3176656
3162910 3176643
3162904 3176620
3162890 3176585
3162879 3176548
3162867 3176508
3162854 3176469
3162851 3176455
3162862 3176482
3162884 3176525
3162895 3176539
3162899 3176546
3162900 3176544
3162897 3176536
3162898 3176531
3162897 3176527
3162896 3176528
3162905 3176550
3162912 3176574
3162917 3176591
3162923 3176609
3162931 3176630
3162940 3176657
3162949 3176678
3162956 3176692
3162956 3176686
3162950 3176666
3162943 3176634
3162930 3176595
3162915 3176569
3162901 3176548
3162889 3176526
3162879 3176512
3162866 3176497
3162850 3176483
3162840 3176472
3162838 3176465
3162838 3176458
3162836 3176435
3162825 3176393
3162805 3176325
3162780 3176244
3162751 3176158
3162723 3176080
3162697 3176006
3162674 3175946
3162658 3175914
3162650 3175886
3162637 3175852
3162627 3175830
3162617 3175813
3162613 3175798
3162606 3175785
3162604 3175785
3162610 3175807
3162612 3175801
3162607 3175782
3162605 3175776
3162610 3175790
3162625 3175833
3162648 3175895
3162674 3175963
3162701 3176035
3162726 3176107
3162754 3176175
3162775 3176229
3162789 3176267
3162810 3176318
3162829 3176363
3162845 3176403
3162854 3176425
3162860 3176437
3162866 3176446
3162867 3176450
3162871 3176457
3162874 3176467
3162877 3176472
3162877 3176473
3162874 3176470
3162869 3176463
3162859 3176456
3162844 3176428
3162830 3176406
3162826 3176399
3162823 3176400
3162822 3176398
3162820 3176398
3162816 3176390
3162810 3176376
3162803 3176358
3162798 3176335
3162793 3176308
3162782 3176271
3162775 3176233
3162766 3176192
3162751 3176153
3162737 3176116
3162730 3176101
3162739 3176133
3162750 3176166
3162750 3176185
3162744 3176195
3162745 3176219
3162750 3176240
3162754 3176263
3162763 3176294
3162773 3176322
3162781 3176348
3162794 3176375
3162800 3176397
3162806 3176410
3162810 3176420
3162816 3176432
3162813 3176432
3162807 3176422
3162810 3176432
3162808 3176435
3162806 3176434
3162798 3176428
3162796 3176428
3162794 3176434
3162802 3176451
3162811 3176466
3162815 3176478
3162823 3176492
3162830 3176507
3162840 3176524
3162847 3176539
3162850 3176551
3162851 3176561
3162853 3176570
3162851 3176576
3162849 3176580
3162846 3176576
3162844 3176577
3162838 3176572
3162833 3176565
3162825 3176553
3162817 3176540
3162810 3176530
3162807 3176528
3162809 3176529
3162811 3176537
3162815 3176546
3162819 3176555
3162828 3176566
3162835 3176582
3162849 3176597
3162860 3176610
3162866 3176614
3162867 3176614
3162863 3176609
3162857 3176600
3162853 3176595
3162846 3176586
3162843 3176582
3162841 3176582
3162843 3176583
3162847 3176586
3162848 3176587
3162842 3176576
3162838 3176566
3162836 3176562
3162839 3176565
3162844 3176566
3162848 3176571
3162850 3176571
3162849 3176568
3162847 3176557
3162843 3176552
3162840 3176543
3162837 3176534
3162829 3176522
3162822 3176511
3162816 3176499
3162816 3176495
3162812 3176488
3162807 3176477
3162804 3176471
3162801 3176466
3162800 3176460
3162794 3176452
3162790 3176441
3162786 3176434
3162788 3176432
3162793 3176435
3162799 3176436
3162797 3176423
3162792 3176407
3162785 3176390
3162784 3176381
3162780 3176372
3162780 3176366
3162776 3176356
3162772 3176347
3162766 3176338
3162764 3176332
3162763 3176328
3162760 3176322
3162758 3176314
3162755 3176306
3162751 3176298
3162748 3176284
3162743 3176272
3162736 3176252
3162726 3176230
3162720 3176211
3162715 3176191
3162705 3176168
3162698 3176148
3162688 3176125
3162680 3176109
3162675 3176097
3162673 3176088
3162670 3176079
3162669 3176073
3162668 3176065
3162666 3176058
3162661 3176049
3162663 3176042
3162658 3176033
3162655 3176024
3162652 3176012
3162645 3175999
3162641 3175990
3162638 3175985
3162635 3175984
3162635 3175985
3162635 3175980
3162633 3175977
3162631 3175971
3162629 3175969
3162628 3175966
3162624 3175960
3162623 3175955
3162620 3175950
3162618 3175948
3162618 3175943
3162617 3175942
3162617 3175941
3162618 3175943
3162619 3175945
3162620 3175947
3162621 3175949
3162621 3175948
3162620 3175950
3162619 3175952
3162619 3175955
3162617 3175958
3162616 3175959
3162614 3175961
3162613 3175962
3162612 3175963
3162610 3175963
3162608 3175959
3162605 3175954
3162601 3175946
3162599 3175942
3162597 3175939
3162596 3175935
3162595 3175930
3162594 3175922
3162589 3175914
3162584 3175904
3162582 3175894
3162580 3175884
3162577 3175879
3162575 3175873
3162575 3175867
3162572 3175863
3162571 3175857
3162567 3175852
3162565 3175846
3162562 3175840
3162561 3175835
3162560 3175830
3162556 3175819
3162554 3175805
3162550 3175791
3162542 3175773
3162536 3175752
3162527 3175733
3162517 3175711
3162508 3175688
3162499 3175665
3162488 3175639
3162478 3175614
3162468 3175593
3162460 3175572
3162452 3175550
3162445 3175530
3162435 3175507
3162428 3175486
3162421 3175468
3162411 3175446
3162403 3175428
3162392 3175406
3162381 3175381
3162373 3175362
3162366 3175349
3162361 3175345
3162364 3175351
3162369 3175367
3162380 3175399
3162396 3175445
3162421 3175515
3162454 3175597
3162483 3175676
3162508 3175747
3162529 3175806
3162546 3175846
3162554 3175878
3162573 3175922
3162586 3175949
3162590 3175955
3162590 3175958
3162597 3175968
3162602 3175975
3162608 3175984
3162608 3175980
3162606 3175973
3162603 3175961
3162600 3175941
3162591 3175915
3162578 3175884
3162563 3175847
3162552 3175817
3162544 3175793
3162534 3175769
3162526 3175747
3162519 3175725
3162515 3175718
3162514 3175727
3162518 3175749
3162523 3175770
3162528 3175787
3162529 3175802
3162535 3175820
3162540 3175845
3162550 3175876
3162561 3175906
3162571 3175933
3162581 3175961
3162595 3175991
3162608 3176020
3162619 3176045
3162629 3176063
3162637 3176076
3162643 3176080
3162646 3176073
3162643 3176057
3162641 3176036
3162632 3176010
3162620 3175986
3162611 3175971
3162606 3175964
3162603 3175962
3162598 3175964
3162602 3175980
3162609 3176002
3162616 3176023
3162621 3176042
3162630 3176068
3162645 3176106
3162659 3176141
3162667 3176163
3162672 3176172
3162679 3176185
3162678 3176188
3162682 3176198
3162688 3176207
3162691 3176207
3162693 3176201
3162694 3176198
3162697 3176199
3162702 3176199
3162705 3176197
3162705 3176194
3162701 3176191
3162697 3176195
3162696 3176203
3162697 3176208
3162703 3176210
3162711 3176210
3162708 3176209
3162705 3176218
3162710 3176233
3162715 3176240
3162718 3176245
3162713 3176247
3162710 3176253
3162705 3176255
3162701 3176255
3162703 3176258
3162702 3176261
3162702 3176261
3162696 3176255
3162697 3176256
3162698 3176257
3162699 3176254
3162699 3176256
3162704 3176259
3162707 3176259
3162705 3176260
3162703 3176271
3162704 3176284
3162709 3176296
3162713 3176291
3162708 3176273
3162703 3176263
3162702 3176260
3162700 3176243
3162687 3176215
3162675 3176177
3162656 3176140
3162654 3176140
3162662 3176176
3162676 3176221
3162677 3176243
3162674 3176244
3162668 3176223
3162658 3176200
3162664 3176209
3162689 3176268
3162720 3176339
3162746 3176407
3162768 3176458
3162780 3176490
3162790 3176515
3162799 3176537
3162804 3176560
3162804 3176571
3162801 3176578
3162796 3176582
3162794 3176577
3162789 3176578
3162791 3176581
3162790 3176584
3162791 3176587
3162790 3176591
3162788 3176595
3162782 3176592
3162780 3176594
3162777 3176600
3162777 3176603
3162778 3176606
3162776 3176609
3162774 3176610
3162774 3176611
3162772 3176610
3162769 3176606
3162769 3176604
3162768 3176601
3162767 3176595
3162764 3176591
3162762 3176585
3162760 3176583
3162759 3176582
3162758 3176580
3162759 3176582
3162759 3176585
3162760 3176587
3162761 3176590
3162760 3176591
3162762 3176593
3162761 3176594
3162760 3176596
3162760 3176597
3162760 3176597
3162760 3176597
3162760 3176598
3162759 3176601
3162760 3176602
3162760 3176608
3162762 3176614
3162764 3176621
3162765 3176626
3162769 3176629
3162771 3176633
3162777 3176642
3162779 3176648
3162782 3176649
3162779 3176647
3162780 3176649
3162781 3176650
3162785 3176656
3162789 3176662
3162794 3176664
3162792 3176660
3162790 3176656
3162791 3176653
3162793 3176653
3162799 3176656
3162804 3176661
3162808 3176664
3162808 3176671
3162815 3176680
3162820 3176687
3162823 3176689
3162824 3176689
3162823 3176689
3162827 3176696
3162830 3176705
3162832 3176711
3162836 3176715
3162839 3176723
3162844 3176731
3162847 3176738
3162851 3176741
3162853 3176742
3162854 3176742
3162856 3176740
3162858 3176740
3162859 3176742
3162863 3176740
3162869 3176746
3162877 3176761
3162889 3176776
3162898 3176792
3162908 3176805
3162916 3176822
3162925 3176835
3162938 3176852
3162952 3176874
3162966 3176895
3162977 3176911
3162985 3176922
3162993 3176935
3163001 3176946
3163004 3176954
3163001 3176955
3162995 3176949
3162984 3176931
3162963 3176901
3162938 3176867
3162907 3176826
3162880 3176802
3162873 3176799
3162872 3176802
3162867 3176792
3162854 3176773
3162839 3176748
3162826 3176722
3162815 3176703
3162802 3176685
3162787 3176664
3162767 3176631
3162760 3176624
3162772 3176642
3162788 3176677
3162802 3176694
3162805 3176689
3162803 3176671
3162804 3176662
3162810 3176660
3162811 3176657
3162808 3176654
3162805 3176648
3162802 3176643
3162801 3176638
3162802 3176635
3162801 3176635
3162800 3176635
3162799 3176641
3162802 3176643
3162808 3176648
3162818 3176651
3162821 3176656
3162826 3176663
3162830 3176673
3162834 3176685
3162841 3176697
3162845 3176704
3162848 3176715
3162856 3176736
3162864 3176758
3162874 3176786
3162884 3176805
3162888 3176817
3162891 3176824
3162889 3176828
3162885 3176832
3162882 3176830
3162881 3176823
3162880 3176819
3162880 3176824
3162883 3176834
3162889 3176843
3162896 3176858
3162905 3176874
3162912 3176885
3162918 3176896
3162929 3176906
3162939 3176917
3162951 3176936
3162965 3176956
3162971 3176973
3162978 3176990
3162984 3177006
3162992 3177029
3162998 3177046
3163003 3177067
3163011 3177086
3163018 3177111
3163024 3177137
3163032 3177155
3163031 3177160
3163033 3177160
3163031 3177157
3163028 3177156
3163024 3177148
3163017 3177134
3163011 3177126
3163009 3177125
3163014 3177139
3163016 3177151
3163023 3177164
3163027 3177171
3163031 3177184
3163032 3177188
3163037 3177194
3163042 3177201
3163048 3177210
3163049 3177218
3163050 3177217
3163051 3177217
3163052 3177219
3163053 3177221
3163053 3177223
3163053 3177222
3163049 3177220
3163046 3177218
3163046 3177218
3163048 3177224
3163051 3177232
3163052 3177236
3163055 3177236
3163054 3177237
3163054 3177238
3163056 3177237
3163058 3177238
3163059 3177241
3163059 3177238
3163062 3177242
3163064 3177246
3163064 3177247
3163062 3177245
3163059 3177240
3163053 3177228
3163048 3177218
3163040 3177201
3163030 3177185
3163021 3177166
3163009 3177147
3163002 3177130
3162994 3177113
3162989 3177098
3162980 3177079
3162974 3177066
3162967 3177052
3162960 3177033
3162954 3177015
3162948 3177000
3162946 3176987
3162944 3176976
3162943 3176971
3162942 3176962
3162944 3176955
3162942 3176949
3162945 3176940
3162940 3176929
3162936 3176918
3162930 3176905
3162926 3176898
3162925 3176892
3162923 3176885
3162921 3176879
3162917 3176873
3162916 3176866
3162915 3176861
3162915 3176856
3162912 3176848
3162913 3176841
3162911 3176832
3162909 3176825
3162907 3176819
3162906 3176816
3162907 3176817
3162908 3176819
3162911 3176821
3162911 3176827
3162911 3176838
3162910 3176848
3162909 3176856
3162909 3176861
3162910 3176866
3162913 3176871
3162916 3176879
3162922 3176883
3162924 3176882
3162929 3176880
3162928 3176877
3162929 3176876
3162929 3176884
3162927 3176887
3162928 3176896
3162929 3176904
3162933 3176915
3162940 3176933
3162947 3176950
3162949 3176959
3162954 3176962
3162955 3176962
3162957 3176960
3162958 3176958
3162960 3176958
3162962 3176959
3162968 3176967
3162972 3176970
3162974 3176964
3162964 3176939
3162940 3176872
3162886 3176728
3162805 3176503
3162708 3176230
3162605 3175959
3162492 3175656
3162389 3175382
3162326 3175227
3162321 3175219
3162351 3175298
3162411 3175453
3162491 3175654
3162569 3175860
3162654 3176088
3162727 3176281
3162777 3176405
3162810 3176488
3162829 3176534
3162831 3176545
3162824 3176547
3162827 3176569
3162836 3176598
3162842 3176618
3162840 3176628
3162835 3176635
3162828 3176641
3162827 3176642
3162832 3176630
3162820 3176535
3162753 3176296
3162568 3175798
3162343 3175312
3162201 3175052
3162163 3175003
3162195 3175109
3162259 3175264
3162320 3175401
3162363 3175487
3162382 3175519
3162393 3175533
3162405 3175554
3162421 3175573
3162443 3175606
3162475 3175660
3162503 3175692
3162503 3175670
3162506 3175673
3162513 3175689
3162511 3175678
3162535 3175749
3162587 3175877
3162630 3175980
3162708 3176190
3162808 3176452
3162895 3176689
3162959 3176866
3162981 3176920
3162975 3176880
3162955 3176821
3162907 3176676
3162876 3176586
3162886 3176598
3162888 3176551
3162853 3176458
3162852 3176458
3162834 3176423
3162794 3176328
3162742 3176202
3162697 3176103
3162665 3176038
3162650 3176008
3162639 3175979
3162626 3175955
3162611 3175941
3162602 3175942
3162597 3175943
3162597 3175944
3162601 3175939
3162610 3175936
3162625 3175939
3162642 3175958
3162655 3175961
3162662 3175956
3162668 3175957
3162673 3175974
3162685 3176020
3162716 3176108
3162747 3176189
3162779 3176261
3162804 3176321
3162827 3176376
3162848 3176431
3162865 3176471
3162867 3176482
3162868 3176478
3162859 3176462
3162849 3176443
3162842 3176434
3162834 3176427
3162828 3176421
3162815 3176404
3162794 3176365
3162777 3176333
3162766 3176317
3162764 3176319
3162767 3176336
3162773 3176355
3162779 3176367
3162784 3176379
3162789 3176390
3162794 3176400
3162803 3176411
3162809 3176425
3162816 3176434
3162819 3176438
3162820 3176439
3162819 3176433
3162811 3176419
3162802 3176404
3162794 3176389
3162784 3176372
3162773 3176347
3162760 3176317
3162743 3176277
3162726 3176227
3162700 3176151
3162665 3176050
3162621 3175924
3162566 3175767
3162482 3175559
3162420 3175409
3162371 3175294
3162337 3175220
3162330 3175207
3162337 3175222
3162341 3175235
3162347 3175250
3162357 3175278
3162369 3175307
3162389 3175353
3162409 3175395
3162423 3175426
3162432 3175447
3162437 3175459
3162440 3175469
3162447 3175486
3162456 3175511
3162471 3175544
3162482 3175575
3162487 3175589
3162504 3175622
3162520 3175651
3162546 3175714
3162567 3175769
3162585 3175821
3162603 3175883
3162605 3175910
3162593 3175910
3162584 3175911
3162576 3175917
3162574 3175935
3162575 3175955
3162573 3175970
3162573 3175981
3162574 3175992
3162575 3176001
3162574 3176004
3162571 3175998
3162567 3175992
3162562 3175984
3162557 3175974
3162553 3175964
3162548 3175957
3162545 3175948
3162537 3175937
3162532 3175925
3162530 3175920
3162528 3175919
3162525 3175916
3162524 3175916
3162523 3175914
3162524 3175914
3162528 3175915
3162533 3175916
3162537 3175915
3162544 3175918
3162550 3175921
3162555 3175921
3162556 3175919
3162557 3175913
3162557 3175904
3162556 3175891
3162554 3175881
3162557 3175885
3162569 3175910
3162584 3175946
3162598 3175986
3162616 3176028
3162634 3176075
3162657 3176125
3162676 3176173
3162693 3176216
3162708 3176252
3162720 3176284
3162731 3176309
3162742 3176327
3162746 3176331
3162748 3176324
3162755 3176319
3162764 3176319
3162772 3176332
3162776 3176345
3162778 3176345
3162781 3176326
3162785 3176302
3162784 3176294
3162784 3176309
3162793 3176318
3162796 3176303
3162797 3176287
3162797 3176291
3162796 3176308
3162789 3176322
3162789 3176322
3162784 3176302
3162769 3176261
3162756 3176237
3162750 3176240
3162749 3176258
3162753 3176289
3162735 3176248
3162700 3176161
3162683 3176113
3162669 3176079
3162656 3176049
3162646 3176033
3162638 3176012
3162625 3175972
3162606 3175912
3162579 3175838
3162561 3175797
3162560 3175792
3162568 3175812
3162575 3175841
3162579 3175865
3162580 3175894
3162587 3175944
3162595 3175989
3162601 3176019
3162603 3176038
3162606 3176046
3162605 3176054
3162604 3176060
3162603 3176063
3162605 3176066
3162607 3176067
3162611 3176069
3162619 3176073
3162628 3176067
3162630 3176043
3162622 3176011
3162596 3175958
3162562 3175900
3162545 3175866
3162560 3175882
3162591 3175937
3162624 3176001
3162640 3176042
3162649 3176047
3162656 3176041
3162663 3176025
3162669 3176011
3162678 3176018
3162687 3176034
3162692 3176042
3162691 3176033
3162681 3176015
3162679 3176000
3162672 3175988
3162675 3175994
3162678 3175992
3162667 3175965
3162645 3175913
3162623 3175857
3162609 3175813
3162612 3175823
3162625 3175877
3162640 3175937
3162655 3175991
3162664 3176023
3162665 3176034
3162661 3176026
3162657 3176018
3162654 3176013
3162652 3176014
3162657 3176021
3162659 3176025
3162659 3176025
3162654 3176013
3162650 3176004
3162649 3176003
3162646 3176000
3162645 3175996
3162644 3175994
3162644 3175991
3162645 3175992
3162643 3175988
3162645 3175994
3162652 3176005
3162659 3176017
3162664 3176034
3162673 3176054
3162681 3176077
3162684 3176090
3162690 3176101
3162693 3176111
3162700 3176131
3162709 3176150
3162717 3176171
3162725 3176197
3162740 3176233
3162757 3176277
3162775 3176313
3162784 3176337
3162787 3176353
3162786 3176363
3162787 3176370
3162786 3176377
3162786 3176379
3162787 3176385
3162788 3176388
3162789 3176391
3162794 3176397
3162793 3176402
3162793 3176407
3162791 3176406
3162789 3176406
3162787 3176403
3162782 3176400
3162776 3176394
3162773 3176391
3162771 3176391
3162774 3176396
3162777 3176402
3162784 3176412
3162789 3176423
3162794 3176435
3162801 3176447
3162807 3176459
3162811 3176467
3162813 3176466
3162813 3176462
3162807 3176451
3162802 3176438
3162797 3176426
3162792 3176412
3162778 3176389
3162765 3176357
3162745 3176318
3162719 3176274
3162697 3176226
3162677 3176186
3162662 3176152
3162648 3176121
3162638 3176093
3162629 3176068
3162621 3176048
3162613 3176024
3162605 3176001
3162594 3175980
3162585 3175956
3162577 3175935
3162570 3175922
3162565 3175903
3162559 3175889
3162555 3175878
3162552 3175867
3162545 3175854
3162536 3175831
3162525 3175810
3162513 3175787
3162498 3175756
3162478 3175713
3162457 3175671
3162441 3175637
3162429 3175602
3162409 3175559
3162392 3175520
3162385 3175504
3162380 3175490
3162371 3175470
3162363 3175448
3162357 3175432
3162362 3175437
3162374 3175451
3162384 3175456
3162392 3175462
3162409 3175478
3162422 3175494
3162440 3175527
3162456 3175557
3162465 3175565
3162465 3175556
3162471 3175562
3162476 3175570
3162480 3175577
3162489 3175592
3162500 3175618
3162516 3175647
3162528 3175673
3162538 3175687
3162545 3175695
3162552 3175706
3162559 3175715
3162562 3175722
3162567 3175731
3162572 3175743
3162576 3175754
3162578 3175764
3162577 3175769
3162576 3175778
3162576 3175790
3162578 3175810
3162579 3175827
3162580 3175839
3162580 3175846
3162578 3175848
3162574 3175842
3162570 3175836
3162565 3175825
3162563 3175818
3162559 3175807
3162558 3175797
3162553 3175786
3162547 3175773
3162542 3175761
3162537 3175745
3162533 3175737
3162528 3175727
3162526 3175720
3162526 3175720
3162526 3175718
3162523 3175715
3162518 3175710
3162515 3175698
3162510 3175685
3162504 3175667
3162497 3175648
3162491 3175633
3162488 3175622
3162487 3175621
3162487 3175622
3162490 3175622
3162491 3175627
3162497 3175641
3162508 3175666
3162520 3175693
3162527 3175692
3162525 3175685
3162512 3175636
3162483 3175557
3162451 3175505
3162419 3175461
3162402 3175433
3162403 3175434
3162412 3175451
3162423 3175472
3162431 3175489
3162436 3175498
3162436 3175494
3162435 3175490
3162436 3175489
3162435 3175483
3162434 3175477
3162429 3175465
3162425 3175454
3162421 3175443
3162416 3175430
3162413 3175419
3162408 3175406
3162407 3175402
3162405 3175396
3162404 3175389
3162404 3175389
3162409 3175392
3162408 3175390
3162406 3175382
3162405 3175379
3162406 3175378
3162403 3175369
3162399 3175360
3162396 3175357
3162401 3175365
3162406 3175376
3162412 3175386
3162417 3175394
3162420 3175401
3162426 3175416
3162436 3175436
3162451 3175462
3162463 3175485
3162472 3175503
3162479 3175513
3162488 3175529
3162497 3175544
3162495 3175532
3162473 3175479
3162440 3175412
3162408 3175351
3162382 3175298
3162364 3175261
3162354 3175243
3162351 3175229
3162338 3175207
3162332 3175192
3162324 3175177
3162316 3175153
3162304 3175128
3162287 3175099
3162271 3175067
3162256 3175047
3162253 3175043
3162259 3175059
3162264 3175072
3162264 3175073
3162260 3175065
3162252 3175046
3162229 3174998
3162205 3174948
3162181 3174890
3162157 3174847
3162141 3174815
3162132 3174809
3162132 3174824
3162143 3174846
3162149 3174860
3162150 3174858
3162146 3174847
3162140 3174835
3162137 3174834
3162137 3174845
3162154 3174882
3162176 3174931
3162197 3174972
3162213 3174993
3162216 3174988
3162208 3174971
3162188 3174921
3162170 3174883
3162139 3174815
3162123 3174779
3162130 3174787
3162151 3174824
3162162 3174842
3162166 3174851
3162169 3174859
3162184 3174892
3162208 3174945
3162231 3174986
3162252 3175033
3162272 3175070
3162279 3175087
3162276 3175078
3162261 3175048
3162242 3175018
3162251 3175040
3162236 3175008
3162227 3174990
3162221 3174984
3162224 3174992
3162224 3174996
3162218 3174992
3162210 3174980
3162202 3174967
3162195 3174961
3162193 3174958
3162192 3174955
3162193 3174960
3162191 3174959
3162199 3174975
3162218 3175018
3162233 3175048
3162234 3175058
3162221 3175030
3162217 3175029
3162225 3175049
3162230 3175061
3162232 3175067
3162235 3175080
3162247 3175107
3162264 3175144
3162285 3175188
3162311 3175243
3162342 3175313
3162380 3175393
3162412 3175462
3162432 3175504
3162440 3175521
3162439 3175518
3162431 3175499
3162417 3175464
3162393 3175415
3162370 3175370
3162348 3175326
3162340 3175313
3162346 3175332
3162366 3175378
3162386 3175427
3162401 3175464
3162416 3175503
3162430 3175543
3162448 3175587
3162463 3175621
3162469 3175636
3162468 3175630
3162477 3175651
3162506 3175714
3162537 3175778
3162557 3175820
3162570 3175844
3162577 3175858
3162584 3175876
3162593 3175899
3162600 3175919
3162607 3175940
3162610 3175952
3162612 3175963
3162613 3175975
3162615 3175985
3162617 3175992
3162616 3175998
3162620 3176006
3162621 3176010
3162624 3176016
3162624 3176022
3162626 3176027
3162628 3176031
3162631 3176035
3162631 3176039
3162631 3176039
3162632 3176039
3162633 3176043
3162637 3176044
3162639 3176048
3162641 3176051
3162643 3176048
3162642 3176046
3162642 3176040
3162643 3176038
3162646 3176041
3162650 3176046
3162654 3176054
3162661 3176065
3162666 3176073
3162670 3176081
3162673 3176085
3162675 3176091
3162678 3176097
3162681 3176102
3162681 3176107
3162679 3176107
3162677 3176101
3162672 3176091
3162667 3176077
3162663 3176070
3162663 3176068
3162660 3176065
3162662 3176063
3162660 3176062
3162658 3176057
3162655 3176050
3162652 3176039
3162649 3176032
3162646 3176024
3162646 3176018
3162645 3176014
3162644 3176010
3162644 3176008
3162643 3176007
3162643 3176006
3162646 3176007
3162647 3176011
3162647 3176015
3162649 3176016
3162649 3176015
3162651 3176017
3162651 3176014
3162651 3176014
3162651 3176012
3162652 3176014
3162650 3176017
3162654 3176015
3162652 3176015
3162653 3176014
3162654 3176013
3162652 3176012
3162652 3176012
3162654 3176012
3162652 3176016
3162653 3176013
3162654 3176017
3162655 3176019
3162656 3176024
3162659 3176029
3162658 3176034
3162660 3176037
3162658 3176036
3162658 3176040
3162657 3176040
3162656 3176043
3162656 3176045
3162658 3176053
3162659 3176064
3162661 3176076
3162664 3176089
3162669 3176102
3162674 3176117
3162680 3176130
3162684 3176141
3162692 3176155
3162697 3176165
3162703 3176175
3162709 3176184
3162717 3176192
3162722 3176196
3162726 3176193
3162728 3176185
3162727 3176177
3162722 3176168
3162719 3176155
3162714 3176146
3162709 3176135
3162702 3176124
3162699 3176114
3162699 3176107
3162698 3176100
3162698 3176090
3162697 3176082
3162695 3176072
3162692 3176065
3162689 3176058
3162686 3176056
3162685 3176050
3162686 3176048
3162686 3176045
3162688 3176040
3162687 3176037
3162685 3176032
3162683 3176028
3162684 3176024
3162680 3176017
3162676 3176016
3162674 3176012
3162675 3176008
3162673 3176005
3162672 3176003
3162671 3175998
3162668 3175999
3162669 3175995
3162669 3175993
3162666 3175989
3162663 3175983
3162661 3175978
3162660 3175975
3162658 3175967
3162658 3175966
3162657 3175962
3162656 3175960
3162654 3175958
3162652 3175956
3162652 3175955
3162652 3175955
3162651 3175953
3162650 3175954
3162651 3175953
3162651 3175952
3162651 3175947
3162649 3175946
3162649 3175940
3162648 3175938
3162645 3175936
3162643 3175930
3162641 3175925
3162641 3175922
3162638 3175918
3162638 3175915
3162637 3175911
3162635 3175910
3162633 3175907
3162632 3175902
3162632 3175902
3162630 3175899
3162631 3175900
3162630 3175898
3162630 3175897
3162631 3175897
3162629 3175896
3162628 3175895
3162628 3175894
3162630 3175894
3162628 3175893
3162629 3175895
3162630 3175892
3162629 3175893
3162631 3175892
3162629 3175893
3162630 3175894
3162631 3175892
3162630 3175893
3162631 3175894
3162631 3175894
3162632 3175893
3162632 3175895
3162633 3175895
3162632 3175896
3162633 3175896
3162634 3175897
3162633 3175895
3162634 3175895
3162633 3175895
3162634 3175893
3162634 3175893
3162635 3175895
3162634 3175896
3162636 3175896
3162636 3175897
3162636 3175897
3162637 3175897
3162637 3175898
3162637 3175899
3162637 3175899
3162639 3175900
3162641 3175902
3162642 3175902
3162641 3175903
3162641 3175903
3162643 3175903
3162643 3175903
3162643 3175904
3162642 3175903
3162643 3175903
3162639 3175901
3162639 3175899
3162638 3175899
3162638 3175898
3162636 3175896
3162637 3175896
3162636 3175895
3162636 3175894
3162635 3175895
3162634 3175895
3162634 3175894
3162633 3175894
3162634 3175893
3162635 3175892
3162634 3175893
3162635 3175894
3162635 3175890
3162635 3175892
3162634 3175892
3162634 3175892
3162635 3175893
3162634 3175892
3162635 3175892
3162635 3175891
3162635 3175891
3162636 3175890
3162634 3175892
3162636 3175891
3162636 3175890
3162635 3175891
3162637 3175890
3162636 3175892
3162636 3175890
3162636 3175889
3162636 3175890
3162635 3175889
3162635 3175889
3162636 3175889
3162636 3175890
3162636 3175889
3162636 3175891
3162639 3175889
3162638 3175890
3162637 3175890
3162637 3175890
3162639 3175892
3162638 3175891
3162638 3175890
3162639 3175890
3162638 3175890
3162638 3175888
3162639 3175889
3162640 3175888
3162638 3175888
3162639 3175886
3162637 3175888
3162636 3175887
3162636 3175887
3162637 3175887
3162638 3175887
3162639 3175885
3162637 3175887
3162640 3175885
3162639 3175888
3162641 3175887
3162640 3175888
3162640 3175888
3162641 3175888
3162641 3175892
3162648 3175904
3162657 3175924
3162667 3175950
3162681 3175979
3162691 3176007
3162702 3176027
3162708 3176039
3162711 3176045
3162712 3176052
3162718 3176060
3162724 3176067
3162734 3176083
3162741 3176094
3162747 3176105
3162756 3176113
3162760 3176118
3162767 3176123
3162772 3176130
3162778 3176139
3162782 3176149
3162787 3176156
3162790 3176154
3162793 3176156
3162790 3176150
3162789 3176144
3162784 3176139
3162780 3176135
3162778 3176132
3162776 3176127
3162772 3176116
3162766 3176103
3162757 3176094
3162750 3176085
3162742 3176074
3162734 3176059
3162729 3176046
3162721 3176031
3162716 3176015
3162707 3175999
3162700 3175982
3162692 3175967
3162684 3175955
3162683 3175942
3162678 3175937
3162676 3175934
3162673 3175930
3162671 3175929
3162669 3175926
3162664 3175916
3162659 3175909
3162658 3175909
3162657 3175913
3162656 3175917
3162657 3175921
3162658 3175922
3162657 3175919
3162656 3175911
3162650 3175899
3162647 3175887
3162644 3175871
3162638 3175857
3162635 3175847
3162632 3175844
3162633 3175840
3162632 3175839
3162631 3175837
3162631 3175833
3162631 3175833
3162629 3175829
3162628 3175828
3162626 3175826
3162629 3175822
3162627 3175814
3162623 3175805
3162617 3175790
3162610 3175771
3162601 3175753
3162594 3175734
3162586 3175715
3162577 3175694
3162570 3175677
3162564 3175659
3162559 3175649
3162553 3175637
3162553 3175630
3162549 3175621
3162543 3175610
3162539 3175599
3162535 3175588
3162531 3175580
3162527 3175575
3162524 3175567
3162520 3175559
3162514 3175551
3162512 3175540
3162508 3175536
3162507 3175534
3162509 3175538
3162513 3175542
3162516 3175549
3162521 3175557
3162526 3175568
3162533 3175578
3162537 3175587
3162541 3175594
3162543 3175600
3162547 3175604
3162550 3175613
3162551 3175616
3162554 3175620
3162558 3175629
3162561 3175641
3162567 3175654
3162574 3175670
3162581 3175690
3162590 3175709
3162595 3175725
3162599 3175738
3162605 3175756
3162610 3175765
3162614 3175778
3162617 3175785
3162620 3175792
3162623 3175798
3162625 3175802
3162624 3175807
3162626 3175809
3162628 3175812
3162628 3175813
3162628 3175814
3162627 3175814
3162627 3175816
3162629 3175817
3162629 3175815
3162628 3175818
3162628 3175814
3162628 3175813
3162627 3175809
3162628 3175806
3162628 3175805
3162627 3175803
3162626 3175801
3162627 3175800
3162626 3175799
3162626 3175793
3162625 3175787
3162624 3175782
3162622 3175775
3162621 3175772
3162618 3175770
3162619 3175769
3162618 3175771
3162623 3175777
3162625 3175785
3162632 3175796
3162638 3175813
3162642 3175827
3162648 3175840
3162653 3175850
3162658 3175863
3162663 3175874
3162665 3175885
3162668 3175896
3162672 3175906
3162674 3175915
3162678 3175926
3162684 3175937
3162685 3175945
3162688 3175954
3162690 3175960
3162692 3175969
3162695 3175976
3162698 3175983
3162700 3175988
3162702 3175994
3162704 3175996
3162704 3175998
3162706 3176000
3162706 3176001
3162706 3175997
3162706 3175997
3162709 3176000
3162714 3176004
3162715 3176003
3162717 3175999
3162714 3175990
3162712 3175984
3162712 3175981
3162711 3175983
3162714 3175988
3162720 3176002
3162726 3176018
3162734 3176035
3162739 3176047
3162744 3176061
3162751 3176079
3162757 3176095
3162759 3176105
3162762 3176119
3162767 3176141
3162772 3176161
3162776 3176178
3162782 3176196
3162788 3176218
3162795 3176235
3162800 3176241
3162803 3176236
3162805 3176233
3162809 3176225
3162812 3176221
3162812 3176207
3162805 3176188
3162801 3176166
3162792 3176142
3162786 3176122
3162778 3176099
3162767 3176080
3162765 3176070
3162762 3176063
3162762 3176062
3162760 3176064
3162758 3176064
3162756 3176062
3162754 3176061
3162749 3176059
3162746 3176057
3162743 3176055
3162741 3176059
3162745 3176070
3162748 3176081
3162751 3176098
3162754 3176108
3162755 3176112
3162753 3176118
3162754 3176117
3162754 3176119
3162753 3176124
3162757 3176130
3162762 3176140
3162764 3176149
3162770 3176153
3162772 3176154
3162773 3176156
3162772 3176149
3162770 3176143
3162769 3176139
3162768 3176132
3162761 3176120
3162756 3176106
3162749 3176090
3162742 3176072
3162735 3176053
3162728 3176037
3162723 3176023
3162721 3176018
3162718 3176013
3162719 3176015
3162719 3176019
3162719 3176021
3162721 3176028
3162722 3176037
3162724 3176049
3162726 3176058
3162728 3176067
3162731 3176079
3162734 3176091
3162737 3176104
3162739 3176116
3162744 3176126
3162741 3176133
3162742 3176135
3162741 3176137
3162743 3176138
3162742 3176140
3162745 3176143
3162744 3176144
3162744 3176142
3162745 3176137
3162744 3176130
3162742 3176122
3162738 3176111
3162736 3176100
3162731 3176087
3162727 3176071
3162724 3176057
3162717 3176039
3162711 3176017
3162701 3175993
3162694 3175970
3162679 3175933
3162666 3175901
3162659 3175888
3162652 3175871
3162642 3175849
3162629 3175822
3162617 3175786
3162601 3175744
3162586 3175706
3162572 3175674
3162559 3175646
3162548 3175623
3162539 3175608
3162530 3175587
3162518 3175566
3162510 3175552
3162503 3175545
3162499 3175539
3162494 3175533
3162490 3175530
3162487 3175524
3162485 3175522
3162484 3175528
3162487 3175541
3162490 3175553
3162493 3175562
3162496 3175575
3162503 3175595
3162509 3175607
3162517 3175602
3162517 3175571
3162509 3175524
3162497 3175504
3162484 3175512
3162480 3175528
3162482 3175542
3162490 3175550
3162495 3175557
3162497 3175563
3162499 3175569
3162502 3175576
3162505 3175580
3162502 3175575
3162498 3175564
3162492 3175550
3162486 3175543
3162481 3175534
3162479 3175525
3162475 3175517
3162471 3175507
3162466 3175495
3162461 3175482
3162457 3175467
3162450 3175453
3162443 3175441
3162436 3175430
3162432 3175420
3162427 3175411
3162424 3175402
3162419 3175395
3162418 3175391
3162416 3175385
3162413 3175382
3162412 3175378
3162411 3175379
3162412 3175382
3162412 3175387
3162415 3175392
3162416 3175396
3162417 3175399
3162417 3175402
3162416 3175402
3162418 3175405
3162417 3175403
3162418 3175402
3162414 3175399
3162414 3175397
3162412 3175395
3162410 3175389
3162410 3175384
3162407 3175378
3162405 3175374
3162405 3175367
3162401 3175361
3162401 3175358
3162400 3175354
3162396 3175351
3162396 3175348
3162394 3175345
3162393 3175342
3162391 3175339
3162391 3175336
3162389 3175333
3162390 3175332
3162388 3175329
3162387 3175325
3162385 3175323
3162386 3175322
3162385 3175321
3162384 3175319
3162383 3175317
3162383 3175316
3162383 3175316
3162383 3175314
3162382 3175314
3162380 3175311
3162380 3175309
3162376 3175306
3162374 3175303
3162372 3175299
3162368 3175296
3162368 3175294
3162366 3175289
3162363 3175285
3162361 3175281
3162358 3175277
3162356 3175273
3162354 3175271
3162351 3175268
3162352 3175266
3162350 3175264
3162349 3175261
3162347 3175259
3162346 3175255
3162345 3175254
3162344 3175251
3162340 3175249
3162340 3175244
3162339 3175242
3162337 3175237
3162336 3175232
3162333 3175230
3162331 3175226
3162329 3175222
3162327 3175220
3162328 3175218
3162325 3175216
3162324 3175212
3162323 3175210
3162322 3175207
3162320 3175204
3162320 3175203
3162318 3175200
3162317 3175199
3162317 3175196
3162316 3175195
3162315 3175193
3162314 3175190
3162312 3175188
3162311 3175184
3162308 3175182
3162308 3175178
3162308 3175174
3162305 3175173
3162304 3175170
3162304 3175168
3162301 3175167
3162301 3175163
3162300 3175159
3162299 3175157
3162300 3175156
3162299 3175153
3162295 3175153
3162297 3175150
3162296 3175148
3162293 3175145
3162296 3175145
3162295 3175143
3162292 3175139
3162293 3175138
3162294 3175137
3162292 3175136
3162292 3175134
3162288 3175132
3162290 3175131
3162289 3175129
3162290 3175129
3162288 3175125
3162289 3175124
3162286 3175123
3162286 3175122
3162287 3175119
3162284 3175118
3162286 3175116
3162284 3175117
3162285 3175114
3162284 3175115
3162284 3175113
3162283 3175113
3162282 3175113
3162282 3175110
3162283 3175110
3162282 3175107
3162282 3175108
3162282 3175107
3162281 3175105
3162281 3175103
3162279 3175103
3162276 3175099
3162276 3175098
3162274 3175096
3162273 3175092
3162269 3175090
3162268 3175088
3162265 3175085
3162264 3175083
3162261 3175081
3162261 3175080
3162261 3175077
3162259 3175076
3162257 3175074
3162255 3175071
3162253 3175069
3162252 3175067
3162251 3175066
3162248 3175064
3162248 3175061
3162249 3175061
3162245 3175056
3162246 3175055
3162244 3175054
3162243 3175052
3162241 3175050
3162240 3175048
3162241 3175046
3162239 3175045
3162238 3175042
3162236 3175041
3162236 3175039
3162236 3175038
3162235 3175035
3162233 3175035
3162233 3175033
3162233 3175030
3162231 3175029
3162232 3175031
3162231 3175028
3162230 3175026
3162230 3175025
3162228 3175022
3162226 3175022
3162225 3175021
3162228 3175020
3162226 3175018
3162225 3175018
3162222 3175015
3162222 3175015
3162223 3175012
3162222 3175010
3162222 3175011
3162220 3175011
3162221 3175008
3162220 3175007
3162220 3175007
3162219 3175006
3162220 3175006
3162218 3175004
3162218 3175003
3162219 3175003
3162216 3175001
3162217 3175001
3162217 3174999
3162216 3174999
3162217 3174999
3162217 3174998
3162216 3174998
3162215 3174996
3162215 3174997
3162214 3174996
3162214 3174994
3162215 3174993
3162215 3174993
3162214 3174993
3162214 3174992
3162214 3174992
3162214 3174989
3162214 3174990
3162214 3174989
3162214 3174987
3162213 3174988
3162212 3174988
3162212 3174988
3162213 3174987
3162213 3174985
3162212 3174986
3162213 3174985
3162213 3174986
3162212 3174987
3162212 3174985
3162214 3174985
3162215 3174985
3162213 3174983
3162212 3174984
3162213 3174982
3162212 3174981
3162213 3174981
3162211 3174980
3162211 3174980
3162211 3174978
3162210 3174978
3162209 3174976
3162209 3174976
3162206 3174974
3162204 3174973
3162203 3174972
3162201 3174971
3162201 3174970
3162199 3174967
3162198 3174967
3162197 3174967
3162196 3174965
3162196 3174964
3162195 3174964
3162195 3174963
3162192 3174962
3162193 3174961
3162192 3174960
3162191 3174959
3162191 3174957
3162189 3174956
3162189 3174957
3162189 3174955
3162188 3174955
3162187 3174956
3162188 3174954
3162187 3174953
3162185 3174952
3162186 3174952
3162185 3174952
3162184 3174950
3162185 3174950
3162185 3174949
3162185 3174950
3162183 3174947
3162185 3174948
3162183 3174948
3162182 3174947
3162183 3174947
3162183 3174947
3162181 3174945
3162183 3174947
3162181 3174944
3162181 3174945
3162181 3174944
3162182 3174945
3162181 3174944
3162179 3174943
3162180 3174943
3162180 3174942
3162178 3174943
3162179 3174943
3162179 3174941
3162180 3174941
3162181 3174943
3162181 3174943
3162179 3174943
3162180 3174941
3162182 3174943
3162182 3174942
3162181 3174943
3162181 3174943
3162181 3174943
3162180 3174943
3162182 3174943
3162181 3174943
3162183 3174944
3162181 3174942
3162181 3174943
3162183 3174944
3162181 3174943
3162183 3174943
3162182 3174944
3162183 3174943
3162182 3174944
3162183 3174943
3162184 3174944
3162181 3174945
3162184 3174944
3162184 3174944
3162184 3174944
3162184 3174943
3162184 3174944
3162184 3174945
3162184 3174947
3162185 3174945
3162184 3174944
3162186 3174945
3162186 3174946
3162186 3174946
3162186 3174947
3162187 3174946
3162186 3174944
3162185 3174945
3162187 3174945
3162186 3174946
3162185 3174945
3162185 3174945
3162185 3174945
3162185 3174944
3162184 3174943
3162182 3174943
3162182 3174943
3162181 3174943
3162182 3174943
3162179 3174942
3162180 3174943
3162179 3174943
3162179 3174942
3162178 3174943
3162179 3174943
3162178 3174942
3162179 3174943
3162178 3174943
3162178 3174942
3162177 3174941
3162177 3174940
3162177 3174941
3162177 3174941
3162178 3174940
3162177 3174939
3162177 3174940
3162178 3174940
3162176 3174940
3162178 3174940
3162178 3174939
3162177 3174940
3162178 3174940
3162179 3174940
3162178 3174941
3162178 3174940
3162178 3174940
3162177 3174941
3162178 3174941
3162178 3174940
3162178 3174940
3162178 3174940
3162177 3174940
3162178 3174940
3162180 3174940
3162180 3174940
3162180 3174939
3162178 3174940
3162178 3174940
3162179 3174939
3162177 3174939
3162178 3174939
3162179 3174940
3162179 3174939
3162179 3174939
3162180 3174941
3162178 3174939
3162179 3174940
3162180 3174939
3162180 3174941
3162181 3174941
3162181 3174941
3162180 3174941
3162181 3174940
3162182 3174942
3162182 3174942
3162182 3174941
3162182 3174941
3162182 3174942
3162183 3174941
3162182 3174942
3162183 3174942
3162184 3174942
3162184 3174944
3162183 3174943
3162184 3174943
3162182 3174943
3162184 3174944
3162185 3174944
3162186 3174942
3162186 3174944
3162185 3174944
3162185 3174944
3162184 3174944
3162184 3174943
3162186 3174944
3162187 3174944
3162186 3174945
3162187 3174943
3162187 3174945
3162186 3174944
3162185 3174944
3162186 3174944
3162186 3174944
3162188 3174943
3162188 3174944
3162188 3174943
3162187 3174943
3162185 3174944
3162186 3174941
3162182 3174942
3162182 3174942
3162182 3174939
3162182 3174940
3162182 3174939
3162180 3174939
3162180 3174938
3162181 3174939
3162180 3174939
3162179 3174940
3162177 3174938
3162177 3174937
3162179 3174939
3162178 3174936
3162177 3174937
3162177 3174936
3162176 3174936
3162176 3174936
3162176 3174934
3162176 3174935
3162176 3174935
3162175 3174935
3162176 3174935
3162177 3174933
3162176 3174935
3162176 3174933
3162176 3174933
3162176 3174931
3162176 3174933
3162176 3174932
3162176 3174930
3162176 3174933
3162176 3174931
3162177 3174931
3162176 3174933
3162175 3174932
3162176 3174932
3162175 3174931
3162176 3174931
3162175 3174930
3162175 3174930
3162175 3174929
3162175 3174930
3162176 3174930
3162174 3174929
3162176 3174931
3162175 3174931
3162175 3174929
3162175 3174928
3162173 3174930
3162176 3174928
3162176 3174930
3162176 3174931
3162175 3174930
3162175 3174929
3162176 3174931
3162175 3174928
3162177 3174928
3162176 3174931
3162177 3174929
3162175 3174930
3162176 3174930
3162177 3174929
3162176 3174929
3162179 3174929
3162177 3174929
3162179 3174929
3162178 3174932
3162178 3174928
3162178 3174930
3162178 3174930
3162179 3174930
3162179 3174929
3162179 3174928
3162179 3174928
3162179 3174928
3162180 3174930
3162179 3174930
3162179 3174930
3162179 3174929
3162179 3174929
3162179 3174929
3162180 3174930
3162180 3174929
3162181 3174928
3162179 3174928
3162181 3174928
3162182 3174928
3162179 3174929
3162180 3174929
3162181 3174931
3162182 3174930
3162182 3174929
3162182 3174930
3162183 3174929
3162182 3174929
3162182 3174929
3162183 3174932
3162184 3174928
3162182 3174929
3162184 3174930
3162184 3174930
3162182 3174930
3162182 3174929
3162182 3174930
3162181 3174928
3162181 3174928
3162179 3174928
3162178 3174927
3162177 3174924
3162176 3174926
3162175 3174925
3162176 3174924
3162174 3174923
3162175 3174923
3162173 3174922
3162174 3174922
3162173 3174924
3162173 3174921
3162173 3174921
3162172 3174923
3162172 3174921
3162174 3174921
3162173 3174921
3162173 3174921
3162171 3174921
3162172 3174919
3162170 3174918
3162170 3174918
3162171 3174918
3162170 3174917
3162171 3174918
3162171 3174917
3162172 3174916
3162171 3174917
3162169 3174916
3162170 3174915
3162170 3174916
3162171 3174916
3162169 3174913
3162170 3174913
3162169 3174913
3162169 3174913
3162169 3174912
3162169 3174913
3162170 3174912
3162169 3174911
3162169 3174911
3162169 3174910
3162168 3174911
3162169 3174911
3162167 3174909
3162168 3174909
3162167 3174911
3162167 3174909
3162169 3174910
3162166 3174908
3162167 3174910
3162167 3174909
3162168 3174908
3162168 3174907
3162168 3174908
3162168 3174908
3162168 3174906
3162169 3174908
3162169 3174909
3162168 3174909
3162170 3174907
3162170 3174907
3162169 3174908
3162169 3174905
3162169 3174907
3162168 3174907
3162170 3174906
3162169 3174905
3162169 3174906
3162169 3174906
3162169 3174907
3162168 3174905
3162168 3174904
3162169 3174905
3162171 3174905
3162169 3174903
3162171 3174904
3162169 3174905
3162168 3174904
3162169 3174903
3162170 3174905
3162169 3174904
3162169 3174904
3162170 3174905
3162171 3174904
3162170 3174903
3162172 3174905
3162170 3174904
3162172 3174903
3162173 3174903
3162171 3174904
3162171 3174903
3162171 3174903
3162172 3174903
3162171 3174902
3162172 3174904
3162170 3174904
3162170 3174903
3162172 3174902
3162171 3174902
3162172 3174902
3162172 3174902
3162172 3174903
3162174 3174903
3162173 3174901
3162174 3174902
3162173 3174901
3162173 3174900
3162172 3174900
3162173 3174901
3162174 3174900
3162173 3174901
3162171 3174898
3162170 3174898
3162168 3174896
3162168 3174897
3162167 3174896
3162165 3174895
3162165 3174894
3162165 3174896
3162164 3174894
3162165 3174894
3162163 3174890
3162163 3174893
3162162 3174890
3162163 3174890
3162163 3174891
3162162 3174890
3162160 3174890
3162160 3174888
3162160 3174886
3162160 3174888
3162161 3174885
3162159 3174888
3162159 3174885
3162158 3174886
3162158 3174883
3162159 3174885
3162158 3174884
3162159 3174883
3162159 3174883
3162158 3174881
3162157 3174883
3162159 3174882
3162157 3174880
3162156 3174883
3162156 3174880
3162158 3174880
3162156 3174880
3162156 3174879
3162156 3174879
3162156 3174879
3162155 3174878
3162155 3174877
3162155 3174877
3162154 3174877
3162155 3174876
3162155 3174876
3162155 3174875
3162154 3174873
3162155 3174875
3162155 3174874
3162155 3174873
3162154 3174873
3162153 3174874
3162155 3174874
3162155 3174871
3162154 3174875
3162153 3174874
3162155 3174872
3162154 3174874
3162155 3174872
3162156 3174872
3162156 3174872
3162155 3174874
3162155 3174871
3162156 3174873
3162155 3174873
3162154 3174873
3162155 3174871
3162155 3174871
3162155 3174871
3162153 3174870
3162155 3174871
3162154 3174870
3162155 3174870
3162156 3174870
3162154 3174870
3162156 3174870
3162156 3174870
3162155 3174869
3162156 3174871
3162156 3174869
3162157 3174870
3162156 3174869
3162155 3174870
3162157 3174869
3162156 3174868
3162156 3174868
3162155 3174869
3162156 3174870
3162158 3174869
3162156 3174869
3162157 3174871
3162157 3174870
3162156 3174869
3162157 3174870
3162157 3174869
3162157 3174870
3162157 3174870
3162157 3174870
3162158 3174870
3162157 3174871
3162157 3174868
3162157 3174869
3162157 3174870
3162157 3174869
3162157 3174867
3162157 3174869
3162156 3174867
3162156 3174867
3162154 3174867
3162153 3174864
3162153 3174864
3162151 3174864
3162151 3174861
3162148 3174863
3162148 3174864
3162147 3174861
3162148 3174860
3162147 3174860
3162146 3174859
3162146 3174859
3162145 3174857
3162145 3174856
3162145 3174855
3162143 3174855
3162143 3174856
3162144 3174854
3162144 3174854
3162143 3174854
3162143 3174851
3162142 3174852
3162143 3174852
3162142 3174853
3162142 3174851
3162142 3174851
3162141 3174850
3162141 3174850
3162141 3174851
3162141 3174850
3162141 3174849
3162140 3174849
3162142 3174849
3162141 3174848
3162140 3174848
3162139 3174847
3162140 3174847
3162138 3174845
3162139 3174845
3162138 3174845
3162138 3174845
3162138 3174842
3162138 3174844
3162138 3174844
3162138 3174843
3162137 3174841
3162137 3174842
3162136 3174842
3162136 3174841
3162137 3174841
3162137 3174841
3162137 3174840
3162137 3174842
3162138 3174841
3162137 3174841
3162137 3174841
3162135 3174842
3162138 3174841
3162138 3174842
3162138 3174840
3162138 3174841
3162138 3174839
3162138 3174840
3162140 3174839
3162136 3174840
3162139 3174840
3162137 3174840
3162137 3174841
3162140 3174838
3162137 3174839
3162138 3174840
3162137 3174838
3162137 3174837
3162137 3174839
3162137 3174838
3162137 3174839
3162138 3174839
3162137 3174837
3162138 3174837
3162138 3174836
3162137 3174838
3162138 3174837
3162137 3174837
3162138 3174836
3162138 3174838
3162138 3174837
3162137 3174838
3162138 3174838
3162138 3174837
3162137 3174837
3162137 3174837
3162137 3174836
3162139 3174836
3162139 3174836
3162138 3174835
3162138 3174835
3162137 3174835
3162136 3174835
3162137 3174834
3162134 3174831
3162133 3174831
3162132 3174830
3162132 3174829
3162129 3174829
3162129 3174828
3162129 3174828
3162127 3174828
3162127 3174826
3162127 3174825
3162126 3174824
3162126 3174824
3162125 3174822
3162123 3174823
3162124 3174823
3162123 3174821
3162120 3174820
3162122 3174821
3162121 3174820
3162120 3174818
3162121 3174818
3162122 3174817
3162119 3174818
3162121 3174817
3162121 3174816
3162119 3174816
3162118 3174816
3162119 3174817
3162118 3174814
3162120 3174815
3162119 3174815
3162118 3174812
3162118 3174813
3162117 3174814
3162118 3174812
3162116 3174813
3162117 3174814
3162116 3174811
3162116 3174811
3162114 3174810
3162114 3174811
3162114 3174810
3162116 3174808
3162114 3174809
3162116 3174807
3162114 3174807
3162115 3174808
3162113 3174806
3162113 3174806
3162114 3174806
3162112 3174806
3162113 3174806
3162114 3174805
3162113 3174806
3162115 3174805
3162113 3174806
3162114 3174807
3162114 3174806
3162113 3174804
3162114 3174806
3162113 3174806
3162114 3174805
3162114 3174805
3162113 3174806
3162114 3174805
3162114 3174804
3162115 3174805
3162116 3174806
3162113 3174805
3162115 3174805
3162115 3174807
3162116 3174806
3162115 3174805
3162113 3174805
3162115 3174805
3162114 3174804
3162115 3174804
3162115 3174805
3162113 3174804
3162115 3174804
3162114 3174804
3162114 3174804
3162114 3174805
3162114 3174805
3162115 3174805
3162115 3174805
3162116 3174805
3162116 3174805
3162116 3174805
3162115 3174802
3162117 3174804
3162115 3174804
3162116 3174804
3162116 3174805
3162116 3174803
3162117 3174805
3162115 3174804
3162115 3174803
3162118 3174805
3162116 3174803
3162116 3174804
3162116 3174804
3162115 3174804
3162116 3174802
3162118 3174804
3162116 3174804
3162117 3174803
3162117 3174802
3162114 3174801
3162116 3174802
3162114 3174801
3162113 3174799
3162110 3174798
3162108 3174798
3162110 3174797
3162107 3174796
3162107 3174796
3162105 3174796
3162105 3174794
3162105 3174794
3162104 3174792
3162103 3174793
3162103 3174791
3162102 3174791
3162102 3174792
3162101 3174790
3162101 3174790
3162100 3174788
3162100 3174789
3162100 3174788
3162098 3174786
3162099 3174787
3162098 3174787
3162099 3174785
3162098 3174785
3162098 3174785
3162098 3174785
3162098 3174786
3162097 3174785
3162097 3174783
3162096 3174784
3162097 3174784
3162095 3174784
3162097 3174785
3162096 3174783
3162096 3174781
3162096 3174783
3162097 3174781
3162097 3174782
3162094 3174780
3162094 3174782
3162095 3174782
3162096 3174781
3162094 3174780
3162095 3174779
3162094 3174781
3162095 3174780
3162094 3174782
3162094 3174780
3162094 3174778
3162095 3174780
3162095 3174779
3162094 3174780
3162096 3174780
3162095 3174780
3162094 3174779
3162095 3174782
3162095 3174781
3162095 3174782
3162097 3174780
3162096 3174781
3162096 3174780
3162095 3174780
3162097 3174782
3162095 3174781
3162096 3174780
3162096 3174780
3162096 3174781
3162096 3174781
3162096 3174780
3162097 3174781
3162097 3174782
3162098 3174782
3162097 3174781
3162097 3174782
3162097 3174782
3162098 3174782
3162098 3174783
3162098 3174781
3162098 3174781
3162098 3174782
3162099 3174782
3162098 3174781
3162099 3174783
3162098 3174782
3162099 3174782
3162099 3174783
3162099 3174782
3162100 3174782
3162099 3174781
3162099 3174783
3162099 3174783
3162100 3174783
3162101 3174782
3162099 3174784
3162101 3174782
3162100 3174784
3162101 3174781
3162102 3174783
3162102 3174782
3162101 3174783
3162100 3174784
3162101 3174784
3162102 3174783
3162102 3174783
3162103 3174783
3162103 3174784
3162102 3174783
3162104 3174783
3162104 3174781
3162103 3174784
3162104 3174783
3162103 3174784
3162105 3174784
3162104 3174784
3162104 3174786
3162104 3174783
3162104 3174784
3162104 3174785
3162103 3174783
3162102 3174781
3162100 3174782
3162099 3174782
3162100 3174780
3162097 3174780
3162098 3174779
3162097 3174780
3162096 3174779
3162096 3174778
3162095 3174777
3162094 3174777
3162094 3174777
3162093 3174775
3162092 3174774
3162092 3174775
3162092 3174775
3162092 3174773
3162092 3174773
3162093 3174774
3162091 3174773
3162090 3174774
3162091 3174772
3162090 3174772
3162090 3174772
3162090 3174772
3162092 3174773
3162092 3174771
3162091 3174773
3162092 3174771
3162091 3174770
3162091 3174772
3162091 3174771
3162091 3174771
3162090 3174771
3162091 3174770
3162091 3174770
3162090 3174770
3162092 3174771
3162089 3174770
3162090 3174770
3162091 3174769
3162089 3174770
3162088 3174769
3162089 3174768
3162089 3174769
3162091 3174769
3162089 3174768
3162090 3174768
3162088 3174770
3162090 3174770
3162090 3174768
3162089 3174770
3162090 3174768
3162088 3174768
3162091 3174768
3162090 3174768
3162090 3174770
3162090 3174770
3162091 3174770
3162091 3174772
3162091 3174769
3162092 3174770
3162091 3174768
3162091 3174770
3162093 3174770
3162093 3174771
3162093 3174771
3162093 3174770
3162094 3174770
3162094 3174772
3162092 3174771
3162094 3174771
3162094 3174771
3162094 3174770
3162094 3174771
3162093 3174771
3162094 3174770
3162092 3174772
3162096 3174771
3162096 3174771
3162095 3174772
3162095 3174773
3162096 3174772
3162096 3174772
3162096 3174773
3162097 3174773
3162097 3174772
3162097 3174773
3162098 3174773
3162098 3174773
3162096 3174774
3162096 3174774
3162097 3174772
3162098 3174774
3162098 3174775
3162098 3174774
3162099 3174774
3162100 3174775
3162100 3174775
3162098 3174774
3162100 3174775
3162100 3174776
3162099 3174775
3162100 3174774
3162100 3174776
3162100 3174774
3162100 3174774
3162101 3174774
3162099 3174775
3162099 3174774
3162098 3174774
3162097 3174774
3162096 3174773
3162096 3174771
3162096 3174773
3162093 3174772
3162094 3174772
3162095 3174772
3162095 3174770
3162093 3174771
3162093 3174770
3162093 3174770
3162092 3174768
3162091 3174768
3162092 3174770
3162090 3174769
3162092 3174768
3162091 3174766
3162090 3174767
3162090 3174766
3162091 3174768
3162092 3174768
3162092 3174768
3162090 3174766
3162091 3174766
3162092 3174766
3162090 3174767
3162091 3174766
3162091 3174767
3162093 3174766
3162091 3174766
3162091 3174767
3162091 3174767
3162091 3174766
3162091 3174765
3162092 3174765
3162090 3174764
3162091 3174765
3162090 3174767
3162089 3174764
3162091 3174765
3162089 3174763
3162089 3174762
3162091 3174763
3162091 3174764
3162091 3174763
3162090 3174764
3162091 3174763
3162091 3174763
3162089 3174762
3162090 3174763
3162090 3174763
3162092 3174764
3162091 3174763
3162090 3174764
3162091 3174764
3162091 3174763
3162092 3174763
3162091 3174764
3162093 3174764
3162092 3174763
3162093 3174763
3162093 3174765
3162093 3174763
3162093 3174766
3162094 3174764
3162092 3174762
3162092 3174764
3162094 3174762
3162094 3174764
3162094 3174761
3162092 3174763
3162093 3174765
3162092 3174763
3162094 3174763
3162093 3174764
3162093 3174763
3162095 3174764
3162095 3174762
3162094 3174763
3162095 3174763
3162096 3174763
3162095 3174763
3162097 3174762
3162097 3174762
3162095 3174763
3162095 3174764
3162096 3174764
3162095 3174764
3162097 3174764
3162095 3174764
3162095 3174765
3162096 3174762
3162096 3174764
3162096 3174763
3162096 3174763
3162096 3174763
3162097 3174763
3162096 3174764
3162096 3174763
3162096 3174764
3162094 3174762
3162093 3174760
3162092 3174759
3162091 3174760
3162091 3174757
3162090 3174758
3162088 3174757
3162088 3174756
3162088 3174757
3162088 3174756
3162087 3174756
3162088 3174756
3162087 3174755
3162085 3174754
3162085 3174755
3162087 3174753
3162085 3174753
3162085 3174752
3162084 3174752
3162084 3174752
3162085 3174753
3162084 3174752
3162085 3174750
3162085 3174751
3162084 3174750
3162085 3174751
3162084 3174751
3162084 3174749
3162082 3174749
3162085 3174749
3162083 3174748
3162084 3174749
3162083 3174749
3162084 3174749
3162084 3174746
3162083 3174747
3162083 3174747
3162083 3174747
3162083 3174747
3162081 3174746
3162081 3174747
3162081 3174747
3162081 3174744
3162081 3174745
3162080 3174744
3162082 3174744
3162082 3174744
3162081 3174745
3162081 3174743
3162081 3174743
3162081 3174744
3162082 3174742
3162080 3174742
3162082 3174742
3162082 3174744
3162083 3174744
3162081 3174744
3162083 3174744
3162083 3174742
3162081 3174744
3162084 3174744
3162082 3174744
3162082 3174744
3162081 3174743
3162081 3174743
3162082 3174742
3162083 3174744
3162083 3174744
3162082 3174744
3162083 3174744
3162084 3174743
3162084 3174743
3162082 3174744
3162083 3174744
3162084 3174745
3162083 3174742
3162083 3174742
3162083 3174743
3162084 3174742
3162083 3174743
3162083 3174743
3162083 3174743
3162084 3174742
3162085 3174745
3162083 3174741
3162085 3174741
3162085 3174743
3162086 3174743
3162084 3174742
3162084 3174743
3162085 3174745
3162084 3174741
3162085 3174744
3162085 3174742
3162085 3174744
3162085 3174742
3162085 3174744
3162085 3174742
3162086 3174744
3162085 3174743
3162087 3174742
3162086 3174744
3162086 3174743
3162086 3174742
3162086 3174743
3162086 3174742
3162089 3174744
3162087 3174742
3162086 3174742
3162086 3174743
3162087 3174744
3162086 3174742
3162085 3174743
3162086 3174739
3162083 3174740
3162083 3174740
3162081 3174739
3162080 3174735
3162079 3174737
3162078 3174736
3162077 3174734
3162077 3174735
3162077 3174734
3162077 3174735
3162074 3174733
3162075 3174733
3162074 3174733
3162075 3174733
3162074 3174732
3162074 3174732
3162073 3174731
3162072 3174730
3162072 3174731
3162072 3174728
3162072 3174730
3162072 3174728
3162070 3174729
3162071 3174726
3162070 3174728
3162071 3174727
3162071 3174727
3162072 3174728
3162069 3174725
3162071 3174724
3162070 3174725
3162071 3174724
3162070 3174725
3162070 3174723
3162069 3174722
3162068 3174724
3162068 3174723
3162069 3174722
3162068 3174724
3162069 3174723
3162067 3174722
3162067 3174723
3162067 3174722
3162068 3174722
3162068 3174721
3162067 3174720
3162067 3174721
3162067 3174720
3162067 3174721
3162067 3174721
3162067 3174719
3162067 3174719
3162067 3174720
3162066 3174719
3162068 3174719
3162066 3174720
3162068 3174720
3162068 3174721
3162067 3174719
3162067 3174719
3162067 3174719
3162067 3174719
3162067 3174720
3162068 3174719
3162066 3174719
3162068 3174719
3162069 3174718
3162068 3174720
3162067 3174719
3162067 3174720
3162068 3174718
3162068 3174718
3162068 3174719
3162069 3174719
3162069 3174720
3162069 3174718
3162069 3174719
3162068 3174718
3162069 3174719
3162069 3174721
3162069 3174719
3162069 3174720
3162069 3174718
3162069 3174719
3162069 3174719
3162069 3174719
3162071 3174719
3162069 3174719
3162069 3174719
3162069 3174720
3162069 3174719
3162069 3174719
3162070 3174719
3162070 3174718
3162071 3174719
3162070 3174719
3162070 3174719
3162071 3174719
3162069 3174719
3162071 3174718
3162071 3174717
3162071 3174719
3162070 3174720
3162071 3174719
3162071 3174720
3162072 3174719
3162072 3174719
3162071 3174719
3162070 3174718
3162072 3174719
3162070 3174720
3162072 3174720
3162072 3174719
3162074 3174720
3162072 3174718
3162071 3174719
3162073 3174718
3162073 3174719
3162072 3174718
3162073 3174718
3162071 3174718
3162070 3174717
3162070 3174715
3162068 3174715
3162067 3174714
3162066 3174714
3162063 3174712
3162062 3174710
3162063 3174710
3162063 3174711
3162062 3174711
3162060 3174708
3162059 3174709
3162060 3174709
3162058 3174708
3162059 3174707
3162060 3174706
3162058 3174705
3162058 3174706
3162057 3174706
3162057 3174705
3162056 3174704
3162056 3174704
3162056 3174704
3162056 3174704
3162055 3174703
3162055 3174704
3162056 3174700
3162053 3174700
3162056 3174701
3162054 3174702
3162055 3174701
3162056 3174700
3162055 3174700
3162056 3174699
3162053 3174700
3162054 3174698
3162055 3174701
3162055 3174700
3162052 3174697
3162054 3174700
3162053 3174700
3162053 3174698
3162052 3174697
3162051 3174698
3162052 3174698
3162052 3174698
3162052 3174698
3162053 3174698
3162052 3174697
3162053 3174698
3162052 3174697
3162052 3174697
3162053 3174697
3162052 3174696
3162052 3174698
3162051 3174696
3162053 3174696
3162052 3174696
3162053 3174697
3162051 3174696
3162054 3174698
3162054 3174698
3162054 3174698
3162053 3174699
3162055 3174698
3162055 3174699
3162054 3174699
3162055 3174698
3162055 3174699
3162054 3174699
3162055 3174698
3162053 3174699
3162055 3174698
3162054 3174700
3162054 3174697
3162054 3174698
3162055 3174699
3162055 3174700
3162056 3174698
3162056 3174698
3162055 3174700
3162055 3174700
3162054 3174698
3162055 3174698
3162056 3174699
3162055 3174699
3162055 3174698
3162055 3174700
3162056 3174699
3162056 3174701
3162056 3174700
3162058 3174701
3162059 3174701
3162060 3174699
3162057 3174700
3162058 3174701
3162059 3174702
3162060 3174703
3162060 3174703
3162059 3174700
3162059 3174703
3162059 3174702
3162060 3174702
3162058 3174703
3162059 3174701
3162059 3174703
3162061 3174701
3162061 3174703
3162058 3174703
3162060 3174702
3162061 3174702
3162060 3174702
3162061 3174703
3162059 3174702
3162060 3174701
3162058 3174700
3162057 3174699
3162056 3174699
3162054 3174698
3162054 3174698
3162053 3174697
3162053 3174697
3162051 3174695
3162051 3174695
3162050 3174694
3162050 3174693
3162048 3174693
3162048 3174692
3162049 3174691
3162047 3174693
3162046 3174692
3162049 3174691
3162049 3174691
3162047 3174691
3162048 3174691
3162046 3174689
3162048 3174691
3162046 3174690
3162048 3174690
3162045 3174690
3162047 3174689
3162045 3174689
3162047 3174689
3162046 3174688
3162046 3174688
3162045 3174689
3162045 3174689
3162046 3174688
3162045 3174689
3162045 3174690
3162044 3174688
3162044 3174688
3162046 3174687
3162044 3174686
3162044 3174687
3162046 3174686
3162045 3174686
3162043 3174686
3162046 3174686
3162044 3174686
3162046 3174685
3162045 3174685
3162044 3174685
3162045 3174684
3162043 3174684
3162043 3174687
3162043 3174685
3162044 3174686
3162044 3174686
3162045 3174686
3162045 3174686
3162044 3174687
3162045 3174686
3162045 3174687
3162045 3174687
3162045 3174688
3162046 3174687
3162045 3174686
3162046 3174687
3162045 3174685
3162047 3174688
3162048 3174687
3162047 3174688
3162047 3174688
3162047 3174686
3162046 3174685
3162046 3174687
3162047 3174687
3162047 3174685
3162047 3174687
3162048 3174687
3162050 3174688
3162048 3174688
3162047 3174687
3162049 3174687
3162048 3174688
3162050 3174689
3162049 3174689
3162049 3174688
3162048 3174687
3162049 3174688
3162049 3174688
3162048 3174689
3162048 3174688
3162050 3174689
3162050 3174690
3162050 3174690
3162051 3174689
3162051 3174691
3162049 3174689
3162051 3174693
3162051 3174691
3162052 3174690
3162052 3174689
3162051 3174690
3162051 3174688
3162051 3174690
3162052 3174689
3162050 3174689
3162050 3174688
3162048 3174688
3162048 3174687
3162046 3174686
3162046 3174686
3162045 3174684
3162044 3174681
3162042 3174682
3162041 3174682
3162042 3174681
3162041 3174683
3162040 3174680
3162041 3174680
3162040 3174681
3162038 3174680
3162040 3174680
3162039 3174681
3162038 3174680
3162038 3174681
3162039 3174677
3162037 3174677
3162038 3174677
3162038 3174675
3162037 3174676
3162037 3174677
3162037 3174677
3162037 3174677
3162037 3174675
3162037 3174677
3162037 3174676
3162036 3174676
3162035 3174677
3162035 3174676
3162036 3174675
3162037 3174677
3162036 3174676
3162035 3174675
3162034 3174674
3162035 3174676
3162035 3174675
3162035 3174673
3162033 3174674
3162035 3174673
3162033 3174673
3162034 3174673
3162034 3174672
3162035 3174673
3162034 3174672
3162033 3174672
3162034 3174673
3162033 3174672
3162037 3174672
3162034 3174674
3162034 3174673
3162034 3174674
3162035 3174672
3162035 3174674
3162036 3174672
3162036 3174673
3162037 3174673
3162036 3174673
3162035 3174674
3162036 3174673
3162035 3174674
3162036 3174674
3162036 3174673
3162036 3174675
3162036 3174674
3162038 3174675
3162037 3174677
3162039 3174675
3162037 3174676
3162038 3174675
3162037 3174675
3162038 3174676
3162040 3174675
3162039 3174676
3162039 3174674
3162039 3174675
3162037 3174675
3162038 3174676
3162039 3174675
3162039 3174675
3162038 3174675
3162038 3174676
3162039 3174677
3162040 3174675
3162041 3174677
3162041 3174677
3162039 3174676
3162040 3174675
3162041 3174677
3162040 3174676
3162040 3174678
3162041 3174678
3162041 3174677
3162041 3174678
3162042 3174678
3162041 3174677
3162041 3174677
3162043 3174677
3162044 3174679
3162044 3174679
3162042 3174678
3162043 3174678
3162043 3174679
3162044 3174680
3162043 3174677
3162045 3174679
3162045 3174680
3162044 3174679
3162044 3174679
3162044 3174679
3162044 3174680
3162046 3174680
3162044 3174679
3162045 3174679
3162046 3174681
3162045 3174680
3162045 3174679
3162043 3174678
3162043 3174678
3162042 3174676
3162040 3174676
3162039 3174675
3162038 3174673
3162038 3174674
3162036 3174673
3162036 3174673
3162035 3174673
3162036 3174672
3162035 3174672
3162034 3174669
3162035 3174670
3162035 3174669
3162035 3174669
3162034 3174671
3162033 3174671
3162033 3174670
3162032 3174670
3162032 3174668
3162032 3174669
3162033 3174668
3162033 3174668
3162032 3174668
3162030 3174668
3162032 3174667
3162031 3174669
3162031 3174668
3162030 3174668
3162031 3174668
3162031 3174667
3162032 3174665
3162032 3174666
3162030 3174666
3162030 3174664
3162033 3174665
3162031 3174666
3162031 3174667
3162030 3174665
3162030 3174666
3162029 3174663
3162031 3174664
3162030 3174663
3162031 3174663
3162030 3174664
3162031 3174663
3162030 3174663
3162029 3174663
3162030 3174663
3162030 3174663
3162032 3174663
3162032 3174663
3162031 3174664
3162031 3174664
3162031 3174664
3162031 3174662
3162032 3174664
3162032 3174665
3162031 3174663
3162033 3174662
3162031 3174664
3162033 3174662
3162031 3174663
3162031 3174663
3162033 3174665
3162032 3174662
3162032 3174664
3162032 3174664
3162033 3174664
3162033 3174663
3162034 3174666
3162032 3174664
3162034 3174664
3162032 3174663
3162033 3174665
3162033 3174664
3162035 3174664
3162033 3174665
3162035 3174664
3162034 3174665
3162035 3174665
3162034 3174664
3162034 3174664
3162033 3174663
3162036 3174664
3162035 3174665
3162037 3174665
3162036 3174665
3162035 3174665
3162036 3174664
3162036 3174666
3162036 3174668
3162037 3174665
3162036 3174665
3162038 3174665
3162037 3174665
3162036 3174664
3162037 3174664
3162037 3174665
3162037 3174666
3162037 3174664
3162039 3174666
3162038 3174666
3162039 3174666
3162037 3174666
3162039 3174666
3162040 3174665
3162040 3174666
3162039 3174666
3162039 3174667
3162041 3174668
3162040 3174666
3162041 3174667
3162039 3174668
3162041 3174667
3162040 3174666
3162041 3174667
3162041 3174665
3162041 3174668
3162041 3174666
3162041 3174665
3162041 3174666
3162038 3174665
3162037 3174666
3162038 3174665
3162037 3174664
3162034 3174663
3162035 3174663
3162033 3174661
3162034 3174662
3162033 3174660
3162032 3174660
3162032 3174658
3162032 3174660
3162031 3174659
3162030 3174659
3162032 3174659
3162030 3174658
3162030 3174657
3162030 3174658
3162031 3174658
3162030 3174657
3162029 3174656
3162030 3174655
3162030 3174657
3162029 3174656
3162029 3174654
3162029 3174654
3162029 3174655
3162028 3174654
3162030 3174655
3162029 3174654
3162030 3174654
3162029 3174653
3162028 3174654
3162028 3174652
3162029 3174654
3162029 3174654
3162028 3174653
3162028 3174652
3162028 3174653
3162028 3174652
3162028 3174652
3162027 3174653
3162026 3174651
3162027 3174652
3162029 3174650
3162027 3174652
3162028 3174650
3162026 3174652
3162027 3174651
3162027 3174651
3162027 3174650
3162027 3174651
3162027 3174651
3162027 3174650
3162027 3174651
3162027 3174651
3162027 3174651
3162029 3174651
3162029 3174652
3162028 3174650
3162029 3174651
3162029 3174651
3162029 3174651
3162030 3174652
3162030 3174652
3162030 3174652
3162030 3174652
3162030 3174653
3162028 3174652
3162030 3174652
3162031 3174652
3162032 3174653
3162030 3174653
3162030 3174651
3162031 3174652
3162031 3174652
3162032 3174653
3162031 3174652
3162032 3174656
3162032 3174653
3162032 3174653
3162032 3174654
3162033 3174653
3162032 3174655
3162030 3174652
3162032 3174655
3162033 3174655
3162033 3174656
3162034 3174654
3162034 3174654
3162034 3174654
3162035 3174654
3162035 3174655
3162034 3174654
3162035 3174655
3162034 3174657
3162035 3174655
3162035 3174655
3162034 3174654
3162036 3174656
3162035 3174656
3162036 3174656
3162035 3174656
3162035 3174655
3162037 3174656
3162035 3174655
3162035 3174655
3162036 3174655
3162036 3174654
3162036 3174656
3162035 3174654
3162034 3174655
3162034 3174653
3162033 3174653
3162033 3174652
3162030 3174652
3162032 3174651
3162029 3174650
3162029 3174650
3162027 3174650
3162028 3174648
3162025 3174648
3162027 3174648
3162027 3174646
3162026 3174647
3162026 3174647
3162024 3174645
3162024 3174645
3162025 3174646
3162024 3174646
3162026 3174644
3162024 3174645
3162025 3174645
3162024 3174644
3162024 3174645
3162024 3174643
3162024 3174643
3162025 3174642
3162024 3174644
3162025 3174642
3162022 3174643
3162023 3174644
3162023 3174642
3162022 3174642
3162022 3174642
3162024 3174642
3162022 3174640
3162021 3174641
3162022 3174640
3162022 3174640
3162023 3174640
3162021 3174639
3162020 3174639
3162022 3174637
3162022 3174637
3162020 3174638
3162020 3174638
3162021 3174638
3162020 3174638
3162020 3174637
3162019 3174638
3162021 3174638
3162020 3174637
3162022 3174639
3162021 3174640
3162022 3174639
3162020 3174638
3162021 3174638
3162021 3174638
3162021 3174638
3162021 3174638
3162021 3174637
3162021 3174637
3162021 3174637
3162022 3174638
3162022 3174636
3162022 3174639
3162023 3174637
3162022 3174637
3162024 3174638
3162023 3174638
3162023 3174637
3162023 3174638
3162022 3174636
3162021 3174636
3162023 3174638
3162022 3174635
3162022 3174635
3162023 3174637
3162023 3174637
3162023 3174637
3162023 3174637
3162023 3174635
3162025 3174636
3162023 3174638
3162023 3174639
3162023 3174637
3162023 3174635
3162024 3174636
3162025 3174637
3162024 3174637
3162022 3174638
3162023 3174638
3162025 3174637
3162024 3174637
3162025 3174638
3162025 3174639
3162025 3174638
3162026 3174638
3162025 3174637
3162025 3174637
3162025 3174639
3162025 3174638
3162026 3174639
3162024 3174637
3162025 3174637
3162024 3174637
3162025 3174638
3162025 3174636
3162023 3174636
3162021 3174634
3162020 3174632
3162019 3174632
3162018 3174632
3162017 3174631
3162016 3174630
3162016 3174630
3162016 3174628
3162015 3174630
3162013 3174628
3162013 3174628
3162013 3174625
3162013 3174627
3162011 3174626
3162011 3174626
3162013 3174625
3162011 3174624
3162010 3174623
3162011 3174623
3162011 3174622
3162009 3174621
3162009 3174620
3162008 3174620
3162008 3174618
3162006 3174618
3162008 3174620
3162007 3174620
3162009 3174618
3162008 3174621
3162007 3174618
3162007 3174617
3162006 3174617
3162007 3174619
3162007 3174618
3162007 3174618
3162006 3174618
3162006 3174616
3162005 3174616
3162005 3174617
3162006 3174616
3162005 3174616
3162007 3174616
3162005 3174614
3162006 3174615
3162005 3174616
3162006 3174612
3162005 3174615
3162005 3174613
3162006 3174615
3162005 3174612
3162004 3174614
3162007 3174613
3162005 3174615
3162005 3174613
3162005 3174613
3162004 3174612
3162006 3174614
3162004 3174615
3162005 3174615
3162005 3174613
3162006 3174613
3162007 3174614
3162005 3174614
3162006 3174614
3162006 3174614
3162006 3174614
3162007 3174615
3162006 3174614
3162006 3174614
3162006 3174613
3162006 3174614
3162006 3174613
3162006 3174613
3162008 3174614
3162008 3174614
3162007 3174614
3162006 3174614
3162007 3174615
3162009 3174615
3162009 3174614
3162007 3174615
3162008 3174615
3162007 3174616
3162008 3174615
3162009 3174614
3162006 3174617
3162008 3174616
3162010 3174614
3162009 3174618
3162009 3174614
3162008 3174615
3162008 3174616
3162008 3174615
3162009 3174616
3162009 3174615
3162010 3174615
3162011 3174617
3162010 3174617
3162012 3174616
3162010 3174617
3162011 3174617
3162012 3174616
3162010 3174615
3162010 3174618
3162011 3174618
3162011 3174616
3162011 3174617
3162011 3174616
3162011 3174618
3162012 3174618
3162014 3174617
3162013 3174618
3162014 3174617
3162013 3174619
3162012 3174619
3162013 3174618
3162012 3174617
3162012 3174618
3162010 3174615
3162010 3174614
3162008 3174614
3162007 3174612
3162005 3174614
3162006 3174612
3162003 3174611
3162003 3174610
3162004 3174610
3162001 3174610
3162001 3174607
3162001 3174609
3161999 3174608
3162000 3174607
3162000 3174608
3162000 3174606
3161998 3174606
3161998 3174607
3161998 3174605
3161998 3174605
3161997 3174605
3161996 3174605
3161996 3174603
3161995 3174603
3161995 3174603
3161996 3174603
3161996 3174603
3161995 3174602
3161994 3174603
3161996 3174601
3161994 3174602
3161994 3174599
3161995 3174601
3161994 3174601
3161993 3174600
3161992 3174601
3161994 3174599
3161993 3174601
3161993 3174597
3161993 3174600
3161992 3174599
3161992 3174598
3161992 3174599
3161991 3174597
3161992 3174597
3161990 3174598
3161991 3174597
3161991 3174597
3161992 3174596
3161990 3174595
3161992 3174596
3161991 3174598
3161992 3174597
3161991 3174596
3161990 3174597
3161992 3174598
3161992 3174598
3161992 3174599
3161993 3174597
3161992 3174598
3161992 3174598
3161992 3174599
3161993 3174599
3161994 3174599
3161992 3174598
3161992 3174598
3161993 3174599
3161994 3174599
3161993 3174598
3161993 3174599
3161992 3174598
3161993 3174599
3161994 3174600
3161994 3174600
3161994 3174600
3161993 3174599
3161993 3174596
3161995 3174598
3161995 3174598
3161994 3174599
3161996 3174599
3161993 3174599
3161996 3174600
3161993 3174600
3161996 3174602
3161995 3174600
3161996 3174600
3161996 3174599
3161995 3174601
3161995 3174600
3161997 3174602
3161998 3174601
3161996 3174601
3161998 3174602
3161998 3174601
3161997 3174602
3161999 3174603
3161998 3174602
3161998 3174603
3161998 3174602
3161998 3174602
3161998 3174602
3161999 3174603
3162000 3174601
3162000 3174603
3161999 3174602
3162000 3174602
3162000 3174603
3162001 3174603
3162000 3174604
3161999 3174603
3162000 3174604
3162001 3174604
3162001 3174606
3162002 3174604
3162001 3174604
3162001 3174605
3162002 3174605
3162002 3174605
3162002 3174604
3162002 3174604
3162000 3174603
3162002 3174606
3162001 3174604
3162000 3174604
3161998 3174603
3161999 3174601
3161995 3174601
3161996 3174599
3161994 3174599
3161993 3174600
3161993 3174598
3161992 3174598
3161992 3174597
3161991 3174597
3161990 3174597
3161990 3174596
3161989 3174593
3161989 3174595
3161989 3174595
3161989 3174593
3161989 3174594
3161987 3174593
3161987 3174592
3161987 3174593
3161986 3174591
3161986 3174592
3161987 3174592
3161987 3174592
3161987 3174592
3161987 3174592
3161986 3174591
3161986 3174592
3161987 3174590
3161986 3174590
3161986 3174591
3161985 3174590
3161985 3174591
3161988 3174590
3161985 3174589
3161986 3174592
3161985 3174591
3161985 3174590
3161984 3174590
3161984 3174591
3161986 3174590
3161985 3174590
3161983 3174588
3161985 3174591
3161984 3174588
3161986 3174589
3161986 3174589
3161986 3174590
3161984 3174590
3161985 3174591
3161986 3174588
3161986 3174591
3161986 3174590
3161987 3174589
3161986 3174591
3161986 3174590
3161986 3174591
3161986 3174591
3161986 3174593
3161987 3174592
3161988 3174592
3161987 3174591
3161988 3174593
3161988 3174594
3161988 3174592
3161989 3174594
3161989 3174593
3161989 3174594
3161988 3174592
3161988 3174595
3161990 3174596
3161991 3174596
3161990 3174594
3161990 3174595
3161990 3174595
3161990 3174595
3161990 3174596
3161990 3174597
3161991 3174595
3161991 3174595
3161991 3174596
3161992 3174596
3161991 3174596
3161992 3174596
3161993 3174598
3161992 3174598
3161992 3174598
3161991 3174598
3161992 3174599
3161992 3174597
3161992 3174599
3161995 3174598
3161992 3174600
3161995 3174600
3161996 3174601
3161994 3174600
3161995 3174601
3161996 3174602
3161994 3174601
3161996 3174602
3161996 3174601
3161995 3174601
3161996 3174602
3161996 3174601
3161995 3174601
3161998 3174602
3161995 3174603
3161996 3174602
3161995 3174601
3161994 3174601
3161992 3174601
3161992 3174598
3161993 3174598
3161989 3174598
3161988 3174597
3161988 3174597
3161988 3174597
3161988 3174596
3161986 3174596
3161986 3174595
3161986 3174596
3161986 3174597
3161984 3174595
3161985 3174593
3161985 3174593
3161985 3174593
3161983 3174593
3161984 3174592
3161984 3174592
3161984 3174592
3161982 3174591
3161984 3174592
3161983 3174591
3161984 3174590
3161983 3174592
3161983 3174592
3161983 3174591
3161982 3174589
3161983 3174590
3161983 3174591
3161984 3174592
3161982 3174591
3161983 3174590
3161984 3174592
3161982 3174589
3161984 3174590
3161981 3174589
3161981 3174591
3161981 3174590
3161981 3174590
3161982 3174590
3161981 3174590
3161982 3174590
3161981 3174588
3161982 3174588
3161981 3174589
3161981 3174589
3161981 3174589
3161981 3174589
3161981 3174588
3161982 3174590
3161980 3174590
3161981 3174590
3161982 3174589
3161981 3174590
3161982 3174591
3161982 3174591
3161982 3174591
3161983 3174591
3161982 3174591
3161984 3174591
3161982 3174591
3161984 3174590
3161983 3174591
3161983 3174592
3161984 3174590
3161984 3174590
3161983 3174591
3161984 3174593
3161985 3174591
3161985 3174592
3161984 3174591
3161985 3174591
3161984 3174590
3161986 3174590
3161985 3174592
3161985 3174591
3161985 3174592
3161985 3174591
3161985 3174592
3161985 3174591
3161986 3174593
3161986 3174591
3161985 3174591
3161984 3174591
3161987 3174592
3161986 3174592
3161986 3174591
3161987 3174592
3161986 3174593
3161988 3174593
3161988 3174593
3161986 3174595
3161986 3174591
3161987 3174591
3161987 3174591
3161986 3174589
3161988 3174591
3161985 3174590
3161983 3174589
3161982 3174589
3161982 3174589
3161978 3174587
3161979 3174586
3161978 3174588
3161977 3174586
3161978 3174585
3161976 3174584
3161974 3174583
3161974 3174583
3161973 3174581
3161975 3174583
3161974 3174582
3161974 3174580
3161974 3174582
3161974 3174582
3161973 3174580
3161972 3174579
3161971 3174579
3161972 3174580
3161972 3174580
3161970 3174578
3161972 3174577
3161970 3174578
3161970 3174579
3161970 3174577
3161971 3174577
3161971 3174578
3161970 3174578
3161970 3174576
3161970 3174578
3161971 3174577
3161970 3174575
3161970 3174576
3161969 3174575
3161969 3174576
3161969 3174575
3161969 3174575
3161969 3174574
3161969 3174575
3161967 3174573
3161968 3174574
3161969 3174575
3161968 3174574
3161968 3174575
3161969 3174573
3161969 3174574
3161967 3174573
3161968 3174573
3161969 3174574
3161969 3174575
3161967 3174574
3161970 3174574
3161969 3174575
3161968 3174575
3161970 3174575
3161970 3174574
3161970 3174575
3161970 3174575
3161970 3174575
3161970 3174574
3161970 3174574
3161970 3174576
3161969 3174575
3161969 3174575
3161970 3174576
3161971 3174575
3161972 3174576
3161971 3174575
3161971 3174577
3161971 3174576
3161971 3174578
3161971 3174577
3161971 3174576
3161971 3174577
3161972 3174576
3161974 3174578
3161973 3174576
3161973 3174577
3161974 3174578
3161974 3174578
3161974 3174579
3161973 3174577
3161973 3174577
3161973 3174580
3161974 3174579
3161974 3174578
3161975 3174578
3161974 3174580
3161975 3174580
3161975 3174579
3161975 3174578
3161975 3174579
3161975 3174579
3161975 3174581
3161974 3174579
3161975 3174580
3161977 3174581
3161976 3174581
3161976 3174580
3161975 3174582
3161976 3174581
3161977 3174582
3161977 3174583
3161977 3174582
3161979 3174582
3161978 3174582
3161978 3174583
3161979 3174584
3161979 3174584
3161980 3174583
3161979 3174583
3161979 3174583
3161979 3174584
3161979 3174583
3161977 3174583
3161978 3174581
3161975 3174581
3161974 3174580
3161974 3174578
3161972 3174578
3161970 3174576
3161969 3174577
3161968 3174575
3161969 3174577
3161968 3174576
3161967 3174575
3161966 3174575
3161965 3174574
3161966 3174574
3161965 3174574
3161966 3174574
3161964 3174570
3161964 3174570
3161963 3174571
3161963 3174569
3161963 3174570
3161961 3174569
3161963 3174570
3161961 3174569
3161963 3174568
3161961 3174567
3161962 3174568
3161961 3174567
3161962 3174566
3161962 3174567
3161962 3174565
3161960 3174566
3161960 3174566
3161961 3174567
3161960 3174566
3161961 3174566
3161960 3174566
3161959 3174565
3161961 3174564
3161958 3174566
3161960 3174564
3161959 3174564
3161960 3174563
3161959 3174564
3161958 3174564
3161957 3174564
3161959 3174564
3161958 3174562
3161959 3174563
3161957 3174561
3161958 3174561
3161957 3174562
3161958 3174561
3161958 3174562
3161957 3174562
3161958 3174562
3161959 3174562
3161957 3174562
3161959 3174563
3161959 3174562
3161959 3174564
3161959 3174564
3161959 3174564
3161960 3174563
3161961 3174564
3161961 3174564
3161959 3174563
3161959 3174565
3161961 3174564
3161961 3174565
3161962 3174566
3161961 3174565
3161961 3174564
3161961 3174566
3161961 3174563
3161963 3174564
3161961 3174565
3161962 3174566
3161961 3174565
3161962 3174564
3161962 3174564
3161962 3174564
3161963 3174564
3161962 3174567
3161962 3174565
3161963 3174566
3161962 3174565
3161963 3174565
3161962 3174565
3161964 3174566
3161964 3174566
3161964 3174566
3161964 3174565
3161963 3174565
3161964 3174567
3161964 3174567
3161964 3174567
3161964 3174567
3161965 3174567
3161966 3174568
3161966 3174567
3161965 3174568
3161965 3174568
3161966 3174567
3161967 3174569
3161966 3174567
3161966 3174566
3161967 3174568
3161969 3174568
3161968 3174570
3161968 3174568
3161968 3174569
3161968 3174571
3161968 3174569
3161969 3174568
3161969 3174568
3161969 3174571
3161969 3174571
3161970 3174569
3161967 3174571
3161969 3174569
3161970 3174569
3161970 3174571
3161971 3174570
3161970 3174570
3161969 3174572
3161970 3174570
3161970 3174570
3161971 3174570
3161970 3174570
3161968 3174569
3161968 3174566
3161965 3174568
3161964 3174566
3161963 3174564
3161962 3174564
3161963 3174565
3161962 3174564
3161960 3174564
3161962 3174563
3161960 3174564
3161959 3174563
3161960 3174561
3161958 3174561
3161959 3174562
3161958 3174561
3161958 3174559
3161957 3174560
3161956 3174559
3161958 3174558
3161956 3174557
3161956 3174557
3161956 3174557
3161956 3174557
3161955 3174557
3161956 3174555
3161954 3174557
3161954 3174555
3161955 3174556
3161956 3174557
3161954 3174556
3161954 3174554
3161954 3174554
3161955 3174554
3161955 3174555
3161954 3174554
3161956 3174556
3161953 3174554
3161954 3174553
3161954 3174554
3161953 3174554
3161953 3174553
3161953 3174553
3161953 3174553
3161953 3174554
3161953 3174553
3161953 3174553
3161953 3174553
3161954 3174552
3161952 3174553
3161953 3174552
3161954 3174553
3161952 3174552
3161952 3174553
3161951 3174553
3161955 3174551
3161954 3174552
3161953 3174554
3161955 3174554
3161954 3174555
3161955 3174555
3161954 3174555
3161956 3174554
3161954 3174555
3161954 3174554
3161955 3174554
3161956 3174554
3161955 3174555
3161957 3174554
3161956 3174555
3161957 3174556
3161956 3174554
3161957 3174556
3161958 3174555
3161957 3174556
3161958 3174557
3161958 3174557
3161957 3174557
3161957 3174555
3161958 3174556
3161957 3174558
3161959 3174557
3161958 3174557
3161958 3174555
3161957 3174556
3161958 3174557
3161959 3174559
3161960 3174558
3161961 3174559
3161960 3174558
3161960 3174559
3161960 3174559
3161960 3174558
3161960 3174558
3161962 3174560
3161960 3174559
3161962 3174558
3161962 3174561
3161961 3174560
3161962 3174562
3161962 3174562
3161962 3174561
3161963 3174561
3161964 3174563
3161964 3174562
3161963 3174561
3161964 3174562
3161964 3174562
3161965 3174563
3161964 3174562
3161966 3174561
3161965 3174563
3161965 3174562
3161963 3174562
3161963 3174562
3161961 3174562
3161960 3174560
3161960 3174560
3161959 3174560
3161958 3174558
3161957 3174558
3161957 3174556
3161957 3174557
3161955 3174557
3161955 3174555
3161953 3174554
3161952 3174553
3161951 3174554
3161952 3174552
3161952 3174553
3161952 3174553
3161950 3174553
3161952 3174551
3161951 3174551
3161951 3174552
3161952 3174551
3161951 3174550
3161951 3174551
3161950 3174550
3161950 3174549
3161950 3174550
3161950 3174549
3161950 3174550
3161950 3174551
3161950 3174550
3161950 3174550
3161950 3174549
3161950 3174549
3161949 3174548
3161947 3174547
3161948 3174548
3161949 3174549
3161949 3174548
3161949 3174548
3161948 3174548
3161948 3174549
3161949 3174547
3161947 3174546
3161947 3174548
3161947 3174548
3161948 3174547
3161948 3174548
3161947 3174546
3161948 3174547
3161950 3174549
3161947 3174548
3161948 3174546
3161947 3174548
3161948 3174547
3161948 3174547
3161948 3174548
3161949 3174549
3161948 3174548
3161948 3174547
3161949 3174547
3161949 3174549
3161949 3174547
3161949 3174549
3161949 3174547
3161951 3174548
3161950 3174550
3161950 3174549
3161950 3174547
3161949 3174548
3161950 3174548
3161950 3174550
3161950 3174549
3161952 3174547
3161949 3174550
3161951 3174548
3161951 3174549
3161951 3174550
3161951 3174548
3161951 3174549
3161952 3174550
3161951 3174550
3161951 3174549
3161952 3174549
3161952 3174550
3161952 3174551
3161952 3174549
3161953 3174551
3161954 3174551
3161953 3174551
3161953 3174553
3161954 3174550
3161953 3174552
3161954 3174552
3161952 3174552
3161954 3174551
3161955 3174551
3161954 3174551
3161954 3174551
3161955 3174552
3161951 3174550
3161952 3174549
3161951 3174549
3161950 3174548
3161947 3174547
3161947 3174545
3161946 3174543
3161945 3174544
3161943 3174542
3161942 3174541
3161942 3174541
3161941 3174541
3161941 3174542
3161940 3174538
3161939 3174538
3161938 3174538
3161938 3174537
3161936 3174538
3161937 3174536
3161936 3174537
3161936 3174535
3161935 3174536
3161935 3174535
3161936 3174534
3161934 3174535
3161933 3174534
3161935 3174533
3161935 3174535
3161934 3174533
3161934 3174535
3161934 3174534
3161935 3174534
3161935 3174534
3161933 3174534
3161933 3174534
3161932 3174534
3161933 3174532
3161934 3174531
3161932 3174532
3161933 3174532
3161932 3174532
3161932 3174532
3161931 3174530
3161932 3174532
3161931 3174530
3161931 3174530
3161931 3174531
3161929 3174529
3161929 3174530
3161931 3174531
3161931 3174529
3161930 3174531
3161930 3174529
3161931 3174531
3161930 3174531
3161931 3174530
3161929 3174529
3161932 3174531
3161931 3174531
3161931 3174531
3161932 3174530
3161931 3174532
3161932 3174533
3161932 3174534
3161933 3174533
3161934 3174533
3161933 3174533
3161933 3174534
3161933 3174535
3161934 3174533
3161934 3174532
3161932 3174534
3161934 3174535
3161933 3174534
3161936 3174533
3161935 3174534
3161934 3174535
3161935 3174533
3161935 3174534
3161936 3174535
3161936 3174534
3161934 3174536
3161935 3174536
3161935 3174534
3161935 3174536
3161935 3174536
3161935 3174534
3161935 3174537
3161937 3174536
3161936 3174536
3161934 3174536
3161936 3174537
3161936 3174538
3161938 3174538
3161937 3174537
3161937 3174537
3161939 3174537
3161939 3174538
3161938 3174539
3161940 3174538
3161938 3174540
3161937 3174538
3161940 3174540
3161940 3174539
3161939 3174539
3161939 3174540
3161940 3174539
3161940 3174540
3161940 3174540
3161941 3174540
3161941 3174541
3161942 3174540
3161941 3174541
3161941 3174539
3161940 3174538
3161939 3174540
3161937 3174539
3161936 3174535
3161935 3174535
3161933 3174533
3161932 3174533
3161930 3174533
3161929 3174531
3161927 3174531
3161927 3174531
3161926 3174530
3161924 3174528
3161924 3174530
3161923 3174528
3161924 3174527
3161922 3174527
3161922 3174527
3161920 3174525
3161920 3174526
3161920 3174525
3161920 3174526
3161919 3174524
3161919 3174523
3161918 3174523
3161919 3174524
3161917 3174523
3161919 3174523
3161919 3174523
3161917 3174523
3161918 3174525
3161919 3174521
3161919 3174522
3161918 3174523
3161919 3174521
3161917 3174523
3161917 3174521
3161918 3174521
3161917 3174520
3161916 3174522
3161915 3174521
3161916 3174521
3161915 3174521
3161915 3174520
3161915 3174521
3161915 3174521
3161915 3174523
3161916 3174521
3161915 3174520
3161915 3174519
3161916 3174521
3161915 3174520
3161916 3174521
3161916 3174522
3161916 3174520
3161916 3174523
3161917 3174522
3161917 3174523
3161917 3174523
3161916 3174521
3161917 3174524
3161918 3174524
3161917 3174523
3161918 3174522
3161917 3174525
3161917 3174525
3161918 3174525
3161918 3174524
3161918 3174525
3161917 3174525
3161919 3174525
3161918 3174525
3161919 3174526
3161920 3174524
3161919 3174525
3161917 3174524
3161919 3174525
3161919 3174525
3161920 3174527
3161918 3174523
3161920 3174527
3161919 3174525
3161918 3174526
3161919 3174524
3161921 3174527
3161920 3174527
3161921 3174526
3161921 3174527
3161922 3174528
3161922 3174527
3161921 3174527
3161922 3174529
3161922 3174529
3161922 3174531
3161921 3174528
3161923 3174529
3161923 3174529
3161924 3174531
3161924 3174529
3161924 3174530
3161925 3174531
3161925 3174531
3161925 3174529
3161925 3174531
3161924 3174530
3161925 3174533
3161926 3174531
3161926 3174532
3161927 3174532
3161927 3174532
3161927 3174532
3161927 3174534
3161927 3174535
3161927 3174534
3161927 3174534
3161926 3174535
3161929 3174535
3161929 3174536
3161929 3174535
3161929 3174535
3161929 3174537
3161930 3174536
3161929 3174536
3161930 3174537
3161930 3174538
3161928 3174535
3161928 3174536
3161927 3174533
3161924 3174533
3161923 3174533
3161923 3174532
3161921 3174532
3161921 3174529
3161919 3174528
3161919 3174529
3161919 3174527
3161917 3174528
3161916 3174525
3161914 3174526
3161915 3174527
3161916 3174525
3161915 3174523
3161914 3174525
3161914 3174523
3161914 3174523
3161911 3174524
3161912 3174522
3161913 3174523
3161912 3174522
3161912 3174522
3161910 3174522
3161912 3174522
3161911 3174522
3161910 3174523
3161910 3174520
3161911 3174521
3161911 3174522
3161911 3174521
3161911 3174521
3161912 3174520
3161910 3174520
3161909 3174519
3161911 3174520
3161910 3174520
3161910 3174519
3161910 3174522
3161910 3174520
3161910 3174520
3161909 3174520
3161909 3174520
3161909 3174519
3161909 3174519
3161910 3174519
3161910 3174518
3161910 3174520
3161910 3174518
3161911 3174521
3161911 3174521
3161909 3174520
3161910 3174520
3161911 3174522
3161911 3174521
3161911 3174522
3161912 3174523
3161912 3174522
3161912 3174522
3161913 3174522
3161913 3174522
3161913 3174523
3161913 3174524
3161912 3174522
3161912 3174523
3161914 3174524
3161914 3174523
3161914 3174524
3161914 3174525
3161914 3174523
3161913 3174522
3161915 3174523
3161914 3174524
3161914 3174523
3161916 3174525
3161916 3174525
3161917 3174525
3161915 3174524
3161917 3174524
3161916 3174526
3161917 3174526
3161916 3174525
3161916 3174525
3161918 3174526
3161917 3174525
3161917 3174526
3161918 3174526
3161920 3174528
3161916 3174527
3161918 3174526
3161918 3174527
3161919 3174528
3161918 3174526
3161921 3174526
3161919 3174528
3161920 3174529
3161920 3174527
3161921 3174530
3161920 3174529
3161921 3174529
3161922 3174530
3161922 3174529
3161922 3174529
3161924 3174530
3161923 3174529
3161922 3174531
3161922 3174530
3161923 3174530
3161924 3174531
3161924 3174531
3161925 3174532
3161926 3174532
3161924 3174533
3161926 3174533
3161927 3174534
3161926 3174535
3161927 3174535
3161928 3174534
3161927 3174534
3161929 3174533
3161926 3174533
3161927 3174534
3161928 3174532
3161927 3174533
3161926 3174532
3161924 3174531
3161924 3174530
3161922 3174530
3161921 3174530
3161921 3174529
3161918 3174529
3161918 3174527
3161918 3174527
3161916 3174525
3161917 3174528
3161918 3174527
3161916 3174525
3161917 3174525
3161915 3174525
3161916 3174525
3161916 3174525
3161916 3174524
3161915 3174525
3161915 3174524
3161914 3174524
3161915 3174525
3161915 3174523
3161915 3174525
3161915 3174523
3161916 3174524
3161914 3174523
3161917 3174525
3161914 3174524
3161915 3174527
3161915 3174524
3161916 3174524
3161915 3174524
3161915 3174524
3161917 3174525
3161915 3174525
3161915 3174525
3161916 3174524
3161916 3174524
3161915 3174522
3161916 3174524
3161915 3174524
3161915 3174525
3161915 3174524
3161915 3174524
3161916 3174524
3161914 3174524
3161915 3174522
3161917 3174524
3161915 3174524
3161916 3174524
3161916 3174524
3161916 3174524
3161915 3174523
3161915 3174523
3161916 3174525
3161917 3174525
3161916 3174525
3161916 3174527
3161917 3174526
3161918 3174526
3161918 3174527
3161920 3174527
3161918 3174527
3161919 3174528
3161920 3174526
3161919 3174527
3161919 3174528
3161921 3174527
3161921 3174529
3161921 3174529
3161920 3174531
3161920 3174529
3161923 3174530
3161920 3174529
3161922 3174531
3161921 3174529
3161922 3174531
3161921 3174532
3161922 3174530
3161922 3174530
3161923 3174532
3161923 3174531
3161924 3174532
3161924 3174534
3161924 3174533
3161924 3174532
3161924 3174532
3161924 3174532
3161924 3174534
3161924 3174534
3161926 3174533
3161925 3174533
3161925 3174532
3161926 3174534
3161925 3174533
3161926 3174534
3161925 3174532
3161926 3174534
3161927 3174534
3161925 3174533
3161926 3174531
3161923 3174532
3161925 3174530
3161922 3174529
3161922 3174531
3161921 3174528
3161920 3174529
3161919 3174528
3161919 3174527
3161918 3174528
3161917 3174526
3161917 3174525
3161917 3174526
3161916 3174526
3161916 3174524
3161915 3174525
3161915 3174525
3161913 3174524
3161916 3174524
3161915 3174524
3161914 3174524
3161914 3174523
3161914 3174524
3161914 3174522
3161913 3174523
3161915 3174523
3161913 3174524
3161915 3174522
3161916 3174522
3161915 3174522
3161915 3174524
3161913 3174522
3161914 3174523
3161914 3174522
3161914 3174522
3161914 3174522
3161913 3174521
3161914 3174521
3161914 3174521
3161913 3174522
3161912 3174520
3161912 3174519
3161914 3174522
3161914 3174520
3161912 3174520
3161913 3174518
3161912 3174519
3161913 3174520
3161912 3174519
3161914 3174518
3161913 3174520
3161913 3174521
3161914 3174521
3161914 3174519
3161914 3174520
3161914 3174520
3161914 3174520
3161912 3174520
3161915 3174521
3161914 3174521
3161915 3174520
3161915 3174521
3161916 3174522
3161915 3174521
3161914 3174522
3161915 3174522
3161915 3174523
3161917 3174524
3161916 3174523
3161916 3174522
3161917 3174522
3161916 3174523
3161918 3174524
3161917 3174521
3161917 3174522
3161918 3174522
3161916 3174522
3161918 3174522
3161917 3174523
3161919 3174522
3161919 3174523
3161917 3174523
3161917 3174521
3161919 3174523
3161919 3174522
3161919 3174523
3161919 3174523
3161918 3174524
3161918 3174522
3161919 3174523
3161919 3174522
3161920 3174523
3161920 3174525
3161920 3174524
3161921 3174523
3161920 3174525
3161920 3174523
3161921 3174525
3161921 3174525
3161920 3174524
3161920 3174523
3161919 3174521
3161918 3174521
3161916 3174520
3161914 3174518
3161913 3174518
3161912 3174517
3161912 3174517
3161910 3174516
3161911 3174515
3161909 3174516
3161908 3174516
3161907 3174514
3161905 3174513
3161906 3174513
3161905 3174513
3161906 3174512
3161904 3174509
3161904 3174510
3161904 3174509
3161903 3174508
3161903 3174508
3161903 3174506
3161902 3174506
3161901 3174506
3161904 3174507
3161902 3174507
3161902 3174507
3161901 3174507
3161901 3174506
3161902 3174504
3161901 3174505
3161902 3174506
3161903 3174505
3161902 3174506
3161899 3174506
3161900 3174504
3161900 3174504
3161899 3174506
3161899 3174504
3161900 3174503
3161899 3174503
3161898 3174501
3161899 3174504
3161899 3174503
3161899 3174502
3161899 3174503
3161899 3174503
3161898 3174503
3161899 3174504
3161896 3174503
3161898 3174502
3161899 3174501
3161898 3174503
3161899 3174503
3161898 3174504
3161898 3174503
3161900 3174503
3161900 3174502
3161899 3174503
3161901 3174503
3161900 3174504
3161901 3174505
3161902 3174505
3161900 3174505
3161901 3174504
3161899 3174505
3161902 3174504
3161900 3174506
3161901 3174505
3161902 3174505
3161901 3174505
3161902 3174506
3161901 3174506
3161903 3174508
3161901 3174506
3161901 3174506
3161904 3174507
3161904 3174507
3161905 3174507
3161904 3174508
3161904 3174508
3161904 3174506
3161905 3174509
3161904 3174508
3161905 3174508
3161903 3174510
3161905 3174510
3161904 3174510
3161907 3174511
3161905 3174508
3161905 3174509
3161906 3174510
3161905 3174510
3161906 3174511
3161906 3174511
3161907 3174510
3161907 3174510
3161907 3174510
3161908 3174510
3161907 3174510
3161907 3174511
3161907 3174511
3161908 3174512
3161909 3174511
3161909 3174512
3161908 3174513
3161909 3174513
3161910 3174514
3161910 3174512
3161910 3174513
3161911 3174513
3161910 3174513
3161911 3174515
3161912 3174515
3161910 3174513
3161911 3174515
3161912 3174513
3161910 3174513
3161910 3174512
3161909 3174513
3161910 3174513
3161907 3174510
3161906 3174510
3161905 3174509
3161903 3174506
3161902 3174506
3161900 3174506
3161900 3174504
3161899 3174504
3161899 3174506
3161898 3174505
3161898 3174502
3161896 3174501
3161897 3174502
3161895 3174503
3161896 3174501
3161895 3174500
3161895 3174499
3161893 3174500
3161892 3174498
3161894 3174499
3161891 3174497
3161891 3174497
3161890 3174498
3161893 3174496
3161891 3174498
3161891 3174495
3161890 3174495
3161890 3174495
3161888 3174495
3161889 3174495
3161890 3174495
3161889 3174496
3161889 3174494
3161889 3174494
3161890 3174494
3161888 3174494
3161889 3174495
3161889 3174494
3161886 3174493
3161887 3174492
3161887 3174492
3161886 3174492
3161887 3174492
3161888 3174493
3161887 3174492
3161887 3174493
3161888 3174493
3161886 3174493
3161886 3174492
3161886 3174492
3161886 3174491
3161887 3174492
3161885 3174493
3161887 3174493
3161888 3174494
3161888 3174493
3161887 3174494
3161889 3174494
3161888 3174493
3161887 3174495
3161888 3174493
3161888 3174496
3161888 3174494
3161889 3174494
3161889 3174496
3161888 3174496
3161889 3174496
3161890 3174497
3161891 3174496
3161889 3174497
3161889 3174497
3161891 3174497
3161890 3174495
3161892 3174496
3161891 3174500
3161891 3174497
3161892 3174497
3161891 3174497
3161891 3174499
3161892 3174498
3161893 3174498
3161892 3174497
3161892 3174499
3161894 3174497
3161892 3174500
3161894 3174499
3161892 3174498
3161894 3174500
3161894 3174500
3161894 3174500
3161894 3174501
3161894 3174500
3161895 3174502
3161896 3174502
3161896 3174502
3161896 3174501
3161895 3174502
3161896 3174502
3161897 3174502
3161896 3174501
3161896 3174502
3161898 3174502
3161900 3174505
3161898 3174503
3161898 3174503
3161898 3174505
3161898 3174505
3161901 3174505
3161899 3174504
3161900 3174505
3161902 3174506
3161901 3174504
3161901 3174505
3161901 3174505
3161902 3174506
3161901 3174507
3161902 3174507
3161902 3174507
3161903 3174508
3161902 3174507
3161902 3174507
3161903 3174506
3161903 3174508
3161903 3174508
3161905 3174509
3161905 3174510
3161905 3174508
3161905 3174510
3161903 3174508
3161904 3174508
3161903 3174508
3161903 3174506
3161901 3174506
3161900 3174505
3161899 3174505
3161897 3174504
3161895 3174503
3161896 3174502
3161894 3174502
3161894 3174501
3161892 3174501
3161893 3174501
3161891 3174500
3161893 3174498
3161893 3174500
3161891 3174499
3161891 3174499
3161890 3174498
3161891 3174498
3161890 3174497
3161889 3174497
3161888 3174497
3161889 3174496
3161889 3174496
3161888 3174497
3161889 3174498
3161888 3174495
3161887 3174497
3161889 3174496
3161888 3174496
3161889 3174495
3161889 3174497
3161889 3174497
3161889 3174494
3161889 3174496
3161888 3174496
3161888 3174495
3161889 3174496
3161888 3174495
3161888 3174495
3161886 3174495
3161888 3174495
3161887 3174496
3161888 3174495
3161887 3174495
3161887 3174496
3161887 3174496
3161888 3174496
3161888 3174496
3161889 3174496
3161889 3174497
3161888 3174496
3161887 3174496
3161889 3174497
3161889 3174498
3161889 3174497
3161891 3174499
3161890 3174498
3161890 3174499
3161890 3174498
3161891 3174497
3161890 3174497
3161889 3174499
3161891 3174499
3161892 3174499
3161891 3174499
3161893 3174499
3161893 3174500
3161892 3174499
3161894 3174501
3161891 3174500
3161894 3174501
3161893 3174500
3161894 3174502
3161894 3174500
3161895 3174501
3161893 3174502
3161895 3174503
3161895 3174504
3161895 3174504
3161896 3174504
3161898 3174504
3161897 3174505
3161897 3174505
3161898 3174505
3161897 3174503
3161896 3174506
3161897 3174505
3161897 3174507
3161898 3174507
3161897 3174507
3161900 3174507
3161900 3174507
3161901 3174508
3161902 3174508
3161901 3174509
3161901 3174509
3161901 3174508
3161902 3174511
3161903 3174511
3161903 3174511
3161902 3174510
3161901 3174510
3161902 3174511
3161903 3174511
3161904 3174511
3161903 3174513
3161905 3174511
3161904 3174511
3161906 3174512
3161904 3174511
3161905 3174512
3161903 3174510
3161902 3174510
3161901 3174510
3161899 3174510
3161898 3174509
3161898 3174508
3161897 3174505
3161895 3174506
3161895 3174508
3161894 3174507
3161894 3174503
3161893 3174504
3161895 3174503
3161894 3174504
3161893 3174504
3161894 3174503
3161894 3174503
3161891 3174504
3161892 3174503
3161893 3174501
3161891 3174502
3161893 3174502
3161893 3174503
3161893 3174502
3161891 3174501
3161893 3174501
3161891 3174501
3161891 3174502
3161894 3174502
3161892 3174503
3161891 3174502
3161894 3174502
3161894 3174503
3161894 3174502
3161894 3174502
3161893 3174501
3161892 3174502
3161891 3174501
3161891 3174500
3161890 3174500
3161892 3174502
3161891 3174500
3161892 3174500
3161891 3174501
3161892 3174500
3161892 3174501
3161891 3174501
3161892 3174502
3161891 3174501
3161893 3174500
3161892 3174501
3161892 3174502
3161893 3174502
3161893 3174499
3161893 3174501
3161893 3174502
3161895 3174502
3161894 3174503
3161894 3174502
3161894 3174502
3161894 3174501
3161895 3174504
3161896 3174502
3161895 3174503
3161895 3174504
3161895 3174504
3161897 3174505
3161897 3174504
3161896 3174504
3161897 3174504
3161897 3174504
3161898 3174506
3161898 3174505
3161896 3174505
3161897 3174505
3161898 3174505
3161896 3174505
3161898 3174507
3161898 3174505
3161897 3174506
3161899 3174505
3161898 3174506
3161899 3174507
3161899 3174507
3161899 3174505
3161898 3174506
3161898 3174507
3161900 3174507
3161899 3174507
3161901 3174507
3161901 3174507
3161902 3174508
3161901 3174508
3161900 3174507
3161901 3174508
3161901 3174505
3161902 3174505
3161901 3174509
3161900 3174505
3161898 3174505
3161898 3174505
3161897 3174505
3161895 3174503
3161894 3174502
3161894 3174502
3161893 3174502
3161891 3174502
3161891 3174500
3161890 3174499
3161891 3174500
3161891 3174499
3161890 3174498
3161890 3174498
3161888 3174496
3161888 3174496
3161887 3174497
3161889 3174495
3161886 3174495
3161886 3174496
3161888 3174495
3161887 3174494
3161887 3174495
3161886 3174494
3161886 3174495
3161887 3174494
3161885 3174495
3161885 3174493
3161887 3174493
3161887 3174492
3161887 3174493
3161886 3174491
3161887 3174492
3161886 3174491
3161886 3174492
3161885 3174492
3161883 3174493
3161886 3174491
3161884 3174492
3161884 3174491
3161885 3174493
3161884 3174492
3161885 3174490
3161883 3174492
3161884 3174491
3161885 3174490
3161885 3174490
3161885 3174490
3161885 3174489
3161886 3174490
3161885 3174490
3161886 3174493
3161885 3174491
3161886 3174491
3161886 3174493
3161886 3174492
3161886 3174492
3161886 3174494
3161886 3174492
3161887 3174492
3161887 3174494
3161887 3174491
3161888 3174492
3161888 3174492
3161889 3174491
3161887 3174491
3161888 3174493
3161888 3174492
3161889 3174492
3161888 3174494
3161888 3174493
3161889 3174493
3161890 3174491
3161890 3174495
3161888 3174491
3161890 3174493
3161889 3174492
3161889 3174493
3161889 3174493
3161890 3174494
3161890 3174494
3161891 3174494
3161889 3174494
3161891 3174495
3161891 3174496
3161890 3174494
3161892 3174495
3161891 3174495
3161892 3174495
3161891 3174495
3161893 3174496
3161893 3174496
3161893 3174496
3161892 3174497
3161893 3174498
3161893 3174499
3161893 3174497
3161893 3174497
3161894 3174498
3161894 3174498
3161895 3174497
3161894 3174499
3161895 3174498
3161896 3174498
3161895 3174498
3161895 3174499
3161896 3174498
3161896 3174500
3161897 3174500
3161896 3174499
3161898 3174500
3161897 3174498
3161896 3174497
3161895 3174498
3161894 3174497
3161894 3174496
3161892 3174494
3161890 3174494
3161889 3174492
3161888 3174493
3161886 3174493
3161887 3174493
3161886 3174490
3161884 3174489
3161885 3174489
3161882 3174488
3161883 3174488
3161881 3174488
3161881 3174486
3161881 3174486
3161881 3174485
3161879 3174486
3161879 3174483
3161880 3174485
3161877 3174484
3161877 3174483
3161878 3174483
3161878 3174482
3161877 3174482
3161877 3174482
3161877 3174484
3161877 3174481
3161877 3174481
3161877 3174483
3161877 3174481
3161878 3174482
3161877 3174480
3161877 3174479
3161876 3174481
3161875 3174479
3161876 3174479
3161876 3174479
3161874 3174479
3161874 3174479
3161875 3174478
3161873 3174477
3161874 3174477
3161873 3174477
3161873 3174476
3161874 3174477
3161875 3174476
3161874 3174477
3161874 3174477
3161874 3174477
3161874 3174477
3161874 3174477
3161875 3174477
3161874 3174476
3161874 3174477
3161873 3174478
3161876 3174477
3161874 3174479
3161876 3174477
3161875 3174480
3161876 3174478
3161876 3174478
3161875 3174479
3161877 3174479
3161876 3174478
3161875 3174479
3161875 3174481
3161876 3174479
3161878 3174479
3161877 3174479
3161879 3174479
3161879 3174478
3161876 3174479
3161876 3174480
3161877 3174480
3161877 3174479
3161878 3174480
3161876 3174479
3161878 3174481
3161877 3174481
3161879 3174480
3161878 3174481
3161878 3174480
3161878 3174480
3161878 3174480
3161878 3174481
3161880 3174481
3161879 3174481
3161879 3174482
3161880 3174481
3161880 3174482
3161880 3174483
3161880 3174481
3161880 3174481
3161882 3174481
3161882 3174483
3161881 3174483
3161883 3174482
3161882 3174482
3161882 3174483
3161883 3174482
3161881 3174482
3161882 3174483
3161883 3174483
3161883 3174483
3161884 3174482
3161884 3174483
3161884 3174484
3161884 3174483
3161884 3174484
3161886 3174485
3161884 3174484
3161885 3174484
3161886 3174485
3161886 3174485
3161885 3174485
3161886 3174484
3161886 3174484
3161888 3174484
3161888 3174486
3161888 3174485
3161887 3174486
3161888 3174484
3161886 3174486
3161888 3174485
3161887 3174485
3161887 3174482
3161884 3174481
3161883 3174482
3161881 3174480
3161880 3174480
3161879 3174479
3161879 3174478
3161877 3174477
3161876 3174478
3161875 3174476
3161874 3174477
3161874 3174475
3161874 3174474
3161873 3174475
3161872 3174473
3161873 3174473
3161871 3174474
3161870 3174471
3161871 3174472
3161870 3174472
3161871 3174472
3161870 3174473
3161870 3174471
3161869 3174470
3161868 3174470
3161868 3174469
3161870 3174470
3161869 3174470
3161869 3174470
3161869 3174470
3161870 3174468
3161869 3174469
3161869 3174468
3161868 3174469
3161869 3174468
3161868 3174470
3161868 3174468
3161869 3174469
3161868 3174468
3161868 3174469
3161868 3174468
3161867 3174468
3161868 3174468
3161867 3174467
3161867 3174466
3161868 3174468
3161867 3174466
3161867 3174467
3161865 3174467
3161867 3174467
3161866 3174466
3161866 3174467
3161867 3174468
3161868 3174467
3161868 3174469
3161867 3174467
3161868 3174468
3161869 3174467
3161869 3174469
3161868 3174470
3161867 3174470
3161869 3174470
3161870 3174471
3161871 3174471
3161870 3174472
3161871 3174472
3161870 3174471
3161871 3174472
3161871 3174472
3161872 3174472
3161871 3174472
3161871 3174473
3161871 3174474
3161871 3174473
3161872 3174472
3161871 3174473
3161873 3174474
3161872 3174473
3161873 3174474
3161872 3174473
3161873 3174476
3161873 3174475
3161873 3174474
3161875 3174475
3161873 3174476
3161873 3174477
3161875 3174478
3161874 3174476
3161875 3174478
3161874 3174479
3161876 3174478
3161875 3174478
3161877 3174479
3161876 3174479
3161876 3174478
3161877 3174480
3161875 3174480
3161877 3174481
3161877 3174481
3161878 3174482
3161880 3174480
3161879 3174479
3161879 3174481
3161879 3174483
3161880 3174483
3161879 3174483
3161881 3174482
3161880 3174482
3161878 3174481
3161878 3174483
3161877 3174481
3161878 3174480
3161877 3174480
3161875 3174479
3161873 3174477
3161873 3174477
3161871 3174477
3161870 3174477
3161870 3174475
3161870 3174475
3161869 3174475
3161868 3174474
3161869 3174473
3161867 3174473
3161866 3174472
3161867 3174472
3161866 3174473
3161867 3174472
3161868 3174471
3161866 3174472
3161866 3174472
3161865 3174471
3161865 3174473
3161866 3174471
3161866 3174470
3161864 3174469
3161866 3174473
3161867 3174473
3161867 3174471
3161867 3174472
3161867 3174470
3161866 3174471
3161866 3174471
3161864 3174470
3161864 3174471
3161865 3174472
3161866 3174471
3161865 3174470
3161866 3174470
3161864 3174470
3161866 3174471
3161863 3174469
3161862 3174471
3161865 3174470
3161863 3174469
3161864 3174470
3161863 3174469
3161865 3174469
3161865 3174469
3161864 3174469
3161865 3174471
3161864 3174470
3161864 3174470
3161866 3174473
3161865 3174471
3161866 3174472
3161867 3174471
3161866 3174471
3161865 3174471
3161866 3174472
3161868 3174471
3161867 3174473
3161867 3174472
3161867 3174475
3161868 3174474
3161867 3174473
3161867 3174472
3161868 3174474
3161869 3174474
3161868 3174474
3161869 3174475
3161869 3174475
3161869 3174475
3161869 3174475
3161869 3174474
3161869 3174475
3161870 3174475
3161871 3174476
3161870 3174475
3161870 3174474
3161871 3174475
3161870 3174477
3161871 3174477
3161871 3174477
3161872 3174477
3161872 3174476
3161871 3174477
3161873 3174477
3161873 3174477
3161872 3174477
3161873 3174478
3161872 3174477
3161872 3174476
3161873 3174479
3161873 3174479
3161873 3174478
3161873 3174476
3161871 3174478
3161871 3174476
3161870 3174476
3161868 3174475
3161868 3174475
3161866 3174474
3161865 3174474
3161864 3174471
3161864 3174472
3161862 3174469
3161864 3174470
3161863 3174469
3161861 3174468
3161861 3174468
3161861 3174468
3161860 3174467
3161860 3174467
3161859 3174466
3161859 3174464
3161857 3174465
3161858 3174465
3161858 3174466
3161857 3174464
3161858 3174467
3161858 3174467
3161859 3174464
3161858 3174465
3161859 3174464
3161857 3174464
3161858 3174465
3161858 3174465
3161857 3174463
3161857 3174464
3161858 3174465
3161858 3174464
3161857 3174464
3161858 3174465
3161858 3174466
3161857 3174464
3161856 3174462
3161857 3174462
3161856 3174463
3161857 3174464
3161858 3174463
3161858 3174464
3161858 3174465
3161857 3174464
3161857 3174463
3161857 3174464
3161857 3174464
3161857 3174464
3161858 3174463
3161858 3174463
3161857 3174464
3161858 3174465
3161858 3174465
3161859 3174465
3161858 3174467
3161860 3174467
3161860 3174466
3161860 3174467
3161858 3174467
3161861 3174468
3161862 3174468
3161861 3174466
3161860 3174467
3161861 3174468
3161862 3174468
3161860 3174468
3161861 3174468
3161862 3174468
3161862 3174469
3161862 3174468
3161862 3174469
3161864 3174469
3161863 3174469
3161864 3174470
3161864 3174468
3161862 3174471
3161865 3174471
3161864 3174471
3161864 3174472
3161866 3174474
3161867 3174472
3161865 3174471
3161865 3174470
3161864 3174472
3161866 3174471
3161865 3174473
3161866 3174474
3161865 3174472
3161867 3174474
3161867 3174474
3161867 3174474
3161869 3174474
3161870 3174474
3161869 3174475
3161869 3174475
3161870 3174476
3161870 3174475
3161869 3174475
3161870 3174476
3161871 3174475
3161871 3174475
3161871 3174476
3161872 3174478
3161871 3174477
3161871 3174479
3161871 3174477
3161873 3174480
3161874 3174478
3161874 3174479
3161874 3174479
3161875 3174478
3161874 3174480
3161875 3174479
3161875 3174480
3161875 3174481
3161875 3174479
3161874 3174480
3161873 3174479
3161871 3174478
3161871 3174476
3161870 3174476
3161869 3174475
3161867 3174474
3161866 3174474
3161866 3174472
3161862 3174472
3161863 3174471
3161863 3174470
3161862 3174471
3161863 3174471
3161862 3174469
3161862 3174470
3161860 3174469
3161861 3174469
3161860 3174469
3161859 3174470
3161860 3174468
3161860 3174466
3161859 3174466
3161858 3174467
3161857 3174466
3161858 3174468
3161859 3174466
3161858 3174465
3161860 3174466
3161859 3174465
3161858 3174466
3161857 3174464
3161859 3174464
3161859 3174464
3161858 3174464
3161859 3174463
3161858 3174464
3161858 3174465
3161859 3174465
3161857 3174463
3161857 3174462
3161858 3174464
3161858 3174464
3161858 3174463
3161857 3174463
3161859 3174464
3161857 3174464
3161858 3174464
3161858 3174464
3161858 3174464
3161857 3174462
3161859 3174463
3161857 3174463
3161858 3174463
3161858 3174464
3161859 3174463
3161859 3174463
3161858 3174464
3161858 3174465
3161859 3174465
3161858 3174465
3161859 3174464
3161859 3174464
3161859 3174466
3161860 3174465
3161860 3174467
3161861 3174465
3161861 3174466
3161862 3174466
3161861 3174465
3161862 3174466
3161862 3174465
3161862 3174465
3161863 3174467
3161862 3174467
3161862 3174467
3161861 3174466
3161862 3174466
3161862 3174466
3161862 3174468
3161864 3174467
3161864 3174468
3161864 3174468
3161864 3174469
3161864 3174469
3161863 3174468
3161864 3174469
3161866 3174469
3161866 3174468
3161866 3174469
3161866 3174470
3161866 3174470
3161866 3174471
3161867 3174470
3161867 3174470
3161866 3174470
3161868 3174470
3161867 3174469
3161868 3174472
3161868 3174471
3161868 3174471
3161869 3174472
3161869 3174473
3161870 3174472
3161871 3174474
3161869 3174472
3161871 3174473
3161872 3174473
3161870 3174474
3161871 3174472
3161871 3174472
3161872 3174474
3161872 3174473
3161872 3174474
3161872 3174475
3161873 3174472
3161873 3174476
3161873 3174475
3161873 3174474
3161876 3174476
3161874 3174476
3161875 3174474
3161875 3174475
3161875 3174477
3161875 3174476
3161875 3174475
3161875 3174477
3161876 3174477
3161876 3174476
3161876 3174477
3161875 3174476
3161874 3174477
3161874 3174474
3161872 3174474
3161872 3174474
3161870 3174471
3161869 3174473
3161868 3174472
3161869 3174469
3161866 3174470
3161866 3174468
3161866 3174470
3161866 3174468
3161864 3174467
3161864 3174466
3161864 3174467
3161862 3174466
3161863 3174465
3161862 3174465
3161862 3174465
3161862 3174468
3161862 3174464
3161863 3174465
3161862 3174464
3161862 3174465
3161862 3174464
3161863 3174464
3161860 3174462
3161861 3174464
3161861 3174464
3161860 3174462
3161861 3174462
3161862 3174463
3161860 3174462
3161862 3174463
3161859 3174461
3161860 3174462
3161860 3174462
3161862 3174463
3161860 3174462
3161861 3174461
3161859 3174462
3161860 3174462
3161861 3174461
3161860 3174460
3161860 3174461
3161860 3174460
3161859 3174460
3161861 3174460
3161860 3174462
3161861 3174460
3161858 3174460
3161861 3174461
3161859 3174459
3161861 3174460
3161861 3174461
3161860 3174460
3161861 3174461
3161861 3174461
3161862 3174462
3161863 3174462
3161862 3174462
3161862 3174462
3161862 3174462
3161862 3174461
3161863 3174463
3161862 3174462
3161863 3174461
3161864 3174463
3161864 3174464
3161864 3174464
3161864 3174464
3161865 3174464
3161865 3174465
3161865 3174465
3161865 3174465
3161867 3174464
3161865 3174465
3161864 3174466
3161866 3174466
3161866 3174465
3161866 3174465
3161867 3174465
3161866 3174465
3161867 3174467
3161868 3174468
3161868 3174466
3161867 3174467
3161868 3174468
3161868 3174469
3161870 3174467
3161870 3174468
3161870 3174468
3161869 3174467
3161870 3174468
3161870 3174468
3161870 3174469
3161869 3174470
3161870 3174470
3161870 3174469
3161871 3174468
3161870 3174469
3161872 3174470
3161872 3174470
3161873 3174471
3161873 3174471
3161871 3174471
3161873 3174473
3161872 3174473
3161873 3174473
3161875 3174472
3161874 3174473
3161875 3174474
3161874 3174474
3161875 3174474
3161875 3174474
3161876 3174474
3161875 3174474
3161875 3174472
3161875 3174474
3161876 3174473
3161875 3174472
3161874 3174473
3161874 3174473
3161872 3174471
3161871 3174471
3161870 3174471
3161869 3174470
3161868 3174469
3161866 3174468
3161868 3174469
3161866 3174470
3161866 3174468
3161866 3174468
3161866 3174468
3161865 3174467
3161866 3174466
3161865 3174467
3161865 3174465
3161864 3174467
3161865 3174466
3161864 3174466
3161864 3174465
3161863 3174465
3161862 3174464
3161864 3174464
3161863 3174464
3161862 3174464
3161865 3174462
3161863 3174463
3161864 3174463
3161863 3174463
3161863 3174462
3161863 3174462
3161863 3174463
3161863 3174462
3161862 3174463
3161863 3174463
3161863 3174464
3161862 3174463
3161862 3174462
3161861 3174462
3161862 3174463
3161861 3174460
3161863 3174462
3161863 3174461
3161861 3174462
3161861 3174460
3161862 3174461
3161862 3174460
3161862 3174462
3161862 3174462
3161864 3174462
3161862 3174461
3161863 3174461
3161864 3174462
3161865 3174463
3161865 3174462
3161864 3174463
3161866 3174462
3161865 3174463
3161864 3174463
3161863 3174463
3161865 3174463
3161865 3174464
3161866 3174463
3161865 3174463
3161864 3174464
3161867 3174464
3161867 3174466
3161867 3174465
3161866 3174464
3161867 3174463
3161866 3174465
3161866 3174465
3161867 3174464
3161866 3174465
3161867 3174466
3161867 3174466
3161868 3174465
3161868 3174465
3161868 3174466
3161869 3174465
3161868 3174466
3161868 3174467
3161867 3174467
3161869 3174467
3161869 3174467
3161870 3174466
3161869 3174466
3161870 3174469
3161870 3174469
3161871 3174468
3161870 3174469
3161870 3174468
3161872 3174467
3161870 3174468
3161871 3174469
3161872 3174468
3161871 3174469
3161872 3174468
3161871 3174469
3161872 3174470
3161872 3174469
3161873 3174469
3161873 3174469
3161871 3174467
3161871 3174468
3161869 3174466
3161869 3174466
3161866 3174464
3161867 3174464
3161865 3174464
3161864 3174463
3161864 3174464
3161862 3174462
3161862 3174461
3161861 3174460
3161861 3174460
3161859 3174460
3161860 3174458
3161859 3174459
3161859 3174459
3161858 3174459
3161858 3174459
3161858 3174457
3161857 3174459
3161858 3174457
3161857 3174457
3161855 3174457
3161858 3174455
3161858 3174456
3161856 3174456
3161857 3174455
3161856 3174457
3161857 3174456
3161855 3174456
3161858 3174456
3161855 3174457
3161857 3174456
3161855 3174453
3161856 3174454
3161857 3174454
3161856 3174453
3161856 3174454
3161855 3174455
3161857 3174454
3161855 3174454
3161856 3174454
3161854 3174455
3161854 3174453
3161855 3174453
3161856 3174453
3161855 3174454
3161853 3174453
3161854 3174452
3161855 3174452
3161854 3174454
3161855 3174454
3161855 3174454
3161856 3174454
3161855 3174453
3161856 3174454
3161856 3174453
3161857 3174455
3161856 3174455
3161855 3174455
3161856 3174457
3161856 3174455
3161858 3174455
3161858 3174455
3161858 3174454
3161859 3174457
3161859 3174457
3161858 3174457
3161857 3174457
3161858 3174457
3161859 3174458
3161859 3174457
3161859 3174457
3161860 3174459
3161861 3174457
3161860 3174458
3161860 3174457
3161859 3174457
3161860 3174458
3161860 3174458
3161859 3174458
3161860 3174458
3161862 3174460
3161861 3174460
3161861 3174462
3161862 3174460
3161861 3174461
3161862 3174460
3161862 3174460
3161862 3174458
3161862 3174461
3161863 3174461
3161862 3174461
3161862 3174461
3161862 3174461
3161863 3174461
3161863 3174462
3161865 3174464
3161866 3174464
3161866 3174462
3161865 3174464
3161865 3174463
3161866 3174465
3161865 3174464
3161867 3174464
3161866 3174465
3161867 3174465
3161867 3174466
3161869 3174465
3161868 3174466
3161867 3174466
3161868 3174467
3161868 3174468
3161869 3174468
3161868 3174467
3161869 3174469
3161870 3174469
3161869 3174468
3161871 3174470
3161871 3174469
3161871 3174469
3161871 3174470
3161871 3174470
3161872 3174470
3161873 3174471
3161872 3174470
3161873 3174471
3161874 3174470
3161872 3174472
3161871 3174469
3161870 3174469
3161868 3174467
3161867 3174468
3161864 3174465
3161864 3174465
3161863 3174465
3161862 3174464
3161861 3174462
3161860 3174462
3161862 3174463
3161862 3174462
3161860 3174460
3161859 3174459
3161859 3174460
3161858 3174460
3161858 3174458
3161859 3174458
3161857 3174458
3161857 3174457
3161857 3174459
3161857 3174457
3161856 3174457
3161856 3174456
3161855 3174456
3161856 3174457
3161854 3174456
3161857 3174456
3161854 3174456
3161854 3174455
3161855 3174456
3161857 3174455
3161856 3174456
3161855 3174457
3161854 3174455
3161855 3174455
3161855 3174455
3161854 3174455
3161853 3174456
3161853 3174455
3161853 3174455
3161854 3174454
3161855 3174454
3161853 3174454
3161853 3174454
3161854 3174452
3161855 3174454
3161854 3174454
3161853 3174454
3161854 3174453
3161855 3174455
3161854 3174453
3161853 3174455
3161854 3174456
3161855 3174454
3161855 3174454
3161855 3174456
3161855 3174457
3161855 3174455
3161856 3174454
3161855 3174456
3161856 3174456
3161857 3174457
3161855 3174455
3161857 3174455
3161857 3174456
3161857 3174456
3161858 3174458
3161857 3174457
3161857 3174456
3161858 3174457
3161857 3174456
3161858 3174459
3161858 3174457
3161857 3174457
3161859 3174458
3161857 3174458
3161859 3174459
3161859 3174460
3161859 3174457
3161858 3174459
3161861 3174459
3161860 3174460
3161859 3174458
3161862 3174461
3161860 3174460
3161861 3174460
3161860 3174460
3161861 3174461
3161860 3174461
3161861 3174461
3161863 3174461
3161862 3174461
3161863 3174461
3161862 3174462
3161863 3174462
3161862 3174462
3161863 3174462
3161863 3174463
3161865 3174465
3161864 3174462
3161866 3174464
3161866 3174463
3161865 3174463
3161866 3174464
3161865 3174465
3161867 3174465
3161864 3174465
3161866 3174464
3161865 3174464
3161866 3174466
3161868 3174465
3161868 3174467
3161867 3174465
3161868 3174467
3161868 3174467
3161870 3174467
3161870 3174467
3161869 3174468
3161871 3174467
3161871 3174467
3161870 3174467
3161871 3174468
3161872 3174470
3161870 3174467
3161871 3174468
3161872 3174468
3161872 3174469
3161872 3174470
3161872 3174470
3161872 3174468
3161871 3174466
3161871 3174466
3161868 3174466
3161867 3174466
3161866 3174463
3161864 3174465
3161863 3174462
3161864 3174463
3161862 3174461
3161861 3174461
3161860 3174462
3161859 3174461
3161859 3174459
3161858 3174459
3161859 3174458
3161859 3174458
3161859 3174458
3161858 3174458
3161857 3174458
3161858 3174459
3161857 3174458
3161857 3174457
3161858 3174459
3161857 3174457
3161856 3174457
3161857 3174456
3161856 3174455
3161856 3174456
3161856 3174455
3161857 3174456
3161856 3174455
3161857 3174457
3161855 3174455
3161856 3174456
3161855 3174455
3161855 3174455
3161857 3174455
3161856 3174456
3161857 3174455
3161855 3174455
3161856 3174456
3161856 3174454
3161855 3174455
3161855 3174454
3161854 3174454
3161855 3174453
3161857 3174453
3161856 3174455
3161855 3174454
3161855 3174454
3161855 3174454
3161856 3174455
3161857 3174454
3161857 3174455
3161856 3174454
3161857 3174456
3161857 3174456
3161858 3174457
3161858 3174456
3161857 3174456
3161858 3174457
3161858 3174457
3161859 3174457
3161858 3174458
3161859 3174457
3161860 3174457
3161858 3174458
3161861 3174457
3161858 3174457
3161859 3174458
3161860 3174459
3161860 3174458
3161861 3174460
3161861 3174460
3161859 3174459
3161862 3174459
3161861 3174460
3161862 3174461
3161863 3174461
3161863 3174461
3161863 3174460
3161862 3174460
3161863 3174462
3161863 3174462
3161864 3174461
3161863 3174463
3161864 3174463
3161866 3174463
3161865 3174462
3161866 3174462
3161864 3174464
3161865 3174463
3161867 3174463
3161868 3174467
3161868 3174464
3161868 3174466
3161867 3174465
3161869 3174466
3161869 3174467
3161868 3174467
3161868 3174468
3161869 3174468
3161869 3174468
3161870 3174468
3161870 3174469
3161869 3174468
3161869 3174468
3161871 3174470
3161871 3174470
3161871 3174469
3161871 3174469
3161871 3174469
3161871 3174469
3161873 3174471
3161871 3174470
3161872 3174470
3161872 3174468
3161871 3174468
3161869 3174466
3161869 3174467
3161867 3174466
3161866 3174466
3161866 3174466
3161864 3174465
3161861 3174462
3161863 3174463
3161861 3174462
3161861 3174461
3161861 3174462
3161861 3174462
3161861 3174461
3161859 3174459
3161860 3174460
3161858 3174459
3161859 3174461
3161859 3174458
3161859 3174460
3161859 3174458
3161860 3174458
3161859 3174459
3161859 3174459
3161859 3174457
3161858 3174457
3161857 3174458
3161858 3174456
3161861 3174457
3161860 3174458
3161860 3174458
3161860 3174457
3161858 3174456
3161858 3174458
3161857 3174456
3161857 3174457
3161857 3174456
3161859 3174457
3161860 3174457
3161858 3174457
3161858 3174457
3161859 3174457
3161858 3174456
3161857 3174455
3161857 3174456
3161858 3174456
3161857 3174457
3161857 3174454
3161857 3174457
3161857 3174457
3161858 3174457
3161858 3174455
3161858 3174456
3161859 3174456
3161858 3174457
3161859 3174456
3161858 3174457
3161858 3174459
3161859 3174459
3161859 3174457
3161860 3174458
3161860 3174459
3161860 3174456
3161860 3174459
3161861 3174457
3161861 3174458
3161862 3174461
3161862 3174461
3161863 3174459
3161862 3174459
3161863 3174460
3161862 3174458
3161864 3174459
3161862 3174459
3161862 3174460
3161862 3174460
3161863 3174461
3161864 3174461
3161865 3174462
3161863 3174461
3161864 3174461
3161864 3174462
3161864 3174461
3161865 3174461
3161866 3174462
3161863 3174463
3161865 3174463
3161866 3174461
3161865 3174462
3161865 3174462
3161865 3174463
3161865 3174463
3161868 3174462
3161866 3174463
3161869 3174464
3161867 3174464
3161867 3174464
3161866 3174463
3161865 3174464
3161868 3174464
3161869 3174464
3161868 3174465
3161868 3174464
3161869 3174465
3161869 3174465
3161868 3174466
3161870 3174466
3161868 3174466
3161868 3174464
3161868 3174464
3161868 3174463
3161867 3174465
3161865 3174462
3161865 3174463
3161864 3174462
3161861 3174460
3161862 3174460
3161859 3174459
3161859 3174458
3161858 3174457
3161856 3174457
3161857 3174457
3161857 3174455
3161856 3174455
3161856 3174456
3161855 3174455
3161854 3174454
3161855 3174455
3161854 3174454
3161854 3174453
3161855 3174454
3161854 3174453
3161852 3174452
3161853 3174451
3161853 3174452
3161853 3174452
3161853 3174452
3161852 3174452
3161853 3174452
3161854 3174452
3161853 3174450
3161854 3174451
3161854 3174450
3161853 3174449
3161852 3174450
3161851 3174450
3161852 3174451
3161851 3174449
3161852 3174450
3161851 3174449
3161850 3174450
3161851 3174450
3161852 3174449
3161850 3174448
3161851 3174447
3161850 3174448
3161852 3174449
3161851 3174448
3161850 3174450
3161850 3174448
3161852 3174449
3161851 3174449
3161852 3174449
3161852 3174450
3161851 3174451
3161851 3174449
3161852 3174450
3161854 3174450
3161853 3174449
3161853 3174451
3161854 3174451
3161854 3174450
3161854 3174450
3161854 3174450
3161854 3174452
3161855 3174452
3161855 3174452
3161855 3174452
3161857 3174450
3161854 3174451
3161855 3174451
3161855 3174452
3161854 3174453
3161855 3174453
3161857 3174453
3161857 3174454
3161856 3174453
3161856 3174453
3161856 3174453
3161856 3174453
3161857 3174453
3161858 3174454
3161857 3174454
3161858 3174454
3161858 3174455
3161859 3174455
3161858 3174455
3161859 3174455
3161858 3174455
3161859 3174455
3161859 3174456
3161859 3174455
3161859 3174458
3161859 3174456
3161861 3174456
3161859 3174457
3161859 3174458
3161862 3174458
3161860 3174458
3161860 3174458
3161861 3174458
3161861 3174457
3161861 3174457
3161861 3174457
3161862 3174458
3161861 3174458
3161863 3174460
3161864 3174458
3161864 3174458
3161863 3174460
3161863 3174457
3161863 3174460
3161864 3174463
3161864 3174460
3161865 3174461
3161865 3174462
3161864 3174460
3161866 3174460
3161864 3174462
3161865 3174460
3161864 3174462
3161866 3174460
3161863 3174458
3161865 3174461
3161863 3174460
3161863 3174458
3161860 3174457
3161860 3174457
3161858 3174455
3161858 3174454
3161856 3174456
3161855 3174453
3161854 3174452
3161855 3174453
3161852 3174452
3161852 3174451
3161852 3174450
3161851 3174449
3161850 3174450
3161850 3174448
3161849 3174448
3161850 3174449
3161849 3174449
3161849 3174446
3161847 3174446
3161849 3174447
3161847 3174447
3161848 3174447
3161848 3174445
3161848 3174446
3161848 3174446
3161847 3174445
3161847 3174445
3161846 3174445
3161847 3174444
3161846 3174445
3161847 3174444
3161848 3174445
3161847 3174445
3161848 3174445
3161847 3174443
3161846 3174443
3161846 3174443
3161846 3174445
3161847 3174443
3161845 3174442
3161845 3174441
3161845 3174441
3161845 3174442
3161844 3174442
3161844 3174443
3161844 3174443
3161844 3174443
3161845 3174443
3161845 3174442
3161844 3174444
3161846 3174443
3161844 3174442
3161846 3174443
3161845 3174443
3161845 3174444
3161848 3174444
3161848 3174445
3161846 3174444
3161846 3174445
3161846 3174445
3161846 3174444
3161847 3174446
3161847 3174444
3161848 3174445
3161846 3174445
3161847 3174445
3161847 3174444
3161848 3174446
3161849 3174446
3161849 3174445
3161846 3174447
3161848 3174446
3161848 3174445
3161849 3174447
3161848 3174446
3161852 3174448
3161849 3174448
3161850 3174449
3161849 3174449
3161850 3174448
3161851 3174448
3161850 3174449
3161850 3174450
3161850 3174447
3161851 3174450
3161851 3174450
3161850 3174449
3161850 3174449
3161852 3174448
3161851 3174451
3161851 3174449
3161853 3174450
3161852 3174450
3161854 3174449
3161853 3174450
3161853 3174450
3161852 3174451
3161854 3174451
3161853 3174451
3161853 3174452
3161854 3174451
3161854 3174452
3161856 3174452
3161855 3174452
3161854 3174453
3161855 3174451
3161856 3174452
3161856 3174454
3161856 3174456
3161856 3174454
3161856 3174455
3161858 3174455
3161856 3174456
3161857 3174455
3161858 3174455
3161858 3174457
3161858 3174456
3161859 3174457
3161859 3174458
3161859 3174458
3161860 3174457
3161858 3174457
3161860 3174458
3161860 3174458
3161861 3174458
3161859 3174457
3161859 3174456
3161857 3174456
3161857 3174456
3161856 3174455
3161854 3174453
3161853 3174452
3161851 3174452
3161851 3174451
3161850 3174449
3161849 3174450
3161848 3174450
3161847 3174447
3161846 3174447
3161847 3174448
3161846 3174447
3161845 3174447
3161843 3174446
3161844 3174445
3161843 3174446
3161843 3174445
3161843 3174443
3161843 3174443
3161842 3174443
3161841 3174443
3161841 3174441
3161841 3174442
3161842 3174441
3161840 3174442
3161841 3174441
3161842 3174441
3161841 3174441
3161841 3174442
3161839 3174442
3161840 3174443
3161839 3174442
3161840 3174440
3161840 3174441
3161840 3174440
3161839 3174440
3161840 3174439
3161838 3174440
3161839 3174438
3161839 3174440
3161837 3174438
3161838 3174439
3161837 3174438
3161839 3174439
3161838 3174438
3161838 3174437
3161837 3174437
3161837 3174438
3161837 3174439
3161838 3174439
3161839 3174440
3161837 3174439
3161839 3174439
3161838 3174440
3161839 3174438
3161840 3174440
3161839 3174438
3161840 3174440
3161839 3174439
3161840 3174440
3161838 3174440
3161839 3174441
3161840 3174440
3161839 3174440
3161841 3174441
3161840 3174441
3161840 3174440
3161842 3174441
3161842 3174441
3161842 3174442
3161840 3174442
3161841 3174442
3161842 3174443
3161841 3174443
3161843 3174445
3161843 3174442
3161843 3174444
3161843 3174444
3161844 3174445
3161844 3174446
3161843 3174445
3161843 3174445
3161844 3174445
3161845 3174444
3161845 3174445
3161845 3174445
3161845 3174444
3161843 3174445
3161844 3174444
3161845 3174445
3161846 3174446
3161847 3174447
3161846 3174448
3161848 3174446
3161846 3174447
3161848 3174448
3161847 3174448
3161847 3174448
3161848 3174448
3161848 3174448
3161850 3174448
3161849 3174450
3161850 3174448
3161851 3174449
3161849 3174449
3161850 3174451
3161851 3174450
3161849 3174451
3161850 3174452
3161852 3174451
3161852 3174450
3161852 3174450
3161851 3174451
3161853 3174452
3161853 3174452
3161853 3174454
3161852 3174452
3161854 3174454
3161855 3174453
3161854 3174454
3161855 3174454
3161854 3174455
3161856 3174454
3161854 3174454
3161855 3174455
3161856 3174455
3161856 3174457
3161856 3174457
3161855 3174457
3161856 3174455
3161856 3174456
3161856 3174455
3161853 3174454
3161852 3174451
3161849 3174452
3161849 3174452
3161848 3174451
3161847 3174450
3161847 3174450
3161847 3174450
3161844 3174449
3161845 3174447
3161845 3174447
3161844 3174446
3161842 3174447
3161842 3174446
3161843 3174445
3161842 3174445
3161840 3174444
3161841 3174446
3161840 3174444
3161841 3174443
3161840 3174442
3161840 3174444
3161840 3174443
3161840 3174444
3161839 3174443
3161840 3174442
3161840 3174442
3161841 3174442
3161839 3174442
3161837 3174442
3161840 3174442
3161839 3174442
3161838 3174441
3161839 3174442
3161839 3174442
3161839 3174442
3161838 3174440
3161838 3174442
3161839 3174442
3161838 3174442
3161839 3174440
3161839 3174441
3161837 3174440
3161837 3174441
3161837 3174440
3161838 3174440
3161838 3174441
3161838 3174440
3161838 3174441
3161838 3174442
3161837 3174441
3161839 3174441
3161839 3174442
3161841 3174444
3161840 3174444
3161839 3174442
3161842 3174444
3161841 3174444
3161842 3174444
3161842 3174445
3161841 3174444
3161840 3174444
3161843 3174444
3161843 3174444
3161842 3174447
3161842 3174447
3161843 3174446
3161843 3174448
3161842 3174446
3161845 3174447
3161844 3174447
3161845 3174448
3161845 3174448
3161844 3174448
3161846 3174450
3161845 3174450
3161845 3174450
3161845 3174449
3161845 3174449
3161845 3174451
3161847 3174450
3161846 3174451
3161846 3174453
3161847 3174451
3161847 3174452
3161848 3174452
3161847 3174454
3161848 3174454
3161848 3174453
3161848 3174453
3161848 3174454
3161849 3174454
3161848 3174455
3161849 3174455
3161849 3174456
3161849 3174456
3161851 3174456
3161852 3174456
3161850 3174456
3161852 3174458
3161852 3174457
3161851 3174458
3161852 3174457
3161853 3174460
3161854 3174459
3161854 3174459
3161852 3174460
3161855 3174460
3161854 3174460
3161855 3174459
3161855 3174460
3161856 3174462
3161856 3174461
3161855 3174461
3161854 3174460
3161853 3174458
3161852 3174460
3161851 3174456
3161850 3174458
3161850 3174456
3161848 3174454
3161848 3174455
3161845 3174455
3161845 3174453
3161844 3174454
3161844 3174453
3161845 3174453
3161843 3174454
3161845 3174455
3161843 3174453
3161844 3174455
3161843 3174452
3161844 3174453
3161842 3174454
3161844 3174453
3161843 3174453
3161844 3174453
3161843 3174454
3161843 3174453
3161843 3174452
3161843 3174453
3161842 3174455
3161844 3174453
3161844 3174454
3161844 3174455
3161844 3174454
3161843 3174450
3161844 3174453
3161844 3174453
3161843 3174453
3161841 3174455
3161842 3174453
3161843 3174454
3161843 3174454
3161842 3174454
3161841 3174453
3161842 3174454
3161843 3174453
3161841 3174454
3161842 3174454
3161842 3174454
3161842 3174454
3161843 3174453
3161842 3174453
3161842 3174452
3161842 3174454
3161843 3174454
3161844 3174454
3161842 3174454
3161844 3174455
3161845 3174455
3161844 3174455
3161844 3174454
3161845 3174455
3161845 3174455
3161844 3174456
3161846 3174455
3161844 3174456
3161846 3174455
3161845 3174457
3161845 3174455
3161847 3174457
3161847 3174456
3161845 3174457
3161846 3174457
3161846 3174458
3161847 3174457
3161847 3174456
3161847 3174456
3161845 3174459
3161848 3174458
3161848 3174458
3161849 3174458
3161847 3174457
3161849 3174459
3161849 3174460
3161850 3174460
3161850 3174460
3161851 3174460
3161850 3174463
3161851 3174461
3161850 3174461
3161851 3174460
3161849 3174462
3161851 3174462
3161850 3174461
3161851 3174463
3161851 3174462
3161853 3174462
3161851 3174463
3161851 3174461
3161850 3174461
3161849 3174460
3161848 3174459
3161848 3174458
3161846 3174457
3161845 3174457
3161843 3174456
3161843 3174454
3161842 3174455
3161843 3174454
3161839 3174453
3161839 3174451
3161840 3174453
3161838 3174451
3161838 3174450
3161837 3174451
3161837 3174453
3161836 3174451
3161837 3174448
3161836 3174450
3161837 3174449
3161836 3174449
3161835 3174450
3161836 3174450
3161835 3174449
3161835 3174448
3161834 3174447
3161835 3174448
3161836 3174447
3161836 3174450
3161835 3174448
3161835 3174448
3161834 3174447
3161833 3174447
3161835 3174447
3161834 3174447
3161835 3174446
3161834 3174448
3161835 3174448
3161834 3174446
3161835 3174447
3161833 3174448
3161833 3174448
3161836 3174448
3161836 3174449
3161835 3174447
3161834 3174448
3161835 3174448
3161836 3174447
3161836 3174449
3161836 3174449
3161835 3174448
3161836 3174449
3161835 3174449
3161836 3174449
3161838 3174451
3161837 3174450
3161838 3174449
3161837 3174452
3161838 3174451
3161838 3174450
3161841 3174452
3161841 3174452
3161838 3174454
3161840 3174453
3161839 3174452
3161839 3174454
3161841 3174453
3161840 3174454
3161840 3174454
3161842 3174453
3161839 3174454
3161841 3174455
3161840 3174454
3161841 3174456
3161841 3174455
3161841 3174456
3161842 3174455
3161841 3174455
3161841 3174456
3161842 3174454
3161841 3174455
3161843 3174457
3161843 3174456
3161841 3174458
3161842 3174456
3161842 3174456
3161844 3174456
3161843 3174456
3161843 3174459
3161844 3174456
3161844 3174459
3161844 3174460
3161843 3174460
3161847 3174460
3161846 3174460
3161847 3174460
3161846 3174461
3161848 3174460
3161846 3174460
3161847 3174459
3161848 3174462
3161849 3174462
3161849 3174461
3161848 3174464
3161848 3174462
3161848 3174466
3161850 3174463
3161851 3174465
3161851 3174464
3161851 3174464
3161851 3174466
3161849 3174465
3161849 3174464
3161848 3174465
3161848 3174467
3161847 3174467
3161849 3174470
3161849 3174472
3161850 3174476
3161852 3174478
3161853 3174485
3161855 3174490
3161859 3174496
3161862 3174506
3161869 3174514
3161873 3174525
3161877 3174533
3161882 3174545
3161888 3174557
3161894 3174569
3161899 3174578
3161902 3174585
3161907 3174594
3161911 3174602
3161919 3174614
3161925 3174628
3161936 3174646
3161947 3174669
3161960 3174693
3161969 3174712
3161975 3174730
3161981 3174743
3161981 3174756
3161982 3174772
3161989 3174791
3161996 3174804
3162000 3174811
3161998 3174816
3162001 3174823
3162003 3174829
3162005 3174840
3162009 3174855
3162014 3174867
3162020 3174883
3162027 3174901
3162034 3174920
3162046 3174938
3162050 3174949
3162055 3174956
3162058 3174958
3162061 3174964
3162063 3174968
3162063 3174967
3162062 3174966
3162063 3174965
3162062 3174960
3162059 3174957
3162058 3174953
3162058 3174947
3162054 3174937
3162048 3174921
3162039 3174902
3162034 3174894
3162031 3174891
3162030 3174892
3162032 3174893
3162031 3174891
3162033 3174891
3162036 3174892
3162040 3174897
3162044 3174900
3162051 3174908
3162062 3174918
3162075 3174933
3162088 3174946
3162098 3174957
3162108 3174970
3162118 3174988
3162131 3175015
3162147 3175052
3162166 3175094
3162188 3175137
3162207 3175179
3162225 3175219
3162242 3175252
3162255 3175281
3162267 3175308
3162280 3175332
3162293 3175360
3162305 3175385
3162319 3175417
3162334 3175451
3162348 3175479
3162360 3175504
3162370 3175527
3162379 3175545
3162388 3175562
3162397 3175580
3162407 3175597
3162416 3175615
3162425 3175633
3162434 3175650
3162440 3175664
3162449 3175680
3162456 3175696
3162464 3175710
3162471 3175723
3162475 3175733
3162481 3175742
3162488 3175755
3162492 3175760
3162498 3175764
3162502 3175770
3162508 3175778
3162511 3175787
3162518 3175797
3162526 3175809
3162530 3175819
3162538 3175829
3162545 3175843
3162554 3175861
3162560 3175875
3162567 3175887
3162573 3175900
3162577 3175908
3162584 3175918
3162588 3175928
3162592 3175938
3162596 3175948
3162603 3175959
3162609 3175969
3162616 3175975
3162619 3175981
3162621 3175984
3162622 3175986
3162621 3175981
3162619 3175976
3162618 3175977
3162614 3175972
3162610 3175967
3162606 3175962
3162602 3175961
3162602 3175964
3162595 3175960
3162589 3175955
3162581 3175950
3162577 3175943
3162571 3175941
3162565 3175929
3162566 3175940
3162571 3175948
3162576 3175957
3162577 3175960
3162582 3175960
3162583 3175961
3162585 3175964
3162588 3175966
3162587 3175968
3162589 3175971
3162594 3175975
3162593 3175978
3162594 3175983
3162596 3175985
3162596 3175988
3162599 3175991
3162598 3175995
3162601 3175997
3162600 3176001
3162601 3176002
3162600 3176004
3162602 3176006
3162603 3176008
3162606 3176011
3162607 3176014
3162608 3176016
3162608 3176018
3162608 3176018
3162611 3176020
3162610 3176020
3162611 3176022
3162611 3176025
3162612 3176025
3162613 3176027
3162615 3176030
3162613 3176031
3162615 3176032
3162615 3176032
3162617 3176034
3162618 3176040
3162621 3176043
3162623 3176050
3162626 3176056
3162627 3176062
3162628 3176066
3162631 3176074
3162630 3176076
3162628 3176076
3162628 3176078
3162629 3176082
3162631 3176090
3162635 3176093
3162637 3176092
3162640 3176093
3162643 3176094
3162647 3176093
3162652 3176094
3162655 3176093
3162657 3176097
3162663 3176100
3162668 3176104
3162670 3176106
3162673 3176111
3162678 3176110
3162681 3176113
3162684 3176115
3162687 3176120
3162690 3176124
3162694 3176129
3162694 3176134
3162695 3176139
3162698 3176146
3162698 3176156
3162698 3176164
3162698 3176164
3162694 3176161
3162691 3176161
3162687 3176157
3162684 3176154
3162683 3176154
3162679 3176151
3162676 3176150
3162675 3176149
3162673 3176150
3162674 3176157
3162679 3176167
3162681 3176176
3162687 3176184
3162690 3176191
3162693 3176196
3162696 3176202
3162699 3176206
3162701 3176211
3162704 3176213
3162705 3176213
3162706 3176212
3162708 3176214
3162712 3176217
3162712 3176219
3162715 3176224
3162720 3176230
3162720 3176236
3162723 3176244
3162727 3176251
3162727 3176254
3162728 3176258
3162727 3176263
3162727 3176261
3162724 3176262
3162724 3176264
3162726 3176267
3162730 3176271
3162731 3176275
3162730 3176277
3162734 3176280
3162733 3176282
3162735 3176282
3162735 3176280
3162733 3176277
3162730 3176274
3162731 3176270
3162731 3176273
3162727 3176268
3162725 3176263
3162722 3176258
3162719 3176252
3162715 3176247
3162713 3176242
3162712 3176238
3162710 3176233
3162708 3176230
3162707 3176228
3162705 3176227
3162704 3176225
3162705 3176223
3162702 3176221
3162702 3176220
3162700 3176217
3162701 3176217
3162699 3176216
3162698 3176214
3162698 3176214
3162696 3176213
3162698 3176213
3162698 3176212
3162697 3176213
3162696 3176211
3162697 3176213
3162695 3176213
3162697 3176217
3162700 3176219
3162699 3176224
3162700 3176225
3162702 3176229
3162703 3176234
3162702 3176234
3162702 3176235
3162701 3176237
3162701 3176237
3162699 3176234
3162697 3176234
3162697 3176237
3162698 3176238
3162699 3176239
3162702 3176240
3162703 3176238
3162705 3176238
3162708 3176239
3162711 3176240
3162713 3176241
3162712 3176238
3162711 3176237
3162711 3176233
3162710 3176232
3162710 3176230
3162708 3176229
3162708 3176228
3162705 3176225
3162705 3176223
3162703 3176221
3162702 3176220
3162701 3176218
3162700 3176217
3162699 3176216
3162696 3176212
3162695 3176212
3162697 3176213
3162696 3176212
3162693 3176210
3162692 3176205
3162690 3176203
3162690 3176203
3162689 3176198
3162687 3176196
3162688 3176199
3162688 3176201
3162687 3176200
3162686 3176201
3162690 3176205
3162691 3176210
3162693 3176218
3162696 3176225
3162699 3176236
3162702 3176242
3162706 3176249
3162710 3176255
3162709 3176257
3162714 3176259
3162717 3176263
3162721 3176269
3162725 3176271
3162731 3176274
3162735 3176273
3162737 3176270
3162738 3176268
3162740 3176264
3162743 3176262
3162746 3176264
3162750 3176268
3162753 3176277
3162759 3176288
3162765 3176303
3162770 3176315
3162775 3176329
3162777 3176336
3162780 3176350
3162784 3176363
3162786 3176370
3162787 3176376
3162786 3176375
3162788 3176380
3162788 3176375
3162785 3176371
3162783 3176362
3162782 3176353
3162784 3176346
3162784 3176338
3162786 3176332
3162791 3176334
3162794 3176344
3162797 3176351
3162799 3176355
3162800 3176361
3162798 3176360
3162800 3176364
3162798 3176365
3162800 3176371
3162798 3176368
3162798 3176366
3162796 3176365
3162793 3176363
3162793 3176361
3162793 3176361
3162792 3176362
3162790 3176360
3162788 3176355
3162785 3176351
3162779 3176343
3162775 3176338
3162770 3176330
3162767 3176324
3162763 3176314
3162756 3176304
3162750 3176295
3162745 3176284
3162740 3176278
3162735 3176271
3162732 3176266
3162728 3176263
3162726 3176261
3162725 3176263
3162724 3176261
3162724 3176263
3162725 3176265
3162725 3176267
3162726 3176268
3162726 3176270
3162729 3176270
3162727 3176271
3162726 3176271
3162730 3176272
3162730 3176273
3162730 3176273
3162731 3176277
3162732 3176277
3162732 3176279
3162733 3176283
3162735 3176285
3162736 3176286
3162737 3176286
3162739 3176290
3162739 3176290
3162739 3176291
3162740 3176293
3162741 3176295
3162741 3176293
3162740 3176295
3162740 3176296
3162740 3176298
3162743 3176298
3162741 3176302
3162740 3176301
3162740 3176302
3162740 3176304
3162740 3176305
3162740 3176303
3162738 3176306
3162737 3176305
3162739 3176308
3162737 3176308
3162737 3176310
3162740 3176315
3162740 3176318
3162739 3176322
3162742 3176332
3162747 3176345
3162752 3176354
3162759 3176362
3162767 3176365
3162773 3176371
3162779 3176374
3162786 3176378
3162793 3176382
3162801 3176387
3162809 3176391
3162814 3176392
3162817 3176390
3162818 3176390
3162823 3176391
3162825 3176390
3162827 3176390
3162827 3176397
3162828 3176401
3162826 3176399
3162823 3176404
3162824 3176410
3162827 3176418
3162827 3176427
3162826 3176430
3162824 3176429
3162820 3176431
3162817 3176431
3162818 3176432
3162820 3176442
3162827 3176453
3162833 3176463
3162840 3176472
3162848 3176484
3162856 3176496
3162868 3176512
3162874 3176519
3162877 3176519
3162877 3176520
3162873 3176514
3162872 3176512
3162873 3176514
3162875 3176516
3162873 3176518
3162874 3176523
3162872 3176521
3162867 3176519
3162864 3176514
3162854 3176500
3162851 3176493
3162847 3176491
3162846 3176485
3162844 3176477
3162847 3176472
3162854 3176462
3162856 3176452
3162852 3176430
3162845 3176410
3162840 3176393
3162844 3176388
3162842 3176380
3162841 3176379
3162842 3176384
3162842 3176391
3162841 3176401
3162842 3176407
3162840 3176413
3162837 3176420
3162835 3176425
3162836 3176431
3162837 3176438
3162837 3176442
3162838 3176446
3162841 3176440
3162831 3176421
3162823 3176400
3162814 3176389
3162811 3176388
3162810 3176392
3162811 3176393
3162810 3176388
3162812 3176395
3162814 3176415
3162818 3176435
3162817 3176445
3162821 3176454
3162823 3176454
3162825 3176455
3162829 3176451
3162831 3176445
3162828 3176438
3162827 3176430
3162829 3176426
3162829 3176427
3162833 3176437
3162835 3176443
3162838 3176452
3162841 3176459
3162843 3176467
3162840 3176469
3162842 3176474
3162838 3176473
3162838 3176473
3162837 3176470
3162838 3176470
3162840 3176472
3162841 3176470
3162841 3176471
3162841 3176466
3162843 3176466
3162841 3176461
3162841 3176460
3162843 3176459
3162844 3176460
3162845 3176462
3162846 3176462
3162846 3176466
3162846 3176471
3162849 3176478
3162849 3176477
3162851 3176482
3162853 3176485
3162852 3176486
3162851 3176485
3162849 3176484
3162849 3176485
3162848 3176484
3162845 3176482
3162842 3176478
3162835 3176474
3162822 3176463
3162816 3176453
3162810 3176444
3162806 3176437
3162805 3176433
3162804 3176428
3162803 3176412
3162802 3176393
3162796 3176368
3162785 3176333
3162775 3176305
3162767 3176282
3162765 3176278
3162766 3176283
3162770 3176301
3162777 3176327
3162789 3176366
3162795 3176392
3162802 3176413
3162813 3176429
3162817 3176436
3162822 3176438
3162827 3176434
3162826 3176430
3162829 3176430
3162831 3176433
3162833 3176436
3162832 3176438
3162833 3176440
3162832 3176442
3162833 3176444
3162835 3176444
3162834 3176446
3162834 3176450
3162837 3176455
3162839 3176463
3162841 3176472
3162843 3176478
3162838 3176474
3162836 3176475
3162835 3176472
3162833 3176469
3162834 3176472
3162834 3176473
3162834 3176472
3162835 3176473
3162838 3176472
3162839 3176471
3162839 3176468
3162840 3176464
3162839 3176462
3162840 3176457
3162839 3176455
3162837 3176448
3162835 3176439
3162832 3176437
3162830 3176434
3162829 3176432
3162828 3176430
3162830 3176432
3162830 3176430
3162831 3176431
3162831 3176435
3162833 3176436
3162834 3176439
3162835 3176439
3162834 3176442
3162835 3176444
3162836 3176449
3162837 3176455
3162835 3176456
3162836 3176465
3162834 3176468
3162835 3176472
3162837 3176474
3162838 3176474
3162839 3176476
3162838 3176478
3162839 3176475
3162839 3176471
3162839 3176468
3162837 3176465
3162837 3176461
3162835 3176456
3162834 3176451
3162829 3176443
3162828 3176440
3162825 3176435
3162821 3176427
3162818 3176418
3162814 3176413
3162812 3176406
3162807 3176401
3162805 3176395
3162803 3176389
3162799 3176384
3162797 3176378
3162794 3176368
3162791 3176363
3162788 3176358
3162785 3176351
3162782 3176345
3162779 3176342
3162778 3176340
3162775 3176336
3162774 3176334
3162771 3176332
3162771 3176329
3162769 3176326
3162765 3176324
3162766 3176322
3162763 3176321
3162761 3176320
3162758 3176317
3162756 3176318
3162757 3176320
3162754 3176320
3162755 3176321
3162754 3176322
3162752 3176323
3162753 3176325
3162751 3176324
3162752 3176328
3162751 3176326
3162749 3176328
3162749 3176326
3162747 3176322
3162745 3176320
3162745 3176318
3162743 3176315
3162743 3176315
3162743 3176314
3162741 3176311
3162741 3176310
3162739 3176308
3162739 3176307
3162739 3176307
3162739 3176306
3162738 3176304
3162738 3176304
3162739 3176303
3162739 3176304
3162738 3176304
3162737 3176304
3162736 3176304
3162737 3176302
3162737 3176302
3162736 3176303
3162734 3176302
3162733 3176300
3162732 3176297
3162733 3176296
3162733 3176295
3162731 3176295
3162733 3176295
3162735 3176295
3162733 3176295
3162733 3176293
3162733 3176289
3162735 3176288
3162735 3176289
3162736 3176287
3162736 3176287
3162736 3176287
3162737 3176287
3162738 3176290
3162738 3176290
3162740 3176292
3162741 3176295
3162742 3176294
3162742 3176296
3162744 3176297
3162745 3176300
3162745 3176300
3162745 3176301
3162745 3176301
3162745 3176305
3162746 3176306
3162749 3176310
3162749 3176310
3162751 3176315
3162751 3176316
3162753 3176317
3162754 3176318
3162753 3176318
3162755 3176320
3162755 3176320
3162756 3176322
3162757 3176322
3162759 3176323
3162758 3176325
3162761 3176325
3162762 3176330
3162765 3176332
3162769 3176338
3162772 3176342
3162774 3176347
3162778 3176352
3162778 3176352
3162777 3176347
3162779 3176347
3162780 3176346
3162781 3176349
3162783 3176351
3162784 3176351
3162788 3176353
3162790 3176352
3162791 3176353
3162793 3176351
3162796 3176348
3162798 3176345
3162798 3176345
3162800 3176348
3162801 3176349
3162800 3176347
3162800 3176349
3162801 3176351
3162805 3176355
3162806 3176357
3162807 3176360
3162810 3176369
3162812 3176373
3162813 3176378
3162816 3176383
3162814 3176381
3162812 3176379
3162812 3176375
3162808 3176370
3162805 3176363
3162796 3176348
3162787 3176334
3162782 3176327
3162776 3176320
3162775 3176316
3162775 3176316
3162773 3176316
3162774 3176312
3162774 3176307
3162775 3176298
3162773 3176284
3162768 3176265
3162762 3176243
3162751 3176217
3162744 3176194
3162735 3176169
3162727 3176151
3162723 3176141
3162719 3176133
3162716 3176131
3162716 3176136
3162719 3176144
3162722 3176155
3162724 3176166
3162726 3176172
3162728 3176180
3162728 3176186
3162731 3176191
3162729 3176193
3162729 3176196
3162725 3176196
3162725 3176198
3162724 3176198
3162723 3176200
3162723 3176200
3162721 3176198
3162718 3176195
3162717 3176192
3162717 3176189
3162715 3176187
3162717 3176186
3162718 3176183
3162717 3176180
3162716 3176176
3162719 3176175
3162721 3176172
3162720 3176165
3162718 3176160
3162718 3176156
3162717 3176152
3162716 3176146
3162712 3176137
3162711 3176129
3162707 3176120
3162705 3176113
3162701 3176107
3162699 3176096
3162694 3176084
3162690 3176071
3162684 3176059
3162681 3176049
3162679 3176041
3162677 3176031
3162672 3176021
3162672 3176014
3162670 3176012
3162670 3176010
3162669 3176011
3162670 3176010
3162670 3176012
3162668 3176012
3162670 3176018
3162669 3176019
3162666 3176019
3162665 3176022
3162665 3176024
3162662 3176025
3162661 3176028
3162662 3176029
3162661 3176030
3162660 3176028
3162657 3176019
3162654 3176007
3162651 3175994
3162648 3175986
3162647 3175979
3162647 3175980
3162651 3175989
3162655 3175996
3162658 3176005
3162663 3176018
3162669 3176033
3162676 3176046
3162681 3176055
3162687 3176068
3162692 3176073
3162697 3176078
3162703 3176082
3162707 3176088
3162711 3176095
3162714 3176102
3162717 3176108
3162720 3176116
3162724 3176125
3162725 3176131
3162729 3176138
3162729 3176142
3162731 3176144
3162732 3176146
3162730 3176149
3162732 3176152
3162730 3176157
3162734 3176162
3162737 3176167
3162739 3176175
3162744 3176184
3162746 3176190
3162750 3176196
3162753 3176201
3162755 3176207
3162757 3176211
3162760 3176211
3162760 3176215
3162763 3176219
3162764 3176219
3162767 3176222
3162768 3176223
3162769 3176228
3162770 3176230
3162772 3176232
3162774 3176235
3162776 3176236
3162777 3176238
3162778 3176239
3162778 3176238
3162778 3176238
3162777 3176239
3162778 3176240
3162778 3176238
3162778 3176239
3162779 3176239
3162779 3176238
3162780 3176238
3162782 3176238
3162782 3176239
3162784 3176240
3162784 3176240
3162786 3176241
3162783 3176238
3162784 3176234
3162782 3176231
3162780 3176228
3162778 3176225
3162775 3176219
3162771 3176214
3162768 3176209
3162762 3176200
3162756 3176196
3162753 3176189
3162750 3176185
3162752 3176183
3162751 3176181
3162749 3176178
3162749 3176180
3162748 3176182
3162748 3176185
3162751 3176189
3162752 3176191
3162753 3176193
3162757 3176195
3162760 3176199
3162761 3176201
3162761 3176201
3162760 3176201
3162760 3176202
3162759 3176204
3162759 3176203
3162757 3176198
3162754 3176196
3162751 3176192
3162749 3176189
3162747 3176185
3162744 3176181
3162740 3176177
3162738 3176170
3162734 3176162
3162732 3176158
3162729 3176152
3162732 3176153
3162737 3176157
3162745 3176160
3162744 3176160
3162743 3176158
3162741 3176156
3162739 3176155
3162739 3176152
3162739 3176150
3162737 3176148
3162738 3176144
3162734 3176139
3162731 3176135
3162727 3176130
3162726 3176127
3162721 3176120
3162721 3176116
3162716 3176115
3162716 3176110
3162713 3176108
3162712 3176106
3162711 3176104
3162709 3176100
3162709 3176098
3162708 3176097
3162706 3176093
3162706 3176089
3162705 3176084
3162701 3176080
3162700 3176073
3162699 3176071
3162696 3176065
3162693 3176058
3162690 3176050
3162685 3176043
3162680 3176035
3162677 3176027
