99.6853
3204108 3210584
3204124 3210585
3204126 3210584
3204128 3210583
3204129 3210583
3204130 3210584
3204131 3210584
3204135 3210585
3204136 3210585
3204139 3210584
3204138 3210584
3204139 3210584
3204142 3210584
3204145 3210584
3204146 3210584
3204148 3210584
3204149 3210584
3204152 3210584
3204157 3210584
3204157 3210584
3204159 3210583
3204165 3210583
3204165 3210584
3204168 3210584
3204169 3210584
3204172 3210583
3204174 3210585
3204178 3210584
3204179 3210584
3204182 3210585
3204183 3210584
3204186 3210584
3204189 3210584
3204191 3210583
3204194 3210584
3204196 3210584
3204200 3210584
3204202 3210584
3204203 3210584
3204205 3210583
3204205 3210584
3204201 3210584
3204197 3210584
3204189 3210585
3204181 3210584
3204173 3210584
3204163 3210583
3204154 3210584
3204149 3210583
3204140 3210583
3204136 3210584
3204130 3210583
3204128 3210584
3204126 3210583
3204123 3210583
3204122 3210584
3204118 3210584
3204118 3210584
3204116 3210583
3204116 3210584
3204117 3210584
3204117 3210583
3204116 3210584
3204119 3210583
3204120 3210583
3204119 3210584
3204121 3210584
3204122 3210584
3204126 3210583
3204126 3210583
3204127 3210585
3204128 3210584
3204128 3210585
3204127 3210584
3204128 3210582
3204126 3210582
3204127 3210583
3204127 3210583
3204126 3210583
3204126 3210584
3204125 3210583
3204124 3210584
3204123 3210584
3204123 3210583
3204123 3210583
3204123 3210584
3204124 3210583
3204124 3210584
3204125 3210583
3204128 3210583
3204129 3210584
3204130 3210584
3204131 3210583
3204134 3210583
3204137 3210584
3204139 3210583
3204138 3210583
3204143 3210584
3204144 3210583
3204145 3210584
3204149 3210584
3196687 3210584
3196689 3210584
3196690 3210584
3196693 3210584
3196695 3210584
3196695 3210583
3196698 3210583
3196701 3210583
3196703 3210583
3196704 3210584
3196704 3210584
3196706 3210584
3196707 3210583
3196710 3210583
3196711 3210583
3196712 3210584
3196711 3210584
3196716 3210583
3196715 3210583
3196719 3210584
3196719 3210584
3196719 3210584
3196721 3210583
3196724 3210584
3196724 3210583
3196725 3210584
3196727 3210585
3196730 3210583
3196729 3210585
3196732 3210584
3196734 3210584
3196735 3210584
3196737 3210585
3196740 3210584
3196741 3210583
3196742 3210584
3196742 3210585
3196746 3210584
3196748 3210584
3196749 3210583
3196752 3210583
3196753 3210583
3196755 3210584
3196759 3210584
3196758 3210583
3196761 3210584
3196762 3210584
3196761 3210584
3196760 3210584
3196757 3210583
3196753 3210584
3196747 3210584
3196738 3210584
3196733 3210583
3196727 3210583
3196721 3210585
3196715 3210584
3196709 3210584
3196706 3210583
3196702 3210583
3196698 3210583
3196696 3210583
3196694 3210583
3196695 3210584
3196694 3210584
3196695 3210584
3196693 3210585
3196694 3210583
3196694 3210583
3196696 3210585
3196696 3210584
3196700 3210584
3196700 3210584
3196702 3210585
3196703 3210584
3196706 3210584
3196707 3210584
3196706 3210583
3196708 3210584
3196706 3210584
3196705 3210584
3196706 3210584
3196704 3210583
3196704 3210584
3196704 3210584
3196703 3210585
3196703 3210584
3196703 3210583
3196702 3210584
3196699 3210583
3196698 3210584
3196699 3210584
3196699 3210583
3196701 3210584
3196702 3210582
3196700 3210584
3196702 3210584
3196703 3210583
3196705 3210583
3196708 3210584
3210604 3210582
3210604 3210581
3210605 3210582
3210604 3210582
3210604 3210582
3210604 3210581
3210604 3210582
3210605 3210581
3210605 3210582
3210604 3210583
3210605 3210582
3210605 3210582
3210605 3210582
3210604 3210582
3210604 3210581
3210605 3210582
3210605 3210582
3210604 3210582
3210605 3210583
3210604 3210581
3210604 3210582
3210604 3210582
3210604 3210582
3210604 3210581
3210604 3210582
3210604 3210582
3210604 3210581
3210605 3210582
3210605 3210582
3210604 3210581
3210604 3210582
3210604 3210582
3210605 3210581
3210604 3210582
3210604 3210582
3210604 3210581
3210604 3210582
3210605 3210581
3210604 3210581
3210604 3210582
3210605 3210581
3210604 3210581
3210604 3210582
3210605 3210582
3210605 3210581
3210605 3210582
3210606 3210582
3210604 3210582
3210604 3210582
3210604 3210582
3210604 3210581
3210604 3210582
3210605 3210581
3210604 3210582
3210605 3210583
3210605 3210582
3210605 3210582
3210603 3210581
3210604 3210582
3210603 3210582
3210605 3210583
3210606 3210582
3210605 3210581
3210604 3210582
3210605 3210582
3210603 3210582
3210603 3210582
3210603 3210582
3210604 3210582
3210604 3210581
3210604 3210582
3210604 3210582
3210605 3210582
3210603 3210581
3210603 3210582
3210604 3210581
3210603 3210580
3210604 3210581
3210605 3210581
3210604 3210581
3210604 3210582
3210604 3210581
3210603 3210581
3210602 3210582
3210604 3210581
3210604 3210581
3210604 3210580
3210604 3210581
3210605 3210580
3210603 3210581
3210604 3210582
3210604 3210581
3210605 3210581
3210603 3210581
3210605 3210582
3210603 3210581
3210605 3210581
3210603 3210581
3210603 3210582
3210604 3210581
3210604 3205030
3210603 3205034
3210603 3205032
3210604 3205033
3210605 3205033
3210603 3205033
3210604 3205035
3210603 3205037
3210604 3205039
3210604 3205039
3210604 3205041
3210603 3205042
3210605 3205042
3210603 3205044
3210603 3205044
3210603 3205044
3210603 3205047
3210604 3205047
3210604 3205049
3210604 3205050
3210603 3205050
3210604 3205051
3210603 3205054
3210604 3205052
3210603 3205055
3210603 3205055
3210603 3205057
3210602 3205059
3210603 3205059
3210602 3205060
3210604 3205063
3210603 3205062
3210604 3205062
3210603 3205066
3210602 3205068
3210603 3205068
3210603 3205068
3210602 3205071
3210603 3205072
3210604 3205072
3210604 3205074
3210603 3205074
3210603 3205076
3210603 3205077
3210602 3205077
3210602 3205078
3210604 3205079
3210604 3205079
3210603 3205081
3210604 3205084
3210603 3205083
3210603 3205085
3210603 3205089
3210602 3205089
3210603 3205091
3210602 3205092
3210603 3205093
3210603 3205094
3210603 3205097
3210604 3205097
3210603 3205095
3210603 3205092
3210603 3205088
3210603 3205083
3210603 3205077
3210604 3205074
3210603 3205068
3210602 3205065
3210604 3205061
3210603 3205057
3210603 3205056
3210603 3205053
3210604 3205049
3210603 3205047
3210603 3205044
3210603 3205045
3210604 3205042
3210603 3205040
3210603 3205040
3210603 3205037
3210603 3205039
3210604 3205038
3210604 3205038
3210603 3205038
3210602 3205036
3210603 3205038
3210604 3205039
3210602 3205040
3210603 3205040
3210602 3205042
3210603 3205041
3210603 3205040
3210603 3205042
3210603 3205042
3210602 3205042
3210603 3205041
3210602 3205042
3210602 3205041
3210602 3205040
3210603 3205041
3210603 3197496
3210603 3197495
3210603 3197496
3210603 3197497
3210603 3197494
3210604 3197495
3210604 3197493
3210604 3197494
3210604 3197497
3210603 3197497
3210604 3197498
3210603 3197497
3210603 3197498
3210603 3197500
3210603 3197498
3210603 3197501
3210603 3197501
3210603 3197501
3210603 3197502
3210603 3197503
3210603 3197505
3210603 3197506
3210603 3197507
3210602 3197507
3210602 3197511
3210603 3197511
3210603 3197512
3210602 3197511
3210603 3197510
3210603 3197512
3210603 3197513
3210603 3197513
3210604 3197516
3210603 3197515
3210604 3197514
3210603 3197516
3210602 3197516
3210603 3197518
3210602 3197519
3210604 3197518
3210603 3197520
3210603 3197520
3210602 3197520
3210603 3197522
3210603 3197522
3210603 3197522
3210602 3197525
3210603 3197525
3210603 3197527
3210604 3197527
3210603 3197528
3210603 3197531
3210604 3197531
3210603 3197532
3210603 3197533
3210603 3197532
3210604 3197535
3210602 3197535
3210603 3197537
3210603 3197536
3210604 3197538
3210604 3197541
3210603 3197539
3210604 3197541
3210602 3197543
3210602 3197543
3210604 3197543
3210604 3197546
3210603 3197547
3210602 3197545
3210604 3197546
3210604 3197550
3210603 3197550
3210602 3197552
3210603 3197553
3210602 3197554
3210603 3197555
3210603 3197554
3210603 3197552
3210603 3197550
3210602 3197547
3210603 3197543
3210603 3197537
3210602 3197534
3210603 3197529
3210604 3197528
3210604 3197524
3210604 3197521
3210603 3197517
3210603 3197517
3210603 3197515
3210602 3197514
3210603 3197512
3210603 3197512
3210604 3197508
3210602 3197508
3210603 3197509
3210603 3197508
3210602 3197509
3210603 3197508
3149588 3191224
3149590 3191226
3149591 3191225
3149591 3191226
3149591 3191225
3149593 3191223
3149595 3191224
3149592 3191225
3149593 3191223
3149594 3191222
3149594 3191221
3149594 3191220
3149594 3191220
3149593 3191219
3149594 3191218
3149595 3191218
3149593 3191218
3149595 3191217
3149594 3191214
3149593 3191216
3149593 3191214
3149594 3191214
3149594 3191213
3149594 3191216
3149595 3191214
3149595 3191214
3149596 3191216
3149595 3191214
3149594 3191216
3149594 3191214
3149595 3191215
3149595 3191216
3149594 3191217
3149597 3191217
3149596 3191219
3149596 3191218
3149596 3191220
3149597 3191219
3149596 3191220
3149596 3191221
3149595 3191223
3149596 3191224
3149597 3191225
3149597 3191226
3149597 3191227
3149597 3191227
3149596 3191228
3149597 3191229
3149597 3191230
3149596 3191229
3149598 3191231
3149598 3191231
3149598 3191231
3149598 3191231
3149598 3191232
3149598 3191233
3149599 3191232
3149598 3191234
3149598 3191234
3149599 3191235
3149598 3191235
3149599 3191236
3149599 3191237
3149599 3191236
3149599 3191237
3149599 3191237
3149600 3191238
3149600 3191239
3149599 3191241
3149599 3191242
3149602 3191241
3149599 3191245
3149600 3191243
3149601 3191243
3149599 3191243
3149600 3191244
3149601 3191246
3149600 3191247
3149601 3191248
3149601 3191249
3149601 3191248
3149601 3191251
3149601 3191253
3149601 3191250
3149602 3191252
3149601 3191251
3149601 3191250
3149600 3191249
3149601 3191247
3149599 3191243
3149599 3191238
3149598 3191235
3149597 3191231
3149598 3191228
3149596 3191225
3149597 3191222
3149596 3191220
3149597 3191218
3149596 3191215
3149596 3191215
3149596 3191214
3149596 3191212
3149595 3191211
3149596 3191212
3149596 3191211
3149595 3191212
3149596 3191213
3149597 3191215
3149595 3191215
3149596 3191215
3149596 3191216
3149597 3191216
3149596 3191217
3149596 3191215
3149596 3191216
3149597 3191216
3149597 3191215
3149597 3191214
3149596 3191215
3149597 3191216
3149597 3191214
3149597 3191213
3149597 3191213
3149597 3191212
3149596 3191212
3149595 3191212
3149597 3191213
3149596 3191211
3149595 3191212
3149596 3191213
3149597 3191212
3149596 3191213
3149596 3191212
3149597 3191215
3149596 3191214
3149596 3191214
3149597 3191214
3149596 3191215
3149597 3191216
3149597 3191218
3149597 3191218
3149598 3191218
3149597 3191219
3149597 3191221
3149598 3191222
3149598 3191222
3149597 3191223
3149598 3191223
3149597 3191225
3149598 3191224
3149598 3191225
3149599 3191226
3149597 3191229
3149598 3191230
3149598 3191228
3149599 3191229
3149600 3191228
3149599 3191231
3149599 3191232
3149600 3191232
3149599 3191233
3149600 3191234
3149600 3191235
3149600 3191233
3149600 3191235
3149600 3191238
3149600 3191237
3149600 3191238
3149600 3191239
3149601 3191239
3149601 3191237
3149599 3191241
3149600 3191241
3149601 3191241
3149601 3191242
3149601 3191242
3149601 3191243
3149601 3191246
3149602 3191246
3149600 3191248
3149601 3191247
3149602 3191249
3149602 3191249
3149602 3191250
3149603 3191251
3149602 3191250
3149601 3191249
3149602 3191248
3149601 3191244
3149600 3191242
3149600 3191239
3149599 3191236
3149600 3191233
3149599 3191230
3149597 3191228
3149597 3191225
3149597 3191223
3149597 3191220
3149595 3191218
3149597 3191218
3149596 3191216
3149596 3191215
3149596 3191216
3149596 3191213
3149596 3191213
3149596 3191212
3149595 3191214
3149596 3191210
3149595 3191212
3149595 3191211
3149596 3191213
3149595 3191212
3149596 3191212
3149597 3191212
3149596 3191214
3149596 3191215
3149596 3191214
3149596 3191214
3149595 3191213
3149595 3191211
3149596 3191209
3149595 3191208
3149596 3191209
3149597 3191207
3149595 3191208
3149596 3191206
3149595 3191207
3149596 3191204
3149596 3191203
3149596 3191203
3149595 3191202
3149595 3191201
3149595 3191200
3149595 3191199
3149595 3191200
3149595 3191201
3149595 3191201
3149597 3191203
3149595 3191204
3149595 3191204
3149596 3191205
3149595 3191206
3149596 3191209
3149597 3191209
3149595 3191208
3149596 3191209
3149597 3191210
3149595 3191211
3149597 3191211
3149596 3191213
3149596 3191213
3149597 3191212
3149597 3191212
3149596 3191213
3149596 3191213
3149597 3191214
3149597 3191216
3149597 3191217
3149599 3191217
3149598 3191219
3149598 3191218
3149596 3191219
3149598 3191219
3149599 3191220
3149598 3191219
3149598 3191222
3149598 3191224
3149599 3191225
3149599 3191225
3149599 3191226
3149599 3191225
3149599 3191227
3149599 3191229
3149600 3191229
3149600 3191230
3149599 3191231
3149599 3191232
3149599 3191234
3149601 3191234
3149599 3191234
3149600 3191236
3149598 3191236
3149599 3191238
3149600 3191239
3149600 3191240
3149600 3191242
3149602 3191241
3149600 3191243
3149601 3191244
3149601 3191245
3149601 3191245
3149602 3191246
3149601 3191248
3149602 3191247
3149603 3191249
3149600 3191247
3149601 3191245
3149601 3191243
3149599 3191241
3149599 3191236
3149599 3191233
3149598 3191228
3149597 3191224
3149597 3191221
3149598 3191218
3149595 3191216
3149596 3191213
3149595 3191210
3149597 3191207
3149595 3191204
3149594 3191202
3149594 3191200
3149594 3191197
3149594 3191196
3149593 3191195
3149594 3191194
3149594 3191194
3149594 3191193
3149594 3191191
3149593 3191191
3149594 3191192
3149594 3191188
3149592 3191189
3149593 3191191
3149593 3191191
3149594 3191189
3149593 3191188
3149594 3191190
3149593 3191187
3149593 3191189
3149592 3191188
3149592 3191185
3149594 3191186
3149592 3191185
3149592 3191181
3149592 3191183
3149593 3191181
3149592 3191180
3149592 3191181
3149592 3191179
3149593 3191177
3149591 3191177
3149593 3191178
3149592 3191176
3149593 3191177
3149593 3191177
3149592 3191178
3149593 3191176
3149593 3191176
3149592 3191178
3149593 3191178
3149592 3191179
3149594 3191178
3149594 3191178
3149594 3191180
3149594 3191180
3149593 3191180
3149594 3191180
3149592 3191181
3149595 3191182
3149594 3191183
3149593 3191186
3149595 3191186
3149594 3191185
3149594 3191185
3149595 3191185
3149594 3191186
3149594 3191186
3149595 3191187
3149595 3191186
3149594 3191188
3149594 3191188
3149595 3191187
3149594 3191190
3149594 3191190
3149595 3191192
3149595 3191194
3149595 3191193
3149595 3191194
3149594 3191195
3149596 3191195
3149596 3191197
3149595 3191196
3149596 3191198
3149595 3191200
3149596 3191201
3149596 3191202
3149596 3191203
3149597 3191204
3149597 3191207
3149598 3191205
3149598 3191206
3149597 3191208
3149596 3191209
3149598 3191212
3149598 3191211
3149598 3191213
3149598 3191212
3149599 3191212
3149599 3191213
3149598 3191215
3149598 3191215
3149598 3191215
3149598 3191217
3149599 3191218
3149599 3191220
3149599 3191222
3149599 3191222
3149599 3191223
3149599 3191222
3149599 3191220
3149598 3191216
3149597 3191212
3149598 3191209
3149597 3191205
3149596 3191202
3149595 3191199
3149595 3191197
3149593 3191193
3149594 3191191
3149594 3191189
3149593 3191188
3149594 3191186
3149591 3191185
3149593 3191184
3149593 3191182
3149592 3191182
3149592 3191182
3149591 3191182
3149592 3191181
3149592 3191181
3149593 3191183
3149593 3191180
3149592 3191183
3149592 3191183
3149592 3191183
3149592 3191184
3149593 3191185
3149593 3191184
3149593 3191184
3149592 3191183
3149592 3191182
3149593 3191183
3149593 3191182
3149592 3191182
3149592 3191180
3149592 3191179
3149592 3191178
3149591 3191179
3149592 3191179
3149592 3191177
3149592 3191176
3149593 3191176
3149591 3191176
3149591 3191174
3149592 3191174
3149592 3191173
3149592 3191172
3149591 3191172
3149591 3191173
3149592 3191172
3149593 3191172
3149591 3191175
3149591 3191175
3149592 3191175
3149592 3191176
3149592 3191178
3149592 3191178
3149592 3191179
3149592 3191181
3149593 3191180
3149594 3191182
3149594 3191184
3149593 3191184
3149593 3191184
3149593 3191184
3149593 3191185
3149593 3191184
3149594 3191185
3149595 3191188
3149593 3191189
3149595 3191187
3149594 3191188
3149595 3191189
3149595 3191190
3149594 3191190
3149595 3191193
3149594 3191193
3149594 3191195
3149595 3191195
3149595 3191194
3149596 3191197
3149595 3191198
3149595 3191198
3149595 3191198
3149596 3191199
3149595 3191199
3149596 3191199
3149596 3191201
3149595 3191201
3149596 3191203
3149597 3191205
3149597 3191205
3149598 3191207
3149597 3191207
3149597 3191209
3149597 3191211
3149597 3191212
3149598 3191213
3149597 3191215
3149597 3191216
3149598 3191214
3149599 3191216
3149597 3191216
3149597 3191213
3149597 3191214
3149598 3191210
3149597 3191206
3149596 3191206
3149595 3191201
3149594 3191195
3149594 3191194
3149593 3191193
3149594 3191190
3149594 3191188
3149593 3191185
3149592 3191183
3149594 3191183
3149593 3191183
3149592 3191181
3149592 3191182
3149593 3191180
3149592 3191180
3149592 3191180
3149593 3191180
3149593 3191181
3149592 3191181
3149591 3191182
3149593 3191183
3149594 3191185
3149594 3191186
3149592 3191186
3149594 3191187
3149593 3191186
3149593 3191184
3149592 3191184
3149593 3191184
3149593 3191184
3149592 3191186
3149593 3191185
3149593 3191184
3149593 3191183
3149591 3191182
3149592 3191183
3149592 3191182
3149594 3191182
3149593 3191180
3149592 3191182
3149592 3191184
3149593 3191184
3149593 3191183
3149592 3191183
3149592 3191185
3149593 3191186
3149593 3191185
3149593 3191186
3149594 3191187
3149593 3191188
3149592 3191188
3149593 3191189
3149594 3191190
3149593 3191191
3149593 3191192
3149595 3191194
3149594 3191194
3149594 3191195
3149595 3191194
3149595 3191196
3149596 3191197
3149595 3191198
3149595 3191200
3149595 3191201
3149596 3191202
3149596 3191202
3149596 3191203
3149596 3191202
3149596 3191203
3149595 3191204
3149596 3191206
3149596 3191207
3149596 3191206
3149598 3191207
3149596 3191208
3149596 3191208
3149598 3191210
3149597 3191210
3149598 3191210
3149597 3191214
3149597 3191215
3149597 3191215
3149598 3191215
3149598 3191217
3149598 3191217
3149598 3191218
3149597 3191219
3149599 3191220
3149599 3191220
3149598 3191223
3149598 3191220
3149597 3191220
3149597 3191218
3149598 3191217
3149598 3191213
3149596 3191210
3149597 3191204
3149594 3191203
3149595 3191198
3149595 3191196
3149594 3191192
3149593 3191192
3149593 3191189
3149592 3191189
3149593 3191186
3149592 3191187
3149593 3191185
3149592 3191185
3149593 3191183
3149592 3191182
3149592 3191182
3149592 3191181
3149592 3191181
3149590 3191182
3149593 3191182
3149592 3191181
3149594 3191184
3149592 3191182
3149594 3191184
3149593 3191184
3149592 3191184
3149593 3191185
3149593 3191185
3149593 3191185
3149594 3191185
3149593 3191184
3149591 3191182
3149593 3191182
3149592 3191181
3149594 3191181
3149592 3191180
3149592 3191181
3149591 3191181
3149593 3191182
3149593 3191182
3149593 3191180
3149592 3191180
3149593 3191180
3149592 3191180
3149592 3191183
3149594 3191181
3149592 3191184
3149594 3191185
3149594 3191185
3149593 3191187
3149592 3191187
3149593 3191186
3149594 3191186
3149593 3191187
3149594 3191188
3149594 3191190
3149594 3191190
3149594 3191191
3149594 3191193
3149594 3191195
3149593 3191195
3149594 3191196
3149595 3191197
3149595 3191199
3149596 3191200
3149595 3191200
3149595 3191200
3149597 3191201
3149596 3191201
3149596 3191201
3149596 3191204
3149595 3191204
3149596 3191205
3149597 3191205
3149596 3191208
3149597 3191208
3149597 3191209
3149597 3191210
3149597 3191209
3149596 3191211
3149598 3191212
3149596 3191214
3149597 3191214
3149596 3191214
3149598 3191216
3149597 3191216
3149597 3191218
3149598 3191217
3149598 3191221
3149598 3191220
3149598 3191222
3149598 3191222
3149598 3191222
3149598 3191222
3149598 3191223
3149599 3191225
3149599 3191226
3149599 3191227
3149600 3191229
3149599 3191229
3149599 3191229
3149600 3191226
3149598 3191225
3149598 3191222
3149597 3191220
3149597 3191216
3149596 3191212
3149595 3191209
3149596 3191207
3149595 3191203
3149594 3191201
3149593 3191199
3149593 3191196
3149593 3191193
3149593 3191191
3149593 3191191
3149592 3191190
3149593 3191190
3149593 3191189
3149594 3191188
3149592 3191186
3149592 3191185
3149591 3191185
3149592 3191186
3149592 3191185
3149591 3191185
3149592 3191185
3149592 3191185
3149591 3191185
3149592 3191183
3149593 3191185
3149590 3191184
3149593 3191183
3149593 3191182
3149592 3191184
3149592 3191182
3149592 3191183
3149592 3191183
3149592 3191182
3149593 3191182
3149592 3191180
3149593 3191181
3149592 3191181
3149590 3191180
3149591 3191179
3149592 3191179
3149592 3191181
3149591 3191183
3149591 3191180
3149592 3191183
3149592 3191182
3149592 3191184
3149591 3191183
3149593 3191182
3149592 3191184
3149592 3191184
3149591 3191186
3149593 3191187
3149592 3191188
3149592 3191190
3149592 3191190
3149592 3191191
3149593 3191191
3149594 3191193
3149594 3191194
3149594 3191195
3149594 3191197
3149593 3191196
3149595 3191196
3149595 3191196
3149595 3191198
3149594 3191198
3149595 3191200
3149595 3191201
3149595 3191202
3149595 3191203
3149596 3191202
3149595 3191202
3149594 3191203
3149596 3191204
3149594 3191204
3149595 3191206
3149596 3191207
3149595 3191207
3149596 3191209
3149596 3191210
3149597 3191211
3149596 3191213
3149597 3191214
3149596 3191213
3149597 3191216
3149597 3191216
3149598 3191216
3149597 3191217
3149597 3191219
3149597 3191220
3149597 3191220
3149597 3191223
3149597 3191224
3149598 3191225
3149599 3191226
3149597 3191228
3149599 3191227
3149597 3191230
3149599 3191230
3149599 3191233
3149600 3191232
3149599 3191233
3149598 3191234
3149599 3191233
3149598 3191231
3149598 3191229
3149598 3191226
3149597 3191222
3149596 3191218
3149595 3191215
3149595 3191211
3149596 3191209
3149594 3191206
3149595 3191204
3149593 3191200
3149594 3191201
3149593 3191196
3149593 3191197
3149592 3191196
3149593 3191195
3149593 3191194
3149591 3191195
3149594 3191193
3149592 3191195
3149592 3191195
3149592 3191195
3149592 3191194
3149592 3191196
3149591 3191195
3149593 3191198
3149595 3191195
3149592 3191197
3149593 3191198
3149593 3191196
3149592 3191198
3149594 3191197
3149593 3191196
3149593 3191197
3149593 3191196
3149593 3191197
3149594 3191196
3149593 3191195
3149593 3191195
3149592 3191193
3149592 3191195
3149592 3191193
3149592 3191193
3149592 3191191
3149592 3191192
3149592 3191191
3149593 3191192
3149593 3191193
3149592 3191193
3149592 3191195
3149592 3191196
3149594 3191197
3149593 3191197
3149593 3191199
3149594 3191199
3149593 3191201
3149594 3191202
3149594 3191202
3149594 3191202
3149595 3191203
3149594 3191202
3149594 3191204
3149594 3191205
3149594 3191207
3149593 3191208
3149596 3191211
3149595 3191211
3149596 3191212
3149595 3191211
3149596 3191214
3149596 3191216
3149597 3191215
3149597 3191216
3149594 3191219
3149596 3191219
3149596 3191219
3149597 3191219
3149597 3191220
3149597 3191220
3149597 3191222
3149597 3191222
3149597 3191224
3149597 3191224
3149597 3191226
3149597 3191225
3149598 3191227
3149598 3191227
3149597 3191226
3149598 3191230
3149598 3191230
3149598 3191231
3149597 3191233
3149598 3191235
3149598 3191234
3149598 3191235
3149600 3191236
3149600 3191236
3149599 3191238
3149598 3191239
3149600 3191240
3149599 3191240
3149599 3191238
3149598 3191235
3149599 3191235
3149598 3191232
3149597 3191228
3149596 3191224
3149596 3191222
3149596 3191220
3149596 3191217
3149594 3191212
3149595 3191212
3149594 3191210
3149595 3191208
3149594 3191207
3149593 3191205
3149593 3191207
3149595 3191206
3149593 3191204
3149594 3191205
3149593 3191204
3149595 3191204
3149595 3191208
3149593 3191207
3149594 3191209
3149595 3191210
3149596 3191211
3149595 3191211
3149595 3191211
3149595 3191210
3149594 3191212
3149594 3191213
3149595 3191213
3149595 3191212
3149595 3191212
3149595 3191212
3149595 3191211
3149595 3191211
3149595 3191210
3149594 3191211
3149595 3191210
3149595 3191208
3149594 3191209
3149595 3191209
3149596 3191209
3149595 3191209
3149594 3191209
3149595 3191210
3149594 3191210
3149595 3191209
3149594 3191210
3149595 3191211
3149596 3191213
3149595 3191213
3149596 3191214
3149595 3191215
3149596 3191216
3149596 3191218
3149595 3191217
3149595 3191219
3149597 3191219
3149597 3191220
3149596 3191221
3149596 3191223
3149597 3191223
3149597 3191224
3149597 3191224
3149597 3191226
3149597 3191226
3149597 3191226
3149598 3191229
3149599 3191229
3149598 3191230
3149598 3191230
3149597 3191232
3149599 3191232
3149599 3191233
3149598 3191234
3149599 3191236
3149598 3191236
3149599 3191237
3149598 3191236
3149598 3191238
3149599 3191240
3149600 3191241
3149599 3191241
3149599 3191243
3149600 3191243
3149599 3191245
3149601 3191247
3149600 3191248
3149600 3191248
3149600 3191249
3149600 3191250
3149600 3191249
3149600 3191249
3149601 3191245
3149599 3191242
3149599 3191241
3149598 3191237
3149597 3191236
3149598 3191230
3149597 3191227
3149596 3191226
3149595 3191222
3149595 3191222
3149595 3191217
3149595 3191216
3149596 3191216
3149595 3191214
3149595 3191214
3149594 3191212
3149595 3191213
3149594 3191212
3149594 3191211
3149595 3191211
3149595 3191212
3149593 3191212
3149594 3191211
3149595 3191212
3149594 3191215
3149595 3191214
3149594 3191214
3149595 3191214
3149595 3191215
3149595 3191216
3149595 3191216
3149596 3191213
3149595 3191215
3149597 3191213
3149595 3191214
3149594 3191214
3149594 3191211
3149596 3191212
3149596 3191211
3149595 3191211
3149595 3191211
3149595 3191211
3149595 3191210
3149595 3191210
3149595 3191208
3149595 3191210
3149595 3191210
3149595 3191211
3149596 3191213
3149595 3191213
3149595 3191217
3149596 3191215
3149594 3191215
3149595 3191216
3149596 3191218
3149596 3191219
3149597 3191219
3149595 3191220
3149597 3191221
3149597 3191220
3149596 3191222
3149596 3191223
3149597 3191222
3149597 3191225
3149598 3191224
3149598 3191226
3149597 3191228
3149599 3191228
3149597 3191229
3149598 3191231
3149598 3191231
3149599 3191232
3149599 3191233
3149598 3191233
3149598 3191234
3149599 3191236
3149598 3191235
3149599 3191235
3149599 3191237
3149599 3191237
3149599 3191239
3149600 3191241
3149599 3191242
3149600 3191241
3149599 3191243
3149599 3191244
3149600 3191245
3149599 3191246
3149600 3191247
3149600 3191247
3149601 3191249
3149601 3191250
3149601 3191254
3149601 3191252
3149601 3191254
3149601 3191256
3149602 3191256
3149602 3191258
3149601 3191259
3149603 3191260
3149601 3191261
3149603 3191262
3149602 3191262
3149602 3191261
3149602 3191260
3149600 3191258
3149601 3191253
3149601 3191252
3149599 3191248
3149600 3191245
3149598 3191239
3149598 3191236
3149597 3191235
3149597 3191232
3149598 3191230
3149596 3191228
3149597 3191227
3149596 3191224
3149595 3191224
3149595 3191223
3149596 3191222
3149595 3191221
3149595 3191220
3149596 3191219
3149595 3191220
3149596 3191220
3149597 3191219
3149596 3191221
3149596 3191220
3149596 3191222
3149595 3191220
3149595 3191222
3149596 3191220
3149596 3191221
3149595 3191220
3149596 3191221
3149595 3191220
3149596 3191219
3149596 3191220
3149595 3191219
3149597 3191218
3149596 3191220
3149596 3191218
3149594 3191218
3149595 3191219
3149596 3191217
3149596 3191217
3149595 3191218
3149595 3191218
3149595 3191218
3149596 3191220
3149595 3191219
3149596 3191220
3149596 3191218
3149596 3191221
3149597 3191222
3149596 3191221
3149598 3191224
3149596 3191226
3149597 3191225
3149596 3191225
3149598 3191226
3149597 3191225
3149598 3191227
3149597 3191228
3149598 3191230
3149598 3191230
3149598 3191231
3149598 3191231
3149599 3191233
3149598 3191233
3149598 3191236
3149598 3191235
3149599 3191239
3149599 3191236
3149599 3191238
3149598 3191238
3149598 3191240
3149599 3191240
3149599 3191241
3149600 3191242
3149601 3191243
3149599 3191244
3149599 3191244
3149599 3191246
3149600 3191246
3149600 3191247
3149600 3191247
3149600 3191248
3149600 3191249
3149601 3191250
3149600 3191251
3149600 3191251
3149601 3191252
3149601 3191253
3149600 3191256
3149602 3191256
3149601 3191255
3149603 3191259
3149601 3191258
3149602 3191260
3149601 3191262
3149601 3191261
3149602 3191262
3149603 3191265
3149603 3191265
3149603 3191266
3149603 3191266
3149603 3191268
3149604 3191271
3149604 3191271
3149603 3191272
3149603 3191271
3149604 3191271
3149602 3191270
3149602 3191267
3149603 3191265
3149602 3191260
3149601 3191257
3149600 3191252
3149600 3191250
3149598 3191247
3149599 3191244
3149598 3191242
3149599 3191240
3149598 3191238
3149598 3191237
3149598 3191235
3149597 3191236
3149598 3191235
3149598 3191233
3149596 3191233
3149597 3191232
3149597 3191231
3149598 3191232
3149596 3191232
3149598 3191233
3149596 3191232
3149598 3191233
3149597 3191234
3149597 3191234
3149597 3191235
3149599 3191234
3149599 3191235
3149597 3191235
3149596 3191234
3149598 3191233
3149598 3191233
3149597 3191233
3149598 3191234
3149599 3191230
3149598 3191231
3149597 3191231
3149596 3191230
3149598 3191230
3149598 3191231
3149597 3191230
3149597 3191230
3149597 3191230
3149597 3191228
3149597 3191230
3149598 3191230
3149597 3191232
3149599 3191231
3149599 3191232
3149598 3191233
3149598 3191235
3149597 3191234
3149598 3191235
3149600 3191238
3149599 3191239
3149599 3191238
3149600 3191241
3149598 3191241
3149599 3191242
3149599 3191243
3149599 3191242
3149599 3191244
3149599 3191244
3149600 3191245
3149600 3191246
3149600 3191247
3149600 3191248
3149601 3191247
3149599 3191249
3149600 3191251
3149600 3191249
3149600 3191249
3149602 3191252
3149601 3191250
3149601 3191252
3149601 3191253
3149602 3191254
3149601 3191252
3149602 3191253
3149601 3191253
3149602 3191255
3149601 3191254
3149602 3191255
3149602 3191256
3149603 3191257
3149602 3191260
3149602 3191258
3149602 3191259
3149601 3191260
3149602 3191261
3149602 3191263
3149602 3191264
3149603 3191266
3149602 3191267
3149603 3191267
3149604 3191270
3149603 3191271
3149604 3191271
3149602 3191270
3149603 3191269
3149602 3191268
3149603 3191266
3149602 3191264
3149602 3191260
3149601 3191259
3149601 3191256
3149601 3191252
3149599 3191250
3149599 3191247
3149599 3191244
3149598 3191243
3149600 3191241
3149599 3191240
3149598 3191240
3149598 3191239
3149599 3191237
3149597 3191237
3149597 3191238
3149598 3191237
3149599 3191237
3149598 3191237
3149598 3191238
3149599 3191240
3149599 3191241
3149599 3191241
3149598 3191243
3149600 3191242
3149598 3191242
3149599 3191243
3149601 3191243
3149598 3191242
3149599 3191243
3149598 3191241
3149600 3191242
3149599 3191242
3149599 3191240
3149599 3191241
3149599 3191241
3149600 3191240
3149598 3191239
3149598 3191238
3149599 3191238
3149599 3191238
3149598 3191239
3149599 3191239
3149599 3191238
3149599 3191241
3149599 3191239
3149599 3191240
3149599 3191241
3149600 3191243
3149599 3191243
3149600 3191243
3149599 3191245
3149600 3191245
3149600 3191246
3149600 3191247
3149600 3191248
3149600 3191250
3149602 3191248
3149601 3191251
3149600 3191253
3149601 3191253
3149602 3191252
3149601 3191255
3149602 3191253
3149601 3191256
3149602 3191259
3149602 3191258
3149602 3191257
3149602 3191259
3149602 3191259
3149601 3191258
3149602 3191259
3149602 3191261
3149603 3191261
3149602 3191262
3149602 3191262
3149603 3191261
3149603 3191262
3149603 3191264
3149603 3191265
3149604 3191264
3149603 3191264
3149603 3191265
3149603 3191266
3149604 3191266
3149604 3191267
3149603 3191268
3149603 3191270
3149604 3191269
3149603 3191270
3149604 3191272
3149604 3191274
3149604 3191276
3149605 3191275
3149604 3191277
3149605 3191277
3149604 3191278
3149605 3191279
3149607 3191280
3149605 3191279
3149605 3191276
3149604 3191274
3149604 3191272
3149603 3191269
3149603 3191266
3149602 3191263
3149601 3191259
3149601 3191255
3149600 3191253
3149601 3191250
3149600 3191248
3149601 3191247
3149599 3191245
3149600 3191243
3149598 3191241
3149599 3191241
3149599 3191238
3149598 3191240
3149599 3191239
3149600 3191238
3149598 3191239
3149599 3191239
3149599 3191238
3149598 3191240
3149598 3191239
3149597 3191239
3149599 3191240
3149600 3191238
3149599 3191238
3149598 3191239
3149599 3191239
3149599 3191239
3149598 3191239
3149599 3191238
3149599 3191238
3149599 3191237
3149598 3191238
3149598 3191238
3149598 3191236
3149599 3191235
3149599 3191234
3149599 3191236
3149600 3191233
3149599 3191234
3149598 3191233
3149598 3191236
3149599 3191234
3149599 3191236
3149598 3191236
3149598 3191235
3149600 3191236
3149599 3191236
3149600 3191237
3149599 3191238
3149600 3191237
3149600 3191238
3149598 3191238
3149601 3191239
3149600 3191241
3149600 3191242
3149600 3191242
3149601 3191243
3149600 3191245
3149601 3191243
3149601 3191248
3149602 3191246
3149602 3191246
3149601 3191248
3149603 3191249
3149601 3191248
3149601 3191249
3149602 3191251
3149601 3191250
3149602 3191252
3149602 3191252
3149604 3191255
3149602 3191254
3149602 3191253
3149601 3191255
3149602 3191255
3149603 3191257
3149603 3191258
3149603 3191259
3149602 3191259
3149604 3191260
3149603 3191262
3149602 3191261
3149603 3191262
3149603 3191263
3149603 3191265
3149603 3191266
3149604 3191266
3149603 3191266
3149604 3191267
3149605 3191267
3149603 3191269
3149604 3191271
3149604 3191271
3149604 3191271
3149604 3191271
3149605 3191272
3149605 3191273
3149605 3191274
3149604 3191273
3149605 3191277
3149605 3191276
3149606 3191277
3149606 3191279
3149606 3191280
3149606 3191281
3149606 3191278
3149604 3191278
3149605 3191275
3149604 3191273
3149605 3191266
3149602 3191264
3149603 3191258
3149602 3191255
3149601 3191251
3149600 3191250
3149601 3191247
3149600 3191245
3149598 3191243
3149600 3191242
3149598 3191239
3149599 3191238
3149599 3191236
3149598 3191235
3149598 3191235
3149598 3191234
3149599 3191234
3149599 3191233
3149599 3191234
3149599 3191233
3149599 3191233
3149600 3191234
3149599 3191234
3149599 3191235
3149599 3191235
3149600 3191235
3149599 3191237
3149600 3191235
3149599 3191236
3149599 3191237
3149600 3191234
3149599 3191233
3149600 3191234
3149599 3191232
3149599 3191233
3149599 3191233
3149599 3191231
3149599 3191232
3149599 3191233
3149598 3191231
3149599 3191232
3149599 3191232
3149599 3191231
3149599 3191232
3149600 3191231
3149599 3191231
3149598 3191233
3149599 3191235
3149598 3191236
3149599 3191234
3149600 3191235
3149600 3191235
3149600 3191236
3149599 3191237
3149601 3191237
3149601 3191240
3149600 3191239
3149601 3191240
3149601 3191240
3149600 3191240
3149600 3191242
3149601 3191240
3149602 3191243
3149601 3191245
3149601 3191244
3149600 3191244
3149602 3191245
3149601 3191246
3149601 3191248
3149602 3191249
3149602 3191249
3149602 3191249
3149603 3191251
3149602 3191253
3149602 3191253
3149603 3191255
3149603 3191255
3149604 3191256
3149603 3191256
3149603 3191255
3149603 3191256
3149602 3191255
3149603 3191256
3149603 3191259
3149604 3191260
3149604 3191261
3149604 3191262
3149604 3191261
3149605 3191262
3149603 3191263
3149604 3191264
3149605 3191266
3149605 3191266
3149604 3191268
3149605 3191266
3149605 3191267
3149604 3191269
3149604 3191270
3149604 3191270
3149605 3191271
3149605 3191273
3149605 3191273
3149606 3191274
3149606 3191275
3149605 3191275
3149607 3191277
3149607 3191277
3149606 3191277
3149606 3191276
3149606 3191274
3149605 3191272
3149605 3191269
3149604 3191265
3149604 3191263
3149603 3191260
3149601 3191255
3149601 3191254
3149602 3191252
3149601 3191248
3149601 3191247
3149601 3191245
3149601 3191243
3149601 3191244
3149601 3191242
3149600 3191242
3149602 3191241
3149601 3191242
3149600 3191243
3149600 3191243
3149602 3191242
3149601 3191244
3149600 3191245
3149601 3191247
3149601 3191247
3149602 3191247
3149602 3191249
3149601 3191249
3149602 3191249
3149602 3191248
3149602 3191247
3149602 3191247
3149601 3191247
3149602 3191246
3149602 3191244
3149601 3191244
3149601 3191243
3149601 3191243
3149600 3191243
3149601 3191242
3149600 3191241
3149601 3191240
3149601 3191240
3149601 3191241
3149601 3191240
3149601 3191241
3149601 3191241
3149601 3191240
3149602 3191241
3149601 3191243
3149601 3191243
3149600 3191244
3149602 3191246
3149602 3191246
3149603 3191246
3149601 3191247
3149602 3191247
3149602 3191247
3149602 3191248
3149603 3191248
3149602 3191250
3149602 3191250
3149604 3191250
3149603 3191251
3149602 3191252
3149603 3191252
3149604 3191252
3149603 3191253
3149603 3191255
3149604 3191255
3149603 3191255
3149603 3191254
3149604 3191253
3149604 3191253
3149604 3191253
3149604 3191253
3149603 3191254
3149604 3191256
3149603 3191259
3149604 3191258
3149605 3191258
3149604 3191257
3149604 3191257
3149605 3191257
3149604 3191259
3149604 3191260
3149604 3191260
3149605 3191262
3149604 3191264
3149606 3191262
3149604 3191264
3149605 3191264
3149607 3191266
3149606 3191267
3149606 3191269
3149605 3191268
3149606 3191271
3149606 3191273
3149605 3191270
3149606 3191269
3149606 3191270
3149606 3191267
3149605 3191265
3149605 3191261
3149604 3191259
3149605 3191255
3149603 3191252
3149602 3191248
3149601 3191244
3149602 3191243
3149601 3191239
3149601 3191238
3149602 3191238
3149602 3191238
3149601 3191236
3149601 3191233
3149601 3191233
3149600 3191233
3149601 3191233
3149600 3191232
3149601 3191232
3149601 3191233
3149600 3191234
3149600 3191234
3149601 3191236
3149602 3191235
3149602 3191237
3149601 3191237
3149599 3191237
3149601 3191237
3149601 3191237
3149600 3191238
3149601 3191236
3149601 3191236
3149601 3191234
3149601 3191233
3149601 3191233
3149601 3191233
3149600 3191231
3149602 3191232
3149601 3191232
3149601 3191231
3149601 3191230
3149602 3191230
3149602 3191230
3149601 3191231
3149601 3191231
3149601 3191233
3149602 3191231
3149600 3191231
3149601 3191231
3149601 3191232
3149602 3191234
3149602 3191234
3149602 3191235
3149602 3191236
3149602 3191235
3149601 3191236
3149604 3191237
3149603 3191236
3149603 3191238
3149602 3191240
3149602 3191241
3149603 3191240
3149602 3191241
3149603 3191239
3149603 3191242
3149604 3191242
3149602 3191244
3149604 3191243
3149603 3191244
3149604 3191246
3149604 3191246
3149604 3191246
3149604 3191246
3149604 3191247
3149604 3191248
3149605 3191249
3149605 3191249
3149605 3191250
3149604 3191250
3149605 3191251
3149604 3191250
3149605 3191251
3149606 3191251
3149605 3191251
3149604 3191251
3149605 3191254
3149605 3191253
3149605 3191253
3149605 3191253
3149605 3191254
3149605 3191253
3149606 3191255
3149605 3191256
3149605 3191257
3149605 3191258
3149606 3191259
3149606 3191260
3149606 3191260
3149607 3191262
3149606 3191262
3149607 3191263
3149606 3191264
3149607 3191265
3149606 3191266
3149607 3191263
3149607 3191260
3149607 3191258
3149605 3191256
3149604 3191253
3149604 3191250
3149604 3191245
3149604 3191241
3149602 3191235
3149602 3191234
3149602 3191232
3149601 3191230
3149602 3191228
3149600 3191226
3149600 3191226
3149600 3191224
3149599 3191221
3149601 3191221
3149599 3191221
3149600 3191219
3149600 3191220
3149599 3191218
3149600 3191218
3149600 3191218
3149600 3191218
3149600 3191218
3149599 3191218
3149600 3191217
3149600 3191217
3149600 3191217
3149600 3191218
3149600 3191215
3149599 3191216
3149600 3191216
3149600 3191215
3149601 3191214
3149600 3191214
3149600 3191213
3149599 3191215
3149600 3191213
3149599 3191212
3149599 3191212
3149599 3191210
3149600 3191210
3149598 3191210
3149600 3191210
3149599 3191211
3149600 3191209
3149600 3191210
3149599 3191211
3149600 3191211
3149601 3191211
3149600 3191211
3149599 3191212
3149599 3191212
3149599 3191212
3149600 3191214
3149600 3191215
3149601 3191213
3149600 3191214
3149601 3191215
3149601 3191214
3149600 3191215
3149602 3191217
3149601 3191216
3149601 3191216
3149602 3191217
3149602 3191219
3149601 3191220
3149601 3191220
3149601 3191221
3149602 3191221
3149602 3191222
3149602 3191223
3149602 3191224
3149603 3191222
3149602 3191225
3149602 3191224
3149602 3191225
3149603 3191225
3149602 3191225
3149602 3191226
3149603 3191228
3149602 3191227
3149604 3191229
3149603 3191230
3149603 3191230
3149603 3191232
3149604 3191233
3149604 3191234
3149605 3191234
3149604 3191234
3149605 3191234
3149605 3191236
3149604 3191236
3149604 3191236
3149605 3191236
3149606 3191238
3149603 3191237
3149605 3191238
3149605 3191239
3149605 3191241
3149605 3191242
3149606 3191242
3149605 3191243
3149606 3191244
3149605 3191245
3149605 3191245
3149605 3191247
3149605 3191249
3149606 3191249
3149605 3191247
3149607 3191248
3149605 3191245
3149605 3191241
3149603 3191237
3149602 3191234
3149602 3191228
3149603 3191225
3149601 3191221
3149600 3191217
3149600 3191215
3149600 3191211
3149599 3191210
3149600 3191207
3149600 3191205
3149600 3191204
3149599 3191204
3149598 3191202
3149599 3191201
3149600 3191201
3149599 3191202
3149598 3191201
3149599 3191202
3149599 3191200
3149599 3191201
3149599 3191200
3149598 3191201
3149599 3191202
3149599 3191202
3149600 3191201
3149598 3191202
3149599 3191201
3149600 3191200
3149598 3191200
3149599 3191199
3149598 3191198
3149599 3191198
3149598 3191197
3149598 3191197
3149600 3191196
3149598 3191195
3149598 3191196
3149599 3191195
3149598 3191195
3149597 3191194
3149599 3191194
3149599 3191194
3149599 3191194
3149599 3191194
3149599 3191194
3149599 3191196
3149599 3191195
3149598 3191194
3149600 3191196
3149599 3191198
3149599 3191198
3149599 3191198
3149600 3191197
3149600 3191199
3149600 3191199
3149600 3191199
3149599 3191201
3149600 3191201
3149600 3191202
3149601 3191202
3149600 3191202
3149600 3191203
3149601 3191203
3149601 3191204
3149600 3191204
3149601 3191204
3149601 3191205
3149602 3191206
3149602 3191206
3149601 3191206
3149600 3191207
3149601 3191208
3149602 3191208
3149602 3191208
3149601 3191210
3149602 3191210
3149601 3191210
3149602 3191211
3149602 3191213
3149603 3191212
3149602 3191214
3149602 3191213
3149601 3191213
3149604 3191216
3149602 3191216
3149602 3191216
3149602 3191217
3149603 3191218
3149602 3191219
3149603 3191218
3149604 3191221
3149603 3191221
3149603 3191222
3149604 3191222
3149603 3191223
3149604 3191225
3149606 3191225
3149604 3191225
3149604 3191227
3149604 3191229
3149605 3191230
3149606 3191229
3149603 3191231
3149605 3191229
3149605 3191229
3149606 3191229
3149604 3191225
3149603 3191220
3149603 3191218
3149602 3191214
3149600 3191211
3149600 3191207
3149601 3191202
3149599 3191200
3149599 3191199
3149600 3191197
3149600 3191195
3149599 3191196
3149599 3191193
3149598 3191194
3149599 3191191
3149599 3191191
3149599 3191193
3149599 3191191
3149599 3191193
3149599 3191192
3149599 3191194
3149599 3191193
3149599 3191195
3149598 3191194
3149599 3191196
3149599 3191198
3149600 3191196
3149599 3191197
3149599 3191195
3149599 3191196
3149600 3191195
3149599 3191195
3149599 3191194
3149600 3191194
3149599 3191193
3149599 3191192
3149600 3191190
3149598 3191189
3149599 3191191
3149598 3191190
3149597 3191191
3149599 3191189
3149600 3191189
3149598 3191188
3149599 3191191
3149599 3191190
3149599 3191191
3149598 3191191
3149598 3191190
3149599 3191194
3149599 3191194
3149599 3191195
3149601 3191195
3149601 3191194
3149599 3191197
3149599 3191198
3149600 3191197
3149600 3191200
3149602 3191199
3149600 3191202
3149601 3191201
3149601 3191201
3149600 3191202
3149601 3191204
3149601 3191204
3149601 3191205
3149602 3191204
3149602 3191205
3149601 3191206
3149601 3191206
3149600 3191209
3149600 3191208
3149602 3191208
3149601 3191208
3149602 3191210
3149603 3191209
3149602 3191211
3149602 3191211
3149602 3191211
3149601 3191213
3149602 3191212
3149602 3191212
3149603 3191214
3149603 3191215
3149602 3191215
3149603 3191216
3149603 3191215
3149602 3191218
3149603 3191215
3149603 3191219
3149604 3191218
3149604 3191220
3149604 3191221
3149603 3191222
3149603 3191221
3149605 3191224
3149604 3191223
3149603 3191222
3149604 3191219
3149603 3191220
3149603 3191216
3149602 3191212
3149601 3191208
3149602 3191205
3149601 3191202
3149600 3191198
3149599 3191196
3149600 3191194
3149598 3191192
3149598 3191188
3149598 3191186
3149599 3191188
3149597 3191186
3149598 3191185
3149598 3191185
3149597 3191184
3149598 3191182
3149598 3191181
3149598 3191182
3149598 3191183
3149598 3191184
3149597 3191185
3149598 3191187
3149598 3191188
3149598 3191186
3149598 3191187
3149598 3191188
3149599 3191188
3149599 3191187
3149599 3191186
3149598 3191185
3149599 3191185
3149599 3191184
3149599 3191184
3149599 3191182
3149599 3191183
3149599 3191182
3149598 3191181
3149598 3191181
3149599 3191182
3149597 3191181
3149599 3191181
3149597 3191181
3149599 3191182
3149598 3191181
3149598 3191181
3149598 3191180
3149598 3191181
3149597 3191184
3149599 3191182
3149599 3191185
3149598 3191184
3149599 3191186
3149599 3191187
3149599 3191187
3149599 3191188
3149600 3191190
3149599 3191190
3149599 3191192
3149599 3191192
3149600 3191191
3149600 3191193
3149600 3191193
3149601 3191194
3149599 3191196
3149599 3191197
3149600 3191195
3149601 3191196
3149600 3191198
3149601 3191200
3149600 3191199
3149601 3191202
3149601 3191201
3149601 3191202
3149601 3191203
3149602 3191204
3149602 3191204
3149602 3191204
3149601 3191207
3149602 3191208
3149603 3191209
3149602 3191210
3149602 3191212
3149603 3191212
3149604 3191213
3149603 3191213
3149603 3191214
3149604 3191216
3149603 3191216
3149603 3191218
3149604 3191217
3149604 3191220
3149604 3191219
3149603 3191219
3149603 3191222
3149604 3191221
3149604 3191224
3149604 3191223
3149604 3191225
3149604 3191225
3149604 3191227
3149605 3191228
3149604 3191229
3149604 3191225
3149603 3191224
3149605 3191221
3149603 3191217
3149602 3191213
3149602 3191209
3149601 3191204
3149600 3191201
3149599 3191198
3149600 3191192
3149600 3191190
3149599 3191188
3149599 3191185
3149598 3191182
3149599 3191181
3149597 3191181
3149596 3191181
3149598 3191177
3149598 3191178
3149597 3191176
3149597 3191176
3149597 3191175
3149598 3191175
3149596 3191176
3149598 3191175
3149598 3191175
3149597 3191177
3149597 3191176
3149597 3191178
3149597 3191177
3149597 3191178
3149597 3191174
3149597 3191173
3149599 3191173
3149597 3191174
3149597 3191173
3149597 3191172
3149597 3191171
3149597 3191170
3149596 3191169
3149597 3191167
3149598 3191166
3149597 3191164
3149597 3191166
3149597 3191165
3149596 3191165
3149596 3191165
3149597 3191163
3149597 3191164
3149596 3191163
3149597 3191163
3149596 3191165
3149597 3191165
3149598 3191165
3149598 3191166
3149598 3191165
3149597 3191165
3149597 3191166
3149598 3191167
3149599 3191168
3149598 3191169
3149598 3191169
3149598 3191169
3149599 3191171
3149598 3191170
3149598 3191172
3149599 3191174
3149598 3191173
3149599 3191173
3149599 3191175
3149599 3191174
3149599 3191175
3149599 3191177
3149599 3191175
3149599 3191178
3149599 3191177
3149599 3191178
3149600 3191178
3149600 3191177
3149599 3191177
3149599 3191179
3149600 3191179
3149600 3191179
3149599 3191180
3149601 3191181
3149600 3191181
3149600 3191181
3149600 3191181
3149600 3191180
3149600 3191182
3149601 3191182
3149600 3191182
3149600 3191183
3149602 3191184
3149601 3191183
3149602 3191183
3149601 3191184
3149600 3191186
3149601 3191186
3149601 3191187
3149602 3191188
3149601 3191189
3149601 3191190
3149601 3191190
3149603 3191193
3149602 3191192
3149603 3191194
3149602 3191195
3149602 3191196
3149601 3191196
3149603 3191198
3149602 3191199
3149603 3191200
3149603 3191197
3149602 3191195
3149602 3191191
3149601 3191187
3149599 3191184
3149599 3191180
3149599 3191175
3149599 3191171
3149598 3191169
3149597 3191166
3149597 3191163
3149596 3191161
3149596 3191159
3149596 3191157
3149594 3191154
3149595 3191154
3149595 3191153
3149596 3191151
3149595 3191150
3149595 3191148
3149595 3191148
3149595 3191147
3149595 3191146
3149595 3191146
3149594 3191148
3149596 3191148
3149596 3191146
3149596 3191147
3149595 3191146
3149595 3191146
3149595 3191146
3149595 3191145
3149594 3191145
3149596 3191144
3149595 3191144
3149595 3191144
3149596 3191142
3149595 3191140
3149595 3191139
3149595 3191138
3149595 3191138
3149595 3191136
3149595 3191135
3149593 3191135
3149595 3191135
3149595 3191134
3149593 3191134
3149594 3191133
3149595 3191132
3149595 3191133
3149593 3191134
3149595 3191134
3149594 3191135
3149595 3191136
3149594 3191136
3149594 3191137
3149594 3191137
3149595 3191138
3149596 3191137
3149595 3191140
3149596 3191140
3149596 3191140
3149597 3191140
3149595 3191141
3149596 3191142
3149595 3191142
3149597 3191144
3149596 3191144
3149596 3191144
3149596 3191143
3149596 3191145
3149597 3191147
3149597 3191146
3149597 3191146
3149596 3191149
3149597 3191150
3149596 3191149
3149598 3191150
3149597 3191150
3149598 3191152
3149597 3191154
3149596 3191154
3149597 3191153
3149598 3191154
3149597 3191155
3149598 3191153
3149597 3191155
3149599 3191156
3149597 3191158
3149598 3191158
3149600 3191158
3149598 3191158
3149599 3191159
3149598 3191159
3149599 3191160
3149598 3191160
3149599 3191163
3149599 3191163
3149598 3191162
3149600 3191164
3149600 3191164
3149599 3191164
3149600 3191165
3149600 3191166
3149600 3191167
3149600 3191168
3149600 3191169
3149600 3191169
3149600 3191169
3149600 3191166
3149600 3191166
3149600 3191164
3149597 3191161
3149598 3191157
3149597 3191152
3149598 3191149
3149596 3191146
3149595 3191143
3149595 3191141
3149595 3191137
3149595 3191135
3149594 3191133
3149595 3191131
3149594 3191130
3149595 3191132
3149595 3191130
3149594 3191129
3149594 3191130
3149594 3191130
3149594 3191131
3149593 3191131
3149595 3191132
3149595 3191134
3149596 3191134
3149595 3191133
3149596 3191135
3149595 3191133
3149594 3191133
3149594 3191134
3149595 3191134
3149595 3191133
3149595 3191132
3149595 3191133
3149594 3191131
3149595 3191131
3149595 3191131
3149595 3191132
3149595 3191129
3149594 3191131
3149594 3191128
3149594 3191128
3149595 3191129
3149594 3191128
3149594 3191127
3149595 3191127
3149594 3191127
3149595 3191127
3149594 3191128
3149595 3191128
3149594 3191129
3149595 3191130
3149595 3191129
3149594 3191131
3149594 3191133
3149594 3191132
3149595 3191133
3149595 3191135
3149595 3191134
3149596 3191135
3149595 3191135
3149595 3191136
3149597 3191135
3149595 3191136
3149596 3191136
3149595 3191138
3149596 3191137
3149596 3191139
3149597 3191138
3149597 3191138
3149597 3191140
3149596 3191140
3149597 3191139
3149597 3191141
3149597 3191140
3149598 3191141
3149596 3191143
3149597 3191144
3149598 3191145
3149598 3191143
3149599 3191144
3149597 3191146
3149599 3191147
3149597 3191146
3149597 3191148
3149599 3191149
3149598 3191150
3149599 3191150
3149598 3191150
3149599 3191151
3149598 3191154
3149599 3191153
3149600 3191155
3149599 3191156
3149599 3191158
3149599 3191159
3149599 3191158
3149599 3191158
3149600 3191159
3149600 3191159
3149599 3191156
3149599 3191156
3149600 3191154
3149598 3191149
3149597 3191146
3149597 3191144
3149596 3191140
3149595 3191136
3149594 3191132
3149595 3191130
3149596 3191126
3149595 3191122
3149594 3191122
3149592 3191121
3149592 3191120
3149593 3191117
3149593 3191117
3149592 3191115
3149592 3191114
3149593 3191114
3149593 3191113
3149593 3191112
3149593 3191114
3149593 3191113
3149592 3191113
3149593 3191114
3149593 3191113
3149593 3191112
3149593 3191113
3149594 3191112
3149592 3191113
3149592 3191111
3149594 3191111
3149594 3191110
3149593 3191111
3149593 3191111
3149592 3191109
3149592 3191109
3149591 3191108
3149591 3191107
3149592 3191105
3149591 3191106
3149592 3191108
3149592 3191107
3149592 3191108
3149592 3191106
3149593 3191105
3149593 3191108
3149592 3191108
3149592 3191107
3149592 3191109
3149593 3191109
3149593 3191110
3149592 3191109
3149593 3191111
3149592 3191112
3149593 3191113
3149594 3191113
3149592 3191114
3149594 3191116
3149594 3191115
3149593 3191116
3149594 3191118
3149594 3191116
3149593 3191119
3149595 3191119
3149594 3191120
3149595 3191120
3149594 3191122
3149595 3191122
3149595 3191123
3149594 3191124
3149596 3191124
3149595 3191126
3149596 3191125
3149596 3191128
3149596 3191127
3149596 3191130
3149596 3191131
3149596 3191131
3149596 3191132
3149596 3191133
3149596 3191134
3149596 3191134
3149597 3191136
3149597 3191135
3149597 3191136
3149597 3191138
3149597 3191138
3149597 3191141
3149598 3191141
3149597 3191140
3149598 3191141
3149598 3191141
3149598 3191143
3149597 3191145
3149597 3191145
3149598 3191146
3149599 3191147
3149598 3191148
3149598 3191150
3149598 3191150
3149598 3191152
3149598 3191154
3149598 3191154
3149599 3191155
3149599 3191157
3149600 3191158
3149600 3191159
3149599 3191159
3149599 3191157
3149598 3191157
3149599 3191153
3149598 3191148
3149596 3191143
3149596 3191139
3149595 3191136
3149595 3191132
3149594 3191131
3149594 3191127
3149593 3191126
3149593 3191121
3149593 3191121
3149593 3191122
3149593 3191119
3149592 3191116
3149592 3191115
3149591 3191116
3149593 3191112
3149591 3191112
3149592 3191112
3149591 3191111
3149592 3191110
3149591 3191110
3149592 3191111
3149592 3191112
3149592 3191111
3149593 3191113
3149592 3191112
3149593 3191111
3149591 3191112
3149591 3191110
3149591 3191110
3149593 3191109
3149592 3191110
3149593 3191111
3149591 3191108
3149592 3191108
3149591 3191107
3149592 3191105
3149591 3191106
3149592 3191105
3149592 3191103
3149592 3191103
3149591 3191103
3149591 3191102
3149591 3191103
3149591 3191104
3149591 3191104
3149592 3191104
3149592 3191106
3149592 3191106
3149591 3191106
3149591 3191108
3149591 3191108
3149591 3191107
3149593 3191109
3149592 3191108
3149593 3191111
3149593 3191110
3149592 3191113
3149592 3191113
3149593 3191112
3149593 3191113
3149593 3191114
3149593 3191113
3149594 3191116
3149594 3191120
3149594 3191120
3149594 3191120
3149593 3191121
3149594 3191121
3149594 3191122
3149595 3191121
3149595 3191123
3149595 3191123
3149595 3191125
3149595 3191125
3149594 3191127
3149595 3191125
3149595 3191129
3149596 3191128
3149595 3191129
3149594 3191130
3149596 3191130
3149595 3191131
3149595 3191133
3149596 3191133
3149596 3191133
3149596 3191134
3149596 3191136
3149596 3191135
3149597 3191137
3149596 3191139
3149596 3191139
3149596 3191140
3149596 3191141
3149597 3191142
3149596 3191143
3149598 3191144
3149597 3191144
3149598 3191146
3149598 3191149
3149598 3191148
3149599 3191147
3149598 3191149
3149599 3191152
3149598 3191154
3149599 3191155
3149599 3191154
3149598 3191156
3149599 3191155
3149600 3191158
3149599 3191159
3149599 3191160
3149600 3191160
3149600 3191161
3149599 3191159
3149598 3191158
3149600 3191154
3149599 3191150
3149598 3191147
3149596 3191143
3149595 3191139
3149597 3191135
3149595 3191131
3149594 3191130
3149593 3191127
3149593 3191125
3149593 3191123
3149593 3191120
3149592 3191121
3149593 3191119
3149592 3191118
3149592 3191117
3149592 3191116
3149591 3191116
3149592 3191114
3149593 3191116
3149593 3191115
3149592 3191116
3149592 3191114
3149591 3191115
3149593 3191116
3149592 3191115
3149592 3191114
3149593 3191114
3149592 3191115
3149593 3191114
3149592 3191114
3149592 3191115
3149594 3191114
3149591 3191113
3149592 3191114
3149591 3191113
3149592 3191112
3149592 3191112
3149592 3191113
3149592 3191111
3149591 3191112
3149591 3191111
3149591 3191109
3149592 3191110
3149591 3191111
3149592 3191110
3149592 3191112
3149592 3191111
3149591 3191111
3149592 3191113
3149592 3191112
3149591 3191114
3149592 3191114
3149593 3191116
3149592 3191117
3149593 3191118
3149594 3191119
3149593 3191120
3149593 3191119
3149593 3191122
3149594 3191121
3149594 3191123
3149593 3191124
3149594 3191125
3149593 3191125
3149594 3191125
3149593 3191127
3149594 3191128
3149594 3191128
3149594 3191129
3149595 3191132
3149595 3191131
3149595 3191131
3149595 3191133
3149595 3191132
3149595 3191133
3149595 3191133
3149596 3191136
3149595 3191137
3149596 3191137
3149595 3191138
3149595 3191139
3149597 3191139
3149595 3191142
3149597 3191141
3149596 3191143
3149596 3191145
3149597 3191145
3149597 3191146
3149597 3191146
3149597 3191147
3149597 3191149
3149597 3191151
3149598 3191152
3149597 3191155
3149598 3191155
3149598 3191157
3149599 3191158
3149599 3191158
3149598 3191159
3149598 3191160
3149599 3191161
3149598 3191163
3149599 3191164
3149599 3191164
3149598 3191164
3149600 3191166
3149599 3191167
3149600 3191167
3149600 3191170
3149600 3191172
3149599 3191173
3149600 3191171
3149601 3191175
3149602 3191174
3149601 3191176
3149601 3191176
3149601 3191176
3149599 3191173
3149600 3191170
3149599 3191166
3149598 3191165
3149597 3191159
3149597 3191157
3149596 3191152
3149595 3191149
3149595 3191146
3149595 3191143
3149595 3191141
3149594 3191140
3149595 3191138
3149594 3191137
3149594 3191136
3149593 3191137
3149594 3191136
3149594 3191136
3149594 3191136
3149594 3191135
3149594 3191133
3149593 3191133
3149593 3191133
3149594 3191135
3149594 3191136
3149593 3191136
3149595 3191135
3149595 3191135
3149594 3191136
3149594 3191136
3149593 3191137
3149594 3191136
3149594 3191135
3149594 3191136
3149593 3191134
3149592 3191135
3149594 3191135
3149593 3191133
3149595 3191130
3149594 3191133
3149593 3191133
3149594 3191132
3149595 3191131
3149593 3191130
3149592 3191130
3149593 3191129
3149594 3191129
3149593 3191129
3149593 3191131
3149593 3191130
3149593 3191130
3149593 3191129
3149594 3191130
3149593 3191131
3149593 3191132
3149593 3191131
3149595 3191133
3149593 3191134
3149594 3191133
3149595 3191132
3149594 3191137
3149595 3191134
3149595 3191138
3149595 3191137
3149595 3191139
3149595 3191139
3149595 3191139
3149596 3191139
3149596 3191141
3149596 3191142
3149596 3191142
3149595 3191143
3149596 3191144
3149597 3191143
3149597 3191147
3149597 3191144
3149597 3191148
3149597 3191146
3149598 3191147
3149596 3191148
3149597 3191148
3149598 3191149
3149597 3191148
3149597 3191150
3149597 3191151
3149598 3191152
3149598 3191151
3149597 3191152
3149596 3191153
3149598 3191154
3149597 3191155
3149597 3191156
3149598 3191157
3149598 3191157
3149598 3191158
3149599 3191158
3149598 3191160
3149599 3191162
3149598 3191160
3149599 3191162
3149600 3191164
3149599 3191164
3149599 3191165
3149599 3191166
3149598 3191166
3149600 3191167
3149599 3191169
3149600 3191170
3149601 3191168
3149600 3191170
3149600 3191172
3149601 3191172
3149599 3191174
3149601 3191175
3149601 3191176
3149601 3191177
3149600 3191177
3149600 3191172
3149599 3191173
3149600 3191169
3149600 3191167
3149598 3191163
3149597 3191160
3149597 3191157
3149596 3191151
3149596 3191149
3149595 3191145
3149594 3191143
3149596 3191139
3149596 3191139
3149594 3191139
3149594 3191137
3149594 3191136
3149595 3191135
3149594 3191135
3149594 3191132
3149594 3191132
3149594 3191134
3149593 3191134
3149593 3191134
3149594 3191134
3149594 3191134
3149595 3191135
3149595 3191135
3149595 3191137
3149595 3191137
3149595 3191135
3149595 3191134
3149595 3191134
3149595 3191134
3149595 3191132
3149594 3191132
3149595 3191133
3149595 3191133
3149595 3191131
3149595 3191129
3149594 3191129
3149594 3191130
3149594 3191129
3149594 3191128
3149594 3191127
3149594 3191127
3149594 3191128
3149593 3191129
3149592 3191127
3149594 3191129
3149595 3191129
3149594 3191128
3149594 3191128
3149594 3191130
3149593 3191131
3149594 3191130
3149595 3191132
3149594 3191132
3149595 3191132
3149595 3191135
3149596 3191133
3149596 3191135
3149596 3191134
3149594 3191135
3149596 3191135
3149595 3191138
3149596 3191137
3149596 3191137
3149595 3191138
3149596 3191140
3149597 3191140
3149596 3191140
3149595 3191141
3149596 3191141
3149596 3191140
3149596 3191142
3149597 3191142
3149596 3191143
3149595 3191145
3149596 3191144
3149597 3191143
3149596 3191146
3149597 3191147
3149598 3191146
3149598 3191147
3149597 3191149
3149598 3191149
3149597 3191149
3149597 3191152
3149598 3191152
3149596 3191156
3149599 3191153
3149598 3191154
3149598 3191157
3149598 3191157
3149599 3191159
3149598 3191158
3149599 3191158
3149599 3191159
3149599 3191161
3149600 3191160
3149599 3191161
3149600 3191162
3149600 3191164
3149600 3191165
3149600 3191165
3149599 3191166
3149600 3191168
3149600 3191169
3149601 3191169
3149600 3191170
3149600 3191170
3149600 3191173
3149601 3191173
3149601 3191173
3149601 3191175
3149601 3191175
3149599 3191174
3149601 3191172
3149600 3191170
3149599 3191166
3149598 3191162
3149598 3191158
3149597 3191155
3149597 3191152
3149596 3191150
3149596 3191146
3149596 3191145
3149594 3191142
3149595 3191140
3149595 3191139
3149595 3191136
3149595 3191137
3149594 3191134
3149593 3191135
3149594 3191132
3149594 3191133
3149595 3191133
3149595 3191132
3149595 3191131
3149594 3191133
3149594 3191133
3149594 3191134
3149594 3191134
3149595 3191135
3149595 3191135
3149595 3191134
3149594 3191134
3149594 3191133
3149595 3191131
3149595 3191131
3149594 3191131
3149593 3191129
3149594 3191131
3149594 3191127
3149595 3191128
3149594 3191127
3149593 3191125
3149593 3191126
3149594 3191126
3149594 3191125
3149594 3191124
3149593 3191124
3149594 3191122
3149594 3191124
3149593 3191123
3149593 3191122
3149594 3191124
3149594 3191124
3149595 3191123
3149593 3191124
3149593 3191125
3149594 3191125
3149593 3191126
3149595 3191124
3149593 3191126
3149592 3191125
3149594 3191127
3149595 3191128
3149594 3191129
3149595 3191129
3149595 3191130
3149595 3191131
3149595 3191129
3149596 3191130
3149594 3191132
3149595 3191131
3149596 3191133
3149595 3191133
3149595 3191133
3149595 3191133
3149596 3191134
3149596 3191133
3149596 3191135
3149595 3191134
3149597 3191134
3149596 3191135
3149596 3191137
3149597 3191135
3149596 3191138
3149596 3191137
3149597 3191138
3149597 3191140
3149596 3191139
3149597 3191140
3149597 3191142
3149598 3191140
3149597 3191142
3149596 3191143
3149597 3191146
3149596 3191144
3149597 3191145
3149598 3191145
3149598 3191146
3149599 3191147
3149598 3191148
3149598 3191148
3149599 3191149
3149599 3191150
3149599 3191151
3149599 3191150
3149599 3191151
3149598 3191153
3149600 3191154
3149599 3191156
3149599 3191157
3149599 3191156
3149599 3191158
3149599 3191158
3149599 3191160
3149600 3191160
3149599 3191161
3149600 3191161
3149600 3191162
3149600 3191160
3149599 3191157
3149599 3191155
3149599 3191151
3149596 3191148
3149597 3191141
3149596 3191137
3149595 3191134
3149595 3191130
3149595 3191126
3149594 3191124
3149595 3191122
3149594 3191119
3149593 3191120
3149592 3191118
3149592 3191117
3149592 3191114
3149591 3191112
3149593 3191112
3149592 3191111
3149591 3191111
3149592 3191109
3149592 3191108
3149592 3191111
3149592 3191110
3149592 3191110
3149593 3191111
3149592 3191110
3149593 3191110
3149591 3191111
3149592 3191110
3149592 3191111
3149592 3191110
3149592 3191110
3149592 3191108
3149592 3191108
3149592 3191107
3149591 3191107
3149592 3191104
3149591 3191105
3149591 3191104
3149592 3191102
3149591 3191101
3149591 3191101
3149592 3191101
3149591 3191100
3149590 3191100
3149591 3191101
3149592 3191100
3149591 3191102
3149592 3191100
3149592 3191101
3149591 3191102
3149592 3191104
3149592 3191103
3149591 3191104
3149591 3191104
3149591 3191105
3149592 3191105
3149592 3191106
3149591 3191106
3149591 3191108
3149591 3191108
3149592 3191107
3149592 3191108
3149592 3191107
3149593 3191110
3149592 3191110
3149592 3191113
3149592 3191113
3149593 3191112
3149592 3191113
3149594 3191113
3149594 3191114
3149593 3191114
3149592 3191115
3149594 3191115
3149594 3191115
3149593 3191115
3149592 3191116
3149594 3191116
3149594 3191119
3149595 3191119
3149594 3191121
3149594 3191120
3149594 3191119
3149595 3191121
3149595 3191124
3149594 3191121
3149595 3191124
3149595 3191123
3149595 3191124
3149595 3191124
3149595 3191125
3149596 3191127
3149595 3191126
3149594 3191126
3149596 3191127
3149595 3191127
3149596 3191128
3149596 3191128
3149595 3191131
3149596 3191131
3149596 3191131
3149595 3191133
3149597 3191133
3149597 3191134
3149596 3191134
3149596 3191134
3149596 3191135
3149597 3191136
3149597 3191135
3149597 3191135
3149595 3191133
3149596 3191129
3149595 3191128
3149595 3191123
3149594 3191119
3149593 3191116
3149592 3191112
3149590 3191104
3149591 3191102
3149591 3191099
3149590 3191097
3149589 3191095
3149590 3191093
3149590 3191090
3149590 3191087
3149589 3191087
3149589 3191086
3149588 3191086
3149589 3191084
3149589 3191083
3149588 3191082
3149588 3191083
3149588 3191082
3149587 3191081
3149588 3191082
3149588 3191080
3149589 3191081
3149587 3191081
3149589 3191080
3149588 3191080
3149589 3191079
3149588 3191081
3149588 3191078
3149590 3191076
3149589 3191077
3149588 3191076
3149588 3191075
3149588 3191073
3149587 3191073
3149588 3191071
3149587 3191070
3149587 3191070
3149588 3191069
3149588 3191065
3149587 3191066
3149587 3191065
3149586 3191063
3149586 3191062
3149587 3191062
3149588 3191062
3149587 3191062
3149586 3191064
3149588 3191064
3149587 3191063
3149587 3191061
3149588 3191063
3149588 3191061
3149587 3191064
3149587 3191063
3149587 3191064
3149589 3191065
3149588 3191065
3149589 3191067
3149588 3191067
3149588 3191068
3149587 3191068
3149589 3191068
3149589 3191069
3149589 3191070
3149588 3191072
3149588 3191072
3149588 3191071
3149589 3191073
3149589 3191073
3149589 3191072
3149588 3191073
3149589 3191074
3149590 3191076
3149590 3191076
3149588 3191077
3149590 3191076
3149589 3191076
3149590 3191075
3149590 3191078
3149590 3191078
3149590 3191078
3149589 3191079
3149590 3191079
3149590 3191079
3149590 3191079
3149590 3191079
3149590 3191079
3149592 3191078
3149590 3191078
3149590 3191080
3149590 3191082
3149590 3191084
3149590 3191084
3149592 3191084
3149591 3191085
3149591 3191085
3149590 3191086
3149591 3191086
3149591 3191086
3149593 3191087
3149593 3191087
3149591 3191087
3149591 3191089
3149591 3191087
3149592 3191090
3149592 3191092
3149592 3191090
3149591 3191093
3149592 3191091
3149591 3191089
3149592 3191086
3149591 3191086
3149590 3191084
3149589 3191077
3149589 3191074
3149589 3191070
3149588 3191066
3149588 3191063
3149586 3191060
3149586 3191057
3149587 3191054
3149586 3191053
3149585 3191051
3149586 3191049
3149585 3191048
3149585 3191046
3149584 3191045
3149585 3191044
3149585 3191043
3149584 3191043
3149584 3191044
3149584 3191043
3149585 3191042
3149584 3191045
3149585 3191044
3149583 3191045
3149586 3191044
3149585 3191045
3149586 3191044
3149585 3191044
3149585 3191043
3149585 3191041
3149585 3191041
3149584 3191042
3149584 3191040
3149584 3191041
3149583 3191039
3149585 3191039
3149584 3191040
3149584 3191041
3149583 3191040
3149584 3191038
3149584 3191038
3149584 3191038
3149584 3191037
3149584 3191035
3149584 3191037
3149583 3191037
3149584 3191037
3149584 3191039
3149585 3191039
3149584 3191040
3149584 3191040
3149584 3191040
3149584 3191041
3149584 3191042
3149584 3191044
3149584 3191045
3149585 3191046
3149585 3191047
3149585 3191047
3149585 3191050
3149586 3191050
3149586 3191051
3149587 3191051
3149586 3191052
3149586 3191051
3149586 3191053
3149586 3191052
3149586 3191054
3149586 3191053
3149587 3191054
3149585 3191056
3149588 3191057
3149586 3191056
3149588 3191055
3149587 3191058
3149587 3191058
3149587 3191059
3149588 3191061
3149588 3191063
3149586 3191063
3149586 3191063
3149588 3191064
3149589 3191066
3149588 3191065
3149587 3191065
3149588 3191067
3149588 3191069
3149588 3191069
3149588 3191071
3149588 3191073
3149589 3191074
3149589 3191074
3149589 3191075
3149590 3191077
3149589 3191077
3149589 3191078
3149590 3191082
3149590 3191081
3149589 3191083
3149590 3191084
3149590 3191086
3149591 3191088
3149591 3191088
3149590 3191088
3149591 3191090
3149591 3191092
3149591 3191093
3149591 3191095
3149591 3191097
3149593 3191099
3149592 3191099
3149593 3191098
3149590 3191096
3149590 3191096
3149591 3191093
3149590 3191090
3149590 3191086
3149589 3191084
3149589 3191080
3149587 3191078
3149587 3191074
3149586 3191072
3149585 3191068
3149585 3191066
3149586 3191067
3149586 3191064
3149585 3191062
3149585 3191060
3149585 3191060
3149584 3191058
3149585 3191058
3149584 3191055
3149585 3191055
3149585 3191055
3149585 3191055
3149585 3191054
3149585 3191056
3149585 3191056
3149584 3191056
3149584 3191058
3149585 3191055
3149583 3191056
3149585 3191057
3149585 3191057
3149584 3191059
3149584 3191057
3149584 3191058
3149585 3191056
3149584 3191056
3149583 3191053
3149585 3191051
3149585 3191053
3149585 3191053
3149584 3191053
3149585 3191052
3149585 3191054
3149584 3191053
3149584 3191052
3149584 3191051
3149584 3191054
3149585 3191054
3149584 3191053
3149584 3191055
3149584 3191054
3149584 3191057
3149585 3191057
3149584 3191058
3149583 3191060
3149585 3191060
3149585 3191062
3149584 3191062
3149585 3191063
3149585 3191064
3149586 3191066
3149584 3191066
3149585 3191067
3149585 3191068
3149586 3191069
3149586 3191070
3149586 3191071
3149587 3191072
3149586 3191073
3149586 3191072
3149587 3191073
3149586 3191075
3149588 3191075
3149587 3191077
3149586 3191077
3149587 3191077
3149586 3191077
3149587 3191078
3149588 3191078
3149588 3191081
3149587 3191081
3149587 3191081
3149586 3191082
3149588 3191082
3149588 3191084
3149588 3191086
3149587 3191087
3149589 3191090
3149588 3191089
3149589 3191088
3149590 3191092
3149588 3191092
3149589 3191094
3149588 3191094
3149590 3191094
3149589 3191097
3149590 3191098
3149590 3191099
3149590 3191099
3149591 3191101
3149590 3191102
3149590 3191105
3149590 3191104
3149590 3191107
3149590 3191105
3149590 3191107
3149590 3191109
3149590 3191111
3149592 3191112
3149592 3191114
3149591 3191115
3149591 3191115
3149591 3191117
3149591 3191119
3149592 3191119
3149591 3191118
3149592 3191117
3149592 3191118
3149592 3191115
3149591 3191111
3149591 3191109
3149590 3191106
3149590 3191103
3149588 3191100
3149589 3191096
3149587 3191095
3149587 3191093
3149588 3191090
3149586 3191089
3149586 3191088
3149585 3191087
3149585 3191085
3149586 3191083
3149586 3191083
3149585 3191082
3149584 3191084
3149586 3191083
3149585 3191081
3149585 3191082
3149585 3191082
3149585 3191084
3149585 3191084
3149586 3191083
3149586 3191084
3149586 3191085
3149585 3191086
3149585 3191086
3149585 3191086
3149586 3191085
3149586 3191085
3149586 3191086
3149586 3191083
3149585 3191083
3149587 3191084
3149585 3191083
3149585 3191084
3149585 3191085
3149585 3191085
3149585 3191082
3149585 3191084
3149586 3191085
3149585 3191083
3149586 3191082
3149585 3191085
3149585 3191086
3149586 3191086
3149586 3191085
3149585 3191083
3149586 3191085
3149586 3191087
3149586 3191089
3149586 3191090
3149587 3191090
3149586 3191092
3149586 3191090
3149587 3191092
3149586 3191090
3149587 3191093
3149586 3191093
3149587 3191093
3149588 3191097
3149586 3191096
3149587 3191099
3149587 3191099
3149588 3191098
3149588 3191099
3149588 3191101
3149588 3191101
3149587 3191101
3149587 3191103
3149588 3191103
3149589 3191105
3149589 3191105
3149588 3191106
3149589 3191106
3149588 3191106
3149589 3191107
3149588 3191106
3149588 3191109
3149589 3191109
3149589 3191110
3149589 3191111
3149590 3191114
3149590 3191113
3149590 3191115
3149590 3191116
3149589 3191117
3149589 3191117
3149591 3191117
3149590 3191118
3149590 3191120
3149590 3191123
3149590 3191124
3149590 3191124
3149591 3191126
3149592 3191126
3149591 3191129
3149591 3191128
3149591 3191131
3149591 3191131
3149592 3191132
3149591 3191132
3149593 3191134
3149592 3191134
3149592 3191134
3149592 3191137
3149591 3191140
3149592 3191140
3149593 3191140
3149593 3191141
3149593 3191143
3149593 3191145
3149592 3191142
3149593 3191141
3149592 3191140
3149592 3191137
3149592 3191133
3149591 3191129
3149591 3191128
3149589 3191125
3149588 3191122
3149589 3191117
3149588 3191116
3149589 3191114
3149589 3191113
3149587 3191111
3149588 3191111
3149586 3191109
3149586 3191108
3149586 3191105
3149587 3191106
3149586 3191104
3149588 3191104
3149585 3191104
3149587 3191104
3149586 3191104
3149587 3191104
3149587 3191105
3149586 3191105
3149587 3191105
3149588 3191105
3149587 3191107
3149587 3191105
3149586 3191104
3149587 3191106
3149587 3191107
3149588 3191104
3149586 3191105
3149586 3191105
3149587 3191105
3149587 3191104
3149586 3191103
3149587 3191103
3149587 3191106
3149587 3191105
3149586 3191105
3149586 3191104
3149587 3191106
3149587 3191106
3149587 3191107
3149587 3191105
3149587 3191107
3149585 3191107
3149586 3191108
3149587 3191111
3149587 3191110
3149588 3191112
3149588 3191112
3149588 3191114
3149587 3191113
3149587 3191116
3149589 3191119
3149587 3191119
3149589 3191120
3149589 3191120
3149588 3191121
3149589 3191122
3149588 3191124
3149589 3191124
3149589 3191126
3149588 3191126
3149588 3191128
3149590 3191128
3149590 3191129
3149590 3191129
3149590 3191130
3149589 3191132
3149589 3191134
3149590 3191135
3149590 3191135
3149590 3191136
3149591 3191137
3149590 3191139
3149591 3191139
3149590 3191141
3149591 3191141
3149591 3191145
3149591 3191144
3149592 3191146
3149592 3191146
3149591 3191145
3149591 3191147
3149593 3191149
3149591 3191150
3149591 3191151
3149592 3191151
3149592 3191153
3149594 3191152
3149593 3191155
3149592 3191155
3149592 3191157
3149593 3191159
3149594 3191159
3149594 3191161
3149594 3191163
3149595 3191162
3149595 3191166
3149593 3191166
3149594 3191166
3149594 3191167
3149596 3191168
3149594 3191169
3149595 3191169
3149594 3191170
3149595 3191172
3149595 3191173
3149595 3191174
3149596 3191176
3149595 3191178
3149593 3191177
3149595 3191178
3149596 3191176
3149595 3191174
3149593 3191172
3149594 3191168
3149593 3191165
3149592 3191161
3149592 3191160
3149592 3191158
3149591 3191153
3149591 3191152
3149590 3191151
3149590 3191147
3149590 3191147
3149590 3191145
3149589 3191145
3149589 3191143
3149589 3191143
3149589 3191143
3149589 3191141
3149589 3191140
3149588 3191141
3149590 3191142
3149590 3191140
3149589 3191140
3149589 3191141
3149588 3191143
3149589 3191142
3149590 3191144
3149590 3191141
3149590 3191142
3149588 3191142
3149590 3191141
3149589 3191141
3149590 3191139
3149589 3191141
3149589 3191141
3149589 3191139
3149588 3191138
3149589 3191138
3149589 3191136
3149589 3191137
3149589 3191138
3149588 3191138
3149589 3191137
3149589 3191137
3149588 3191137
3149589 3191137
3149588 3191136
3149590 3191138
3149589 3191137
3149589 3191138
3149590 3191140
3149589 3191141
3149590 3191141
3149590 3191141
3149590 3191142
3149589 3191142
3149590 3191141
3149590 3191142
3149589 3191143
3149590 3191145
3149589 3191146
3149590 3191147
3149591 3191146
3149590 3191149
3149592 3191150
3149590 3191149
3149591 3191151
3149592 3191152
3149592 3191150
3149592 3191152
3149592 3191153
3149591 3191154
3149592 3191155
3149592 3191155
3149591 3191155
3149591 3191155
3149591 3191156
3149592 3191154
3149591 3191158
3149592 3191157
3149591 3191159
3149592 3191160
3149592 3191162
3149592 3191161
3149593 3191161
3149592 3191161
3149593 3191161
3149593 3191163
3149594 3191165
3149594 3191166
3149593 3191168
3149593 3191167
3149594 3191167
3149594 3191168
3149593 3191170
3149594 3191172
3149594 3191172
3149593 3191173
3149594 3191172
3149594 3191175
3149594 3191176
3149594 3191177
3149596 3191176
3149595 3191177
3149596 3191177
3149595 3191178
3149595 3191180
3149595 3191179
3149595 3191183
3149595 3191183
3149595 3191183
3149595 3191185
3149596 3191185
3149596 3191185
3149595 3191187
3149595 3191183
3149596 3191182
3149594 3191182
3149595 3191178
3149594 3191174
3149593 3191170
3149593 3191167
3149593 3191165
3149592 3191163
3149592 3191160
3149592 3191158
3149591 3191153
3149591 3191152
3149590 3191150
3149590 3191150
3149589 3191148
3149590 3191146
3149589 3191145
3149589 3191145
3149589 3191142
3149589 3191141
3149589 3191140
3149588 3191138
3149590 3191138
3149588 3191138
3149589 3191138
3149589 3191138
3149588 3191139
3149589 3191139
3149589 3191138
3149590 3191140
3149590 3191138
3149588 3191136
3149590 3191138
3149589 3191137
3149589 3191139
3149588 3191137
3149589 3191134
3149589 3191135
3149588 3191132
3149588 3191131
3149589 3191132
3149587 3191130
3149588 3191130
3149588 3191131
3149588 3191131
3149589 3191129
3149588 3191130
3149589 3191130
3149588 3191130
3149589 3191130
3149589 3191132
3149589 3191130
3149588 3191133
3149588 3191132
3149589 3191133
3149588 3191133
3149589 3191134
3149590 3191134
3149589 3191136
3149589 3191136
3149589 3191136
3149590 3191138
3149590 3191137
3149589 3191139
3149589 3191138
3149590 3191139
3149590 3191140
3149590 3191139
3149590 3191141
3149590 3191141
3149590 3191143
3149591 3191143
3149591 3191144
3149590 3191143
3149591 3191146
3149591 3191147
3149591 3191147
3149591 3191148
3149591 3191148
3149592 3191148
3149592 3191148
3149591 3191150
3149593 3191150
3149590 3191151
3149592 3191150
3149593 3191153
3149592 3191151
3149592 3191153
3149593 3191151
3149592 3191153
3149593 3191153
3149592 3191154
3149592 3191156
3149593 3191154
3149592 3191155
3149592 3191156
3149593 3191156
3149593 3191157
3149593 3191158
3149594 3191160
3149593 3191160
3149594 3191160
3149595 3191160
3149594 3191159
3149593 3191164
3149594 3191164
3149595 3191163
3149594 3191166
3149594 3191167
3149595 3191168
3149594 3191168
3149595 3191168
3149594 3191170
3149594 3191169
3149595 3191169
3149595 3191171
3149594 3191172
3149595 3191170
3149595 3191168
3149594 3191167
3149594 3191164
3149593 3191159
3149591 3191155
3149592 3191151
3149591 3191148
3149591 3191145
3149589 3191143
3149589 3191142
3149590 3191139
3149588 3191137
3149589 3191134
3149588 3191133
3149588 3191133
3149587 3191131
3149588 3191129
3149588 3191128
3149588 3191128
3149587 3191125
3149588 3191126
3149587 3191124
3149587 3191124
3149587 3191124
3149588 3191125
3149587 3191123
3149588 3191123
3149587 3191124
3149588 3191124
3149588 3191123
3149589 3191123
3149588 3191125
3149588 3191124
3149588 3191123
3149587 3191121
3149587 3191122
3149588 3191120
3149588 3191118
3149588 3191118
3149588 3191116
3149587 3191116
3149585 3191116
3149586 3191114
3149586 3191112
3149587 3191112
3149587 3191113
3149586 3191112
3149587 3191113
3149587 3191114
3149587 3191111
3149586 3191113
3149587 3191113
3149588 3191114
3149587 3191114
3149588 3191114
3149587 3191115
3149588 3191113
3149587 3191116
3149589 3191115
3149588 3191116
3149587 3191116
3149587 3191115
3149589 3191115
3149588 3191116
3149588 3191117
3149590 3191116
3149588 3191116
3149588 3191117
3149589 3191118
3149588 3191117
3149588 3191118
3149588 3191119
3149588 3191115
3149589 3191118
3149589 3191118
3149588 3191121
3149588 3191119
3149588 3191119
3149588 3191119
3149588 3191120
3149589 3191120
3149589 3191120
3149589 3191122
3149589 3191121
3149590 3191124
3149589 3191125
3149589 3191124
3149590 3191124
3149589 3191125
3149590 3191125
3149590 3191124
3149590 3191125
3149590 3191126
3149590 3191126
3149590 3191126
3149589 3191129
3149590 3191127
3149589 3191126
3149590 3191127
3149590 3191127
3149591 3191126
3149590 3191125
3149591 3191127
3149590 3191127
3149589 3191128
3149590 3191128
3149591 3191129
3149591 3191130
3149592 3191132
3149592 3191131
3149592 3191133
3149592 3191133
3149592 3191134
3149591 3191131
3149592 3191130
3149591 3191128
3149590 3191124
3149590 3191126
3149590 3191121
3149589 3191116
3149588 3191114
3149588 3191111
3149588 3191108
3149586 3191107
3149586 3191102
3149586 3191101
3149586 3191098
3149585 3191095
3149585 3191095
3149586 3191094
3149585 3191093
3149585 3191091
3149585 3191089
3149584 3191090
3149585 3191086
3149583 3191086
3149585 3191088
3149584 3191088
3149585 3191087
3149585 3191089
3149585 3191088
3149584 3191089
3149584 3191088
3149585 3191088
3149584 3191089
3149585 3191088
3149585 3191089
3149584 3191088
3149584 3191087
3149586 3191086
3149585 3191088
3149585 3191086
3149585 3191086
3149583 3191085
3149585 3191085
3149584 3191084
3149583 3191084
3149584 3191083
3149585 3191083
3149584 3191081
3149583 3191082
3149584 3191081
3149583 3191079
3149583 3191080
3149584 3191082
3149583 3191081
3149584 3191081
3149585 3191079
3149585 3191084
3149584 3191083
3149585 3191083
3149585 3191082
3149585 3191083
3149584 3191081
3149584 3191081
3149584 3191081
3149585 3191081
3149584 3191081
3149585 3191081
3149585 3191081
3149584 3191080
3149584 3191079
3149583 3191080
3149585 3191077
3149585 3191077
3149586 3191076
3149584 3191072
3149586 3191071
3149585 3191073
3149585 3191074
3149584 3191074
3149584 3191075
3149585 3191076
3149585 3191075
3149586 3191075
3149585 3191073
3149585 3191074
3149585 3191073
3149585 3191073
3149584 3191074
3149585 3191074
3149585 3191074
3149585 3191074
3149585 3191077
3149585 3191076
3149586 3191078
3149586 3191080
3149586 3191083
3149586 3191081
3149587 3191083
3149586 3191084
3149587 3191085
3149586 3191084
3149587 3191086
3149587 3191087
3149587 3191086
3149587 3191088
3149587 3191088
3149587 3191091
3149588 3191093
3149587 3191093
3149588 3191092
3149588 3191094
3149587 3191096
3149588 3191095
3149587 3191093
3149587 3191093
3149588 3191091
3149587 3191090
3149585 3191084
3149585 3191083
3149584 3191080
3149586 3191077
3149583 3191073
3149584 3191071
3149584 3191069
3149582 3191066
3149582 3191066
3149583 3191063
3149583 3191063
3149582 3191060
3149582 3191059
3149581 3191059
3149583 3191061
3149582 3191059
3149582 3191060
3149581 3191060
3149582 3191060
3149581 3191061
3149582 3191061
3149581 3191059
3149582 3191059
3149581 3191062
3149582 3191060
3149583 3191060
3149582 3191060
3149582 3191060
3149582 3191061
3149581 3191061
3149582 3191060
3149583 3191062
3149582 3191060
3149581 3191058
3149581 3191058
3149581 3191058
3149581 3191057
3149581 3191058
3149581 3191057
3149582 3191056
3149582 3191057
3149581 3191056
3149581 3191055
3149582 3191056
3149582 3191057
3149581 3191055
3149581 3191054
3149582 3191058
3149582 3191058
3149581 3191058
3149582 3191058
3149581 3191059
3149582 3191059
3149581 3191059
3149582 3191059
3149583 3191058
3149581 3191060
3149582 3191060
3149582 3191060
3149583 3191064
3149584 3191066
3149583 3191066
3149583 3191066
3149583 3191067
3149581 3191068
3149583 3191067
3149584 3191068
3149582 3191069
3149584 3191070
3149583 3191071
3149583 3191071
3149584 3191072
3149584 3191072
3149585 3191071
3149585 3191072
3149584 3191073
3149584 3191074
3149583 3191074
3149584 3191075
3149584 3191075
3149584 3191078
3149585 3191076
3149584 3191078
3149584 3191079
3149586 3191082
3149587 3191083
3149585 3191082
3149586 3191083
3149587 3191086
3149585 3191085
3149586 3191086
3149587 3191088
3149586 3191090
3149587 3191089
3149586 3191090
3149587 3191089
3149586 3191090
3149586 3191088
3149586 3191085
3149585 3191085
3149584 3191083
3149584 3191078
3149584 3191078
3149583 3191073
3149582 3191070
3149582 3191067
3149581 3191065
3149581 3191062
3149581 3191060
3149581 3191059
3149580 3191059
3149580 3191058
3149580 3191057
3149580 3191056
3149581 3191054
3149580 3191055
3149580 3191052
3149580 3191052
3149581 3191051
3149579 3191053
3149580 3191051
3149579 3191052
3149581 3191054
3149582 3191053
3149579 3191053
3149581 3191052
3149580 3191051
3149580 3191053
3149580 3191052
3149581 3191053
3149580 3191050
3149580 3191051
3149581 3191050
3149581 3191051
3149580 3191050
3149579 3191049
3149580 3191048
3149579 3191048
3149579 3191048
3149579 3191047
3149579 3191047
3149580 3191046
3149580 3191047
3149580 3191047
3149579 3191048
3149579 3191046
3149580 3191048
3149580 3191050
3149579 3191049
3149580 3191049
3149580 3191049
3149580 3191051
3149581 3191050
3149580 3191051
3149581 3191051
3149581 3191052
3149581 3191052
3149581 3191053
3149582 3191053
3149581 3191052
3149582 3191055
3149582 3191055
3149582 3191057
3149581 3191059
3149581 3191059
3149581 3191061
3149582 3191060
3149581 3191060
3149582 3191062
3149583 3191061
3149582 3191062
3149583 3191065
3149581 3191066
3149582 3191065
3149583 3191066
3149583 3191066
3149583 3191067
3149583 3191067
3149583 3191067
3149582 3191069
3149582 3191069
3149583 3191071
3149584 3191072
3149583 3191075
3149585 3191076
3149584 3191077
3149585 3191079
3149585 3191082
3149585 3191082
3149585 3191083
3149586 3191085
3149585 3191086
3149584 3191084
3149585 3191085
3149585 3191083
3149584 3191083
3149583 3191081
3149583 3191080
3149583 3191077
3149584 3191075
3149581 3191074
3149582 3191070
3149582 3191068
3149581 3191064
3149581 3191063
3149580 3191061
3149580 3191060
3149578 3191058
3149580 3191058
3149579 3191057
3149579 3191056
3149580 3191054
3149579 3191055
3149579 3191055
3149579 3191053
3149579 3191054
3149578 3191055
3149579 3191053
3149580 3191054
3149579 3191054
3149580 3191055
3149580 3191055
3149580 3191055
3149579 3191055
3149579 3191054
3149579 3191054
3149579 3191054
3149579 3191055
3149579 3191056
3149580 3191055
3149578 3191053
3149579 3191052
3149579 3191052
3149580 3191052
3149578 3191051
3149580 3191052
3149579 3191052
3149579 3191052
3149579 3191052
3149580 3191050
3149579 3191052
3149579 3191051
3149580 3191051
3149579 3191050
3149580 3191050
3149579 3191052
3149580 3191052
3149579 3191051
3149579 3191053
3149580 3191054
3149581 3191053
3149580 3191055
3149581 3191057
3149580 3191056
3149580 3191057
3149579 3191057
3149581 3191058
3149580 3191058
3149582 3191059
3149580 3191060
3149581 3191061
3149580 3191062
3149583 3191063
3149581 3191065
3149581 3191066
3149581 3191065
3149582 3191067
3149581 3191065
3149581 3191067
3149581 3191068
3149582 3191068
3149582 3191068
3149583 3191070
3149582 3191070
3149582 3191071
3149582 3191070
3149583 3191072
3149583 3191073
3149582 3191075
3149583 3191075
3149582 3191077
3149584 3191077
3149584 3191080
3149583 3191079
3149583 3191081
3149584 3191081
3149582 3191082
3149583 3191085
3149584 3191085
3149583 3191085
3149583 3191086
3149584 3191086
3149584 3191086
3149584 3191084
3149583 3191080
3149583 3191079
3149581 3191075
3149582 3191072
3149580 3191070
3149580 3191066
3149580 3191066
3149580 3191062
3149579 3191062
3149579 3191060
3149579 3191057
3149578 3191058
3149579 3191057
3149578 3191055
3149578 3191054
3149578 3191052
3149578 3191053
3149578 3191052
3149579 3191051
3149578 3191052
3149579 3191053
3149578 3191054
3149578 3191053
3149578 3191054
3149579 3191057
3149579 3191057
3149579 3191056
3149577 3191057
3149579 3191055
3149578 3191055
3149578 3191054
3149578 3191052
3149580 3191053
3149579 3191052
3149578 3191054
3149578 3191053
3149577 3191053
3149579 3191053
3149579 3191052
3149578 3191052
3149578 3191051
3149578 3191053
3149578 3191052
3149578 3191052
3149577 3191053
3149578 3191052
3149579 3191052
3149579 3191052
3149578 3191051
3149579 3191053
3149578 3191054
3149578 3191051
3149579 3191053
3149579 3191054
3149579 3191053
3149579 3191053
3149579 3191055
3149580 3191058
3149580 3191058
3149580 3191059
3149580 3191059
3149580 3191061
3149581 3191063
3149581 3191061
3149582 3191062
3149580 3191064
3149581 3191064
3149580 3191062
3149580 3191064
3149581 3191064
3149580 3191065
3149581 3191065
3149582 3191067
3149582 3191068
3149581 3191069
3149581 3191070
3149582 3191070
3149582 3191069
3149580 3191071
3149581 3191071
3149581 3191074
3149583 3191074
3149582 3191077
3149582 3191075
3149583 3191079
3149584 3191080
3149582 3191080
3149582 3191084
3149585 3191085
3149582 3191088
3149583 3191088
3149583 3191091
3149583 3191093
3149583 3191096
3149585 3191099
3149586 3191100
3149586 3191105
3149585 3191106
3149585 3191108
3149586 3191112
3149586 3191116
3149587 3191117
3149587 3191119
3149587 3191123
3149588 3191125
3149588 3191127
3149588 3191130
3149588 3191128
3149588 3191124
3149588 3191119
3149587 3191116
3149587 3191110
3149587 3191103
3149587 3191095
3149586 3191091
3149586 3191088
3149586 3191086
3149586 3191087
3149585 3191092
3149586 3191095
3149586 3191101
3149585 3191106
3149587 3191110
3149587 3191114
3149587 3191117
3149587 3191121
3149587 3191124
3149588 3191128
3149588 3191131
3149588 3191134
3149589 3191135
3149588 3191140
3149591 3191141
3149589 3191141
3149590 3191143
3149590 3191145
3149591 3191145
3149589 3191147
3149591 3191148
3149591 3191149
3149590 3191151
3149590 3191152
3149591 3191155
3149591 3191154
3149591 3191153
3149591 3191154
3149591 3191154
3149591 3191155
3149592 3191155
3149592 3191158
3149592 3191160
3149592 3191161
3149591 3191165
3149593 3191169
3149593 3191170
3149594 3191174
3149593 3191176
3149594 3191178
3149594 3191179
3149594 3191181
3149594 3191183
3149595 3191186
3149594 3191187
3149594 3191188
3149595 3191188
3149594 3191191
3149594 3191191
3149595 3191193
3149595 3191195
3149595 3191201
3149595 3191203
3149596 3191204
3149596 3191206
3149597 3191206
3149596 3191209
3149596 3191208
3149597 3191207
3149597 3191204
3149596 3191204
3149596 3191203
3149595 3191203
3149595 3191201
3149595 3191200
3149595 3191197
3149596 3191192
3149594 3191192
3149595 3191187
3149595 3191186
3149594 3191185
3149595 3191184
3149594 3191183
3149594 3191182
3149592 3191181
3149593 3191180
3149593 3191177
3149593 3191174
3149593 3191173
3149593 3191172
3149592 3191173
3149593 3191172
3149593 3191174
3149593 3191173
3149593 3191173
3149592 3191173
3149592 3191174
3149592 3191171
3149593 3191171
3149592 3191170
3149592 3191169
3149591 3191167
3149591 3191168
3149591 3191166
3149590 3191165
3149590 3191164
3149589 3191164
3149590 3191163
3149588 3191161
3149588 3191160
3149589 3191156
3149588 3191156
3149588 3191153
3149588 3191153
3149587 3191152
3149588 3191150
3149586 3191151
3149588 3191150
3149588 3191148
3149587 3191150
3149588 3191150
3149588 3191150
3149588 3191151
3149588 3191152
3149588 3191150
3149589 3191150
3149588 3191149
3149587 3191151
3149587 3191152
3149587 3191154
3149588 3191153
3149587 3191154
3149588 3191153
3149588 3191157
3149589 3191157
3149589 3191157
3149588 3191158
3149589 3191160
3149589 3191159
3149589 3191157
3149588 3191156
3149590 3191158
3149589 3191160
3149588 3191159
3149589 3191159
3149589 3191160
3149589 3191158
3149588 3191159
3149590 3191160
3149589 3191161
3149589 3191160
3149589 3191161
3149590 3191162
3149591 3191163
3149588 3191164
3149590 3191163
3149591 3191164
3149590 3191164
3149590 3191166
3149591 3191168
3149591 3191167
3149590 3191168
3149591 3191169
3149590 3191171
3149592 3191171
3149592 3191172
3149592 3191172
3149592 3191173
3149592 3191173
3149592 3191177
3149591 3191177
3149591 3191176
3149592 3191179
3149592 3191179
3149592 3191180
3149592 3191179
3149591 3191178
3149592 3191180
3149591 3191178
3149591 3191175
3149592 3191173
3149591 3191171
3149591 3191169
3149591 3191166
3149591 3191164
3149592 3191160
3149589 3191156
3149589 3191152
3149589 3191148
3149589 3191144
3149588 3191142
3149587 3191139
3149587 3191135
3149585 3191132
3149586 3191128
3149585 3191125
3149587 3191124
3149585 3191122
3149584 3191118
3149583 3191115
3149583 3191113
3149584 3191109
3149583 3191105
3149584 3191103
3149583 3191101
3149583 3191100
3149585 3191098
3149583 3191097
3149584 3191096
3149583 3191095
3149583 3191096
3149583 3191092
3149583 3191093
3149583 3191094
3149582 3191092
3149584 3191091
3149583 3191092
3149583 3191090
3149582 3191089
3149583 3191086
3149583 3191084
3149582 3191084
3149583 3191082
3149581 3191081
3149583 3191079
3149582 3191078
3149582 3191078
3149582 3191074
3149582 3191075
3149582 3191073
3149583 3191076
3149583 3191073
3149584 3191073
3149582 3191076
3149582 3191075
3149583 3191074
3149583 3191074
3149582 3191075
3149583 3191074
3149583 3191074
3149583 3191074
3149582 3191075
3149582 3191073
3149582 3191074
3149583 3191075
3149583 3191076
3149583 3191076
3149583 3191076
3149583 3191075
3149581 3191073
3149582 3191073
3149584 3191073
3149583 3191070
3149584 3191070
3149584 3191070
3149584 3191069
3149583 3191068
3149584 3191067
3149583 3191067
3149582 3191066
3149582 3191065
3149583 3191065
3149582 3191065
3149582 3191063
3149582 3191060
3149581 3191058
3149582 3191058
3149582 3191056
3149582 3191054
3149581 3191051
3149581 3191047
3149581 3191044
3149579 3191042
3149579 3191037
3149578 3191033
3149579 3191030
3149578 3191027
3149576 3191022
3149577 3191020
3149576 3191018
3149576 3191015
3149575 3191013
3149575 3191012
3149575 3191010
3149575 3191007
3149575 3191006
3149575 3191004
3149574 3191004
3149575 3191003
3149575 3191002
3149574 3191001
3149575 3191000
3149577 3190998
3149576 3190998
3149575 3191000
3149575 3190997
3149574 3190998
3149575 3190999
3149575 3190998
3149574 3190996
3149576 3190996
3149574 3190994
3149573 3190992
3149574 3190991
3149575 3190989
3149574 3190988
3149573 3190985
3149573 3190983
3149573 3190982
3149573 3190981
3149573 3190979
3149573 3190980
3149573 3190978
3149572 3190979
3149572 3190975
3149572 3190975
3149573 3190976
3149573 3190976
3149573 3190974
3149573 3190974
3149573 3190974
3149573 3190973
3149572 3190973
3149573 3190971
3149573 3190970
3149572 3190970
3149573 3190970
3149574 3190968
3149573 3190969
3149573 3190968
3149573 3190964
3149572 3190966
3149573 3190964
3149573 3190962
3149572 3190960
3149571 3190959
3149573 3190958
3149572 3190955
3149573 3190953
3149572 3190952
3149572 3190949
3149572 3190949
3149571 3190946
3149571 3190947
3149571 3190943
3149571 3190941
3149572 3190937
3149571 3190934
3149569 3190931
3149568 3190926
3149568 3190921
3149568 3190916
3149566 3190911
3149567 3190905
3149566 3190901
3149564 3190896
3149564 3190892
3149564 3190889
3149563 3190884
3149563 3190883
3149562 3190880
3149563 3190878
3149562 3190876
3149562 3190873
3149562 3190872
3149562 3190873
3149562 3190869
3149562 3190870
3149562 3190869
3149562 3190869
3149562 3190869
3149562 3190870
3149562 3190870
3149562 3190869
3149562 3190869
3149562 3190868
3149561 3190867
3149561 3190865
3149562 3190862
3149562 3190864
3149561 3190861
3149562 3190860
3149562 3190858
3149562 3190858
3149560 3190857
3149561 3190854
3149561 3190854
3149561 3190852
3149559 3190852
3149560 3190851
3149561 3190851
3149560 3190850
3149562 3190849
3149560 3190849
3149561 3190847
3149560 3190847
3149560 3190846
3149559 3190845
3149560 3190845
3149560 3190844
3149560 3190843
3149560 3190841
3149559 3190841
3149561 3190840
3149561 3190840
3149560 3190838
3149560 3190838
3149559 3190836
3149560 3190835
3149559 3190836
3149560 3190834
3149560 3190833
3149560 3190832
3149560 3190832
3149561 3190831
3149560 3190832
3149561 3190830
3149560 3190830
3149559 3190827
3149559 3190826
3149559 3190822
3149558 3190816
3149557 3190812
3149557 3190809
3149556 3190803
3149555 3190798
3149555 3190794
3149554 3190790
3149553 3190785
3149554 3190781
3149553 3190779
3149553 3190774
3149552 3190772
3149551 3190769
3149551 3190766
3149551 3190765
3149550 3190763
3149551 3190760
3149550 3190758
3149550 3190758
3149549 3190755
3149550 3190755
3149550 3190755
3149550 3190755
3149550 3190753
3149550 3190753
3149550 3190752
3149550 3190751
3149550 3190750
3149549 3190748
3149550 3190747
3149549 3190747
3149549 3190745
3149549 3190744
3149548 3190743
3149548 3190739
3149548 3190741
3149548 3190741
3149549 3190738
3149549 3190737
3149549 3190736
3149548 3190734
3149547 3190734
3149548 3190731
3149548 3190729
3149548 3190729
3149547 3190727
3149547 3190727
3149547 3190728
3149546 3190725
3149547 3190726
3149548 3190725
3149546 3190726
3149548 3190725
3149547 3190727
3149548 3190727
3149547 3190727
3149548 3190728
3149547 3190729
3149548 3190729
3149547 3190732
3149549 3190733
3149549 3190730
3149549 3190732
3149548 3190734
3149548 3190735
3149548 3190735
3149547 3190735
3149549 3190735
3149549 3190736
3149548 3190735
3149548 3190738
3149549 3190736
3149549 3190736
3149549 3190734
3149550 3190735
3149548 3190732
3149548 3190731
3149547 3190726
3149546 3190721
3149545 3190718
3149544 3190714
3149544 3190707
3149543 3190703
3149542 3190703
3149541 3190697
3149541 3190692
3149541 3190691
3149541 3190686
3149541 3190685
3149540 3190681
3149539 3190680
3149540 3190679
3149538 3190677
3149539 3190674
3149538 3190672
3149538 3190671
3149538 3190672
3149538 3190669
3149538 3190669
3149539 3190669
3149539 3190669
3149537 3190670
3149538 3190669
3149538 3190667
3149538 3190668
3149537 3190668
3149537 3190667
3149538 3190665
3149537 3190666
3149537 3190663
3149537 3190664
3149537 3190662
3149537 3190660
3149536 3190658
3149536 3190655
3149536 3190653
3149536 3190653
3149537 3190652
3149536 3190649
3149536 3190650
3149535 3190648
3149536 3190646
3149535 3190645
3149536 3190645
3149536 3190644
3149537 3190643
3149535 3190643
3149535 3190643
3149535 3190644
3149535 3190645
3149535 3190644
3149536 3190646
3149535 3190646
3149537 3190648
3149537 3190649
3149537 3190649
3149536 3190650
3149537 3190651
3149537 3190651
3149536 3190652
3149536 3190653
3149537 3190654
3149537 3190656
3149537 3190657
3149537 3190659
3149538 3190660
3149538 3190660
3149537 3190663
3149537 3190664
3149538 3190664
3149538 3190665
3149537 3190666
3149538 3190669
3149538 3190668
3149538 3190671
3149539 3190672
3149539 3190670
3149539 3190673
3149538 3190673
3149540 3190676
3149539 3190675
3149540 3190677
3149539 3190676
3149540 3190677
3149540 3190678
3149540 3190680
3149539 3190681
3149540 3190680
3149540 3190680
3149540 3190681
3149540 3190681
3149541 3190682
3149541 3190683
3149541 3190683
3149541 3190685
3149541 3190684
3149542 3190684
3149541 3190685
3149541 3190688
3149542 3190689
3149542 3190690
3149542 3190692
3149543 3190692
3149542 3190690
3149542 3190691
3149541 3190686
3149540 3190685
3149539 3190681
3149539 3190677
3149537 3190676
3149538 3190672
3149536 3190671
3149537 3190667
3149537 3190668
3149536 3190664
3149536 3190665
3149536 3190663
3149535 3190662
3149535 3190660
3149535 3190660
3149535 3190660
3149534 3190658
3149534 3190657
3149535 3190658
3149534 3190660
3149534 3190658
3149534 3190656
3149535 3190658
3149534 3190656
3149534 3190658
3149535 3190658
3149535 3190658
3149535 3190658
3149534 3190656
3149535 3190657
3149535 3190655
3149534 3190657
3149536 3190654
3149534 3190654
3149534 3190655
3149534 3190654
3149534 3190655
3149534 3190654
3149534 3190652
3149534 3190652
3149534 3190651
3149534 3190653
3149534 3190653
3149534 3190653
3149535 3190653
3149533 3190655
3149534 3190656
3149535 3190656
3149534 3190657
3149535 3190658
3149535 3190659
3149536 3190662
3149535 3190662
3149535 3190663
3149536 3190666
3149535 3190666
3149536 3190669
3149535 3190668
3149536 3190669
3149536 3190671
3149536 3190670
3149536 3190674
3149536 3190676
3149537 3190675
3149536 3190678
3149537 3190680
3149538 3190680
3149537 3190680
3149537 3190681
3149538 3190684
3149537 3190685
3149539 3190684
3149539 3190687
3149537 3190687
3149538 3190687
3149539 3190688
3149538 3190689
3149539 3190689
3149539 3190691
3149540 3190692
3149539 3190693
3149540 3190693
3149539 3190694
3149540 3190696
3149539 3190698
3149539 3190698
3149540 3190699
3149540 3190701
3149541 3190703
3149541 3190701
3149541 3190704
3149541 3190705
3149542 3190706
3149541 3190710
3149541 3190710
3149541 3190711
3149542 3190711
3149541 3190714
3149542 3190716
3149543 3190718
3149542 3190718
3149543 3190721
3149544 3190721
3149543 3190723
3149543 3190724
3149542 3190726
3149543 3190726
3149543 3190728
3149544 3190732
3149544 3190733
3149544 3190734
3149545 3190736
3149545 3190736
3149544 3190739
3149545 3190740
3149547 3190738
3149544 3190738
3149545 3190737
3149545 3190738
3149544 3190736
3149543 3190736
3149544 3190733
3149543 3190731
3149543 3190729
3149542 3190728
3149542 3190726
3149542 3190726
3149543 3190724
3149542 3190725
3149542 3190723
3149542 3190724
3149542 3190724
3149541 3190725
3149541 3190724
3149541 3190725
3149542 3190724
3149542 3190724
3149542 3190725
3149542 3190728
3149543 3190727
3149542 3190729
3149542 3190730
3149543 3190732
3149543 3190732
3149542 3190734
3149543 3190733
3149543 3190734
3149542 3190734
3149542 3190735
3149544 3190733
3149544 3190734
3149542 3190734
3149544 3190736
3149544 3190734
3149544 3190736
3149543 3190734
3149543 3190736
3149544 3190737
3149544 3190737
3149544 3190737
3149543 3190737
3149544 3190737
3149543 3190738
3149544 3190738
3149544 3190740
3149544 3190742
3149544 3190741
3149544 3190743
3149544 3190743
3149543 3190743
3149544 3190745
3149543 3190745
3149545 3190747
3149545 3190746
3149545 3190749
3149546 3190749
3149545 3190749
3149546 3190751
3149545 3190751
3149545 3190753
3149545 3190754
3149546 3190755
3149546 3190755
3149546 3190757
3149546 3190758
3149546 3190760
3149547 3190759
3149547 3190762
3149546 3190760
3149547 3190761
3149547 3190762
3149548 3190763
3149547 3190764
3149548 3190764
3149548 3190767
3149548 3190767
3149548 3190768
3149549 3190769
3149548 3190770
3149548 3190770
3149549 3190771
3149549 3190773
3149549 3190772
3149549 3190774
3149548 3190774
3149549 3190773
3149549 3190771
3149548 3190771
3149548 3190769
3149547 3190765
3149546 3190762
3149547 3190761
3149547 3190762
3149548 3190760
3149546 3190759
3149547 3190758
3149547 3190756
3149547 3190757
3149546 3190757
3149547 3190756
3149547 3190758
3149545 3190758
3149546 3190757
3149546 3190756
3149546 3190757
3149547 3190757
3149547 3190757
3149547 3190758
3149547 3190760
3149547 3190762
3149547 3190763
3149549 3190762
3149547 3190763
3149546 3190763
3149548 3190763
3149548 3190762
3149547 3190763
3149547 3190764
3149547 3190764
3149548 3190763
3149546 3190764
3149547 3190763
3149548 3190764
3149547 3190762
3149547 3190762
3149547 3190764
3149548 3190763
3149548 3190766
3149548 3190766
3149548 3190768
3149549 3190768
3149548 3190768
3149548 3190767
3149548 3190768
3149548 3190769
3149548 3190769
3149549 3190768
3149548 3190771
3149549 3190771
3149549 3190771
3149549 3190773
3149549 3190774
3149549 3190774
3149550 3190775
3149549 3190777
3149549 3190777
3149550 3190778
3149550 3190780
3149549 3190781
3149551 3190780
3149550 3190782
3149550 3190782
3149550 3190782
3149550 3190782
3149549 3190783
3149551 3190784
3149551 3190784
3149551 3190786
3149551 3190786
3149550 3190788
3149550 3190787
3149552 3190790
3149552 3190788
3149551 3190789
3149551 3190791
3149552 3190793
3149553 3190794
3149551 3190792
3149553 3190794
3149552 3190793
3149552 3190792
3149551 3190791
3149551 3190787
3149551 3190787
3149551 3190784
3149549 3190781
3149550 3190778
3149550 3190776
3149549 3190775
3149548 3190774
3149548 3190771
3149549 3190770
3149549 3190769
3149548 3190767
3149548 3190767
3149547 3190766
3149549 3190766
3149547 3190764
3149548 3190764
3149547 3190765
3149546 3190762
3149549 3190763
3149549 3190764
3149548 3190763
3149548 3190763
3149548 3190765
3149548 3190766
3149548 3190765
3149548 3190764
3149548 3190764
3149548 3190766
3149548 3190764
3149549 3190763
3149549 3190764
3149548 3190763
3149549 3190763
3149548 3190761
3149547 3190763
3149548 3190760
3149547 3190759
3149547 3190761
3149548 3190760
3149547 3190760
3149548 3190758
3149546 3190759
3149547 3190757
3149547 3190758
3149548 3190758
3149547 3190758
3149547 3190757
3149547 3190757
3149549 3190758
3149547 3190758
3149546 3190758
3149547 3190759
3149548 3190761
3149548 3190761
3149548 3190762
3149548 3190763
3149548 3190764
3149548 3190763
3149547 3190766
3149548 3190766
3149549 3190767
3149549 3190768
3149549 3190769
3149549 3190772
3149551 3190772
3149548 3190773
3149550 3190773
3149550 3190775
3149550 3190775
3149550 3190774
3149550 3190775
3149550 3190775
3149551 3190777
3149551 3190777
3149550 3190777
3149550 3190780
3149550 3190779
3149551 3190780
3149551 3190781
3149552 3190780
3149551 3190781
3149551 3190783
3149551 3190785
3149552 3190783
3149552 3190785
3149551 3190786
3149552 3190787
3149551 3190787
3149552 3190790
3149552 3190788
3149552 3190789
3149553 3190790
3149553 3190790
3149552 3190791
3149553 3190790
3149552 3190791
3149553 3190794
3149553 3190795
3149553 3190796
3149554 3190798
3149553 3190798
3149554 3190800
3149555 3190798
3149555 3190801
3149553 3190802
3149553 3190802
3149554 3190803
3149555 3190803
3149554 3190804
3149555 3190808
3149555 3190807
3149556 3190805
3149555 3190805
3149555 3190804
3149555 3190803
3149554 3190802
3149553 3190798
3149553 3190798
3149552 3190792
3149551 3190789
3149552 3190787
3149552 3190784
3149552 3190783
3149552 3190778
3149552 3190777
3149551 3190774
3149550 3190772
3149549 3190770
3149550 3190770
3149550 3190766
3149549 3190766
3149549 3190767
3149549 3190763
3149549 3190762
3149548 3190762
3149548 3190761
3149548 3190763
3149549 3190761
3149549 3190759
3149549 3190759
3149549 3190759
3149549 3190758
3149549 3190757
3149549 3190757
3149550 3190757
3149549 3190756
3149548 3190757
3149549 3190756
3149548 3190755
3149548 3190754
3149549 3190753
3149547 3190751
3149548 3190750
3149549 3190748
3149548 3190747
3149547 3190746
3149548 3190745
3149548 3190745
3149548 3190745
3149547 3190743
3149547 3190743
3149547 3190744
3149548 3190743
3149549 3190742
3149548 3190743
3149548 3190742
3149548 3190742
3149547 3190742
3149549 3190740
3149548 3190741
3149547 3190741
3149548 3190741
3149548 3190739
3149547 3190740
3149548 3190739
3149548 3190739
3149548 3190740
3149549 3190739
3149549 3190739
3149548 3190739
3149549 3190740
3149549 3190739
3149548 3190742
3149548 3190741
3149550 3190741
3149548 3190742
3149550 3190742
3149548 3190743
3149549 3190743
3149549 3190743
3149550 3190744
3149548 3190744
3149549 3190743
3149550 3190744
3149550 3190743
3149550 3190745
3149550 3190745
3149550 3190746
3149550 3190746
3149550 3190747
3149551 3190748
3149550 3190747
3149551 3190747
3149551 3190749
3149550 3190748
3149550 3190751
3149552 3190752
3149552 3190750
3149550 3190752
3149551 3190752
3149551 3190752
3149552 3190754
3149553 3190753
3149552 3190756
3149552 3190757
3149551 3190758
3149551 3190759
3149553 3190760
3149552 3190759
3149552 3190761
3149552 3190758
3149550 3190758
3149552 3190757
3149550 3190755
3149551 3190751
3149549 3190748
3149549 3190746
3149550 3190744
3149548 3190741
3149549 3190737
3149548 3190736
3149549 3190733
3149548 3190730
3149547 3190730
3149547 3190730
3149547 3190728
3149548 3190727
3149547 3190726
3149546 3190724
3149545 3190724
3149546 3190724
3149546 3190724
3149546 3190721
3149547 3190722
3149547 3190722
3149547 3190724
3149546 3190723
3149546 3190723
3149547 3190723
3149546 3190723
3149547 3190723
3149546 3190721
3149547 3190722
3149546 3190720
3149547 3190720
3149547 3190718
3149546 3190719
3149546 3190719
3149545 3190718
3149546 3190718
3149546 3190717
3149546 3190717
3149545 3190715
3149546 3190715
3149544 3190716
3149546 3190715
3149547 3190714
3149545 3190715
3149546 3190715
3149547 3190713
3149546 3190716
3149546 3190715
3149547 3190714
3149547 3190714
3149547 3190714
3149547 3190715
3149546 3190717
3149546 3190716
3149547 3190716
3149547 3190717
3149547 3190718
3149546 3190718
3149548 3190720
3149549 3190720
3149548 3190719
3149547 3190722
3149547 3190722
3149548 3190722
3149547 3190723
3149548 3190723
3149549 3190725
3149547 3190724
3149548 3190725
3149548 3190726
3149548 3190726
3149549 3190728
3149548 3190727
3149548 3190730
3149549 3190730
3149549 3190732
3149550 3190732
3149549 3190733
3149548 3190735
3149549 3190736
3149550 3190735
3149550 3190738
3149549 3190739
3149550 3190740
3149549 3190741
3149550 3190742
3149551 3190744
3149550 3190745
3149551 3190744
3149551 3190749
3149551 3190749
3149552 3190752
3149551 3190751
3149552 3190753
3149552 3190754
3149551 3190754
3149552 3190755
3149552 3190756
3149551 3190754
3149551 3190753
3149550 3190752
3149551 3190749
3149550 3190749
3149550 3190750
3149550 3190746
3149550 3190747
3149549 3190745
3149549 3190746
3149548 3190746
3149549 3190743
3149549 3190744
3149548 3190744
3149549 3190745
3149549 3190745
3149548 3190744
3149549 3190745
3149549 3190744
3149549 3190747
3149549 3190746
3149549 3190747
3149548 3190747
3149550 3190748
3149550 3190748
3149549 3190748
3149550 3190748
3149551 3190748
3149548 3190746
3149549 3190746
3149549 3190745
3149550 3190746
3149549 3190744
3149549 3190744
3149548 3190744
3149549 3190744
3149549 3190744
3149550 3190742
3149548 3190742
3149548 3190743
3149549 3190741
3149549 3190742
3149549 3190743
3149549 3190742
3149549 3190742
3149550 3190743
3149550 3190744
3149549 3190743
3149549 3190743
3149550 3190744
3149550 3190743
3149550 3190745
3149551 3190746
3149550 3190746
3149550 3190746
3149550 3190747
3149550 3190749
3149551 3190749
3149551 3190750
3149550 3190749
3149550 3190750
3149551 3190753
3149551 3190753
3149552 3190753
3149551 3190753
3149551 3190755
3149551 3190755
3149551 3190757
3149552 3190755
3149552 3190757
3149553 3190758
3149553 3190759
3149552 3190760
3149552 3190761
3149552 3190760
3149553 3190763
3149552 3190765
3149553 3190765
3149554 3190764
3149553 3190767
3149553 3190768
3149554 3190769
3149554 3190768
3149554 3190770
3149554 3190770
3149553 3190772
3149555 3190772
3149554 3190773
3149554 3190771
3149555 3190769
3149553 3190768
3149552 3190767
3149553 3190764
3149552 3190762
3149551 3190759
3149552 3190758
3149550 3190755
3149551 3190755
3149550 3190752
3149550 3190753
3149551 3190751
3149551 3190746
3149549 3190748
3149551 3190748
3149550 3190746
3149551 3190746
3149550 3190746
3149550 3190747
3149550 3190748
3149550 3190746
3149550 3190748
3149551 3190747
3149551 3190748
3149550 3190749
3149551 3190749
3149552 3190752
3149550 3190751
3149550 3190751
3149552 3190750
3149551 3190748
3149551 3190749
3149551 3190750
3149551 3190750
3149551 3190749
3149550 3190748
3149551 3190749
3149551 3190748
3149551 3190748
3149549 3190747
3149551 3190749
3149551 3190749
3149550 3190749
3149551 3190747
3149551 3190747
3149551 3190748
3149551 3190749
3149551 3190749
3149550 3190748
3149551 3190747
3149551 3190750
3149551 3190750
3149552 3190751
3149552 3190751
3149551 3190752
3149553 3190753
3149552 3190753
3149552 3190754
3149552 3190754
3149551 3190754
3149553 3190754
3149552 3190754
3149553 3190757
3149554 3190758
3149552 3190757
3149552 3190759
3149553 3190758
3149553 3190760
3149553 3190761
3149554 3190762
3149552 3190762
3149552 3190763
3149554 3190762
3149553 3190763
3149552 3190765
3149555 3190765
3149556 3190764
3149554 3190766
3149554 3190768
3149554 3190769
3149554 3190767
3149553 3190770
3149555 3190770
3149555 3190771
3149554 3190770
3149555 3190770
3149556 3190771
3149555 3190771
3149555 3190772
3149555 3190774
3149554 3190776
3149556 3190777
3149555 3190780
3149556 3190778
3149556 3190780
3149556 3190780
3149555 3190779
3149555 3190779
3149555 3190777
3149554 3190776
3149556 3190774
3149555 3190770
3149554 3190768
3149553 3190767
3149554 3190764
3149553 3190761
3149553 3190760
3149553 3190757
3149552 3190756
3149552 3190754
3149553 3190754
3149552 3190754
3149550 3190753
3149551 3190752
3149553 3190750
3149551 3190751
3149550 3190750
3149550 3190751
3149552 3190748
3149552 3190750
3149551 3190750
3149552 3190751
3149552 3190753
3149551 3190751
3149552 3190753
3149552 3190751
3149551 3190754
3149552 3190753
3149551 3190753
3149551 3190756
3149552 3190755
3149552 3190754
3149551 3190754
3149552 3190754
3149552 3190753
3149552 3190754
3149552 3190753
3149551 3190753
3149552 3190753
3149551 3190752
3149552 3190755
3149553 3190754
3149552 3190755
3149552 3190755
3149552 3190755
3149551 3190756
3149551 3190756
3149553 3190755
3149551 3190756
3149553 3190757
3149553 3190755
3149552 3190756
3149552 3190755
3149553 3190758
3149553 3190758
3149553 3190760
3149553 3190760
3149553 3190760
3149554 3190761
3149553 3190762
3149553 3190763
3149554 3190762
3149554 3190765
3149554 3190765
3149554 3190766
3149554 3190765
3149554 3190766
3149553 3190766
3149555 3190765
3149553 3190766
3149554 3190768
3149554 3190769
3149554 3190769
3149555 3190768
3149554 3190771
3149556 3190771
3149555 3190771
3149555 3190772
3149556 3190773
3149556 3190772
3149556 3190772
3149556 3190775
3149555 3190774
3149556 3190777
3149557 3190776
3149556 3190777
3149555 3190779
3149557 3190781
3149556 3190782
3149556 3190781
3149556 3190783
3149556 3190783
3149556 3190784
3149556 3190785
3149558 3190788
3149557 3190787
3149557 3190789
3149557 3190789
3149557 3190790
3149558 3190789
3149558 3190790
3149557 3190790
3149556 3190790
3149556 3190786
3149557 3190786
3149556 3190782
3149555 3190781
3149556 3190776
3149556 3190777
3149554 3190774
3149553 3190771
3149554 3190772
3149554 3190768
3149553 3190769
3149554 3190766
3149552 3190766
3149553 3190764
3149553 3190764
3149554 3190763
3149553 3190762
3149553 3190762
3149554 3190762
3149553 3190762
3149553 3190761
3149553 3190762
3149552 3190764
3149553 3190763
3149553 3190765
3149554 3190764
3149553 3190765
3149554 3190764
3149554 3190764
3149554 3190765
3149554 3190765
3149554 3190765
3149554 3190764
3149554 3190763
3149554 3190764
3149553 3190765
3149554 3190764
3149553 3190764
3149553 3190764
3149554 3190762
3149553 3190763
3149554 3190764
3149554 3190764
3149554 3190764
3149553 3190763
3149554 3190763
3149554 3190763
3149553 3190761
3149555 3190764
3149555 3190762
3149554 3190763
3149554 3190764
3149554 3190765
3149554 3190765
3149555 3190766
3149555 3190765
3149554 3190767
3149555 3190767
3149555 3190767
3149554 3190767
3149555 3190769
3149555 3190769
3149556 3190770
3149555 3190771
3149555 3190771
3149555 3190772
3149555 3190775
3149556 3190775
3149555 3190774
3149557 3190776
3149556 3190777
3149555 3190776
3149556 3190777
3149556 3190780
3149557 3190781
3149557 3190782
3149557 3190782
3149558 3190782
3149557 3190782
3149557 3190784
3149558 3190786
3149558 3190785
3149557 3190786
3149558 3190788
3149558 3190788
3149558 3190789
3149558 3190790
3149558 3190792
3149557 3190791
3149558 3190792
3149558 3190794
3149559 3190795
3149558 3190798
3149559 3190798
3149558 3190799
3149558 3190801
3149560 3190802
3149559 3190803
3149560 3190803
3149559 3190804
3149560 3190802
3149559 3190803
3149559 3190801
3149559 3190798
3149557 3190796
3149558 3190793
3149558 3190790
3149557 3190789
3149557 3190789
3149556 3190785
3149556 3190785
3149556 3190783
3149556 3190781
3149555 3190780
3149556 3190778
3149556 3190779
3149556 3190780
3149556 3190779
3149556 3190780
3149556 3190778
3149554 3190778
3149555 3190780
3149556 3190780
3149555 3190780
3149556 3190779
3149556 3190783
3149556 3190784
3149556 3190784
3149556 3190783
3149556 3190783
3149556 3190784
3149556 3190784
3149555 3190785
3149557 3190784
3149555 3190786
3149556 3190784
3149555 3190786
3149556 3190786
3149558 3190786
3149556 3190785
3149557 3190785
3149557 3190784
3149557 3190784
3149557 3190784
3149557 3190785
3149557 3190784
3149557 3190785
3149557 3190785
3149557 3190785
3149556 3190786
3149557 3190786
3149557 3190787
3149556 3190786
3149557 3190787
3149556 3190788
3149557 3190787
3149557 3190787
3149558 3190788
3149557 3190789
3149558 3190789
3149557 3190791
3149557 3190792
3149558 3190792
3149557 3190792
3149558 3190791
3149558 3190793
3149558 3190795
3149558 3190796
3149558 3190794
3149558 3190795
3149558 3190797
3149559 3190797
3149557 3190798
3149560 3190798
3149558 3190799
3149558 3190799
3149559 3190800
3149559 3190802
3149558 3190802
3149558 3190804
3149559 3190805
3149559 3190806
3149561 3190805
3149561 3190806
3149559 3190806
3149560 3190805
3149559 3190806
3149559 3190807
3149560 3190807
3149559 3190809
3149560 3190809
3149560 3190810
3149561 3190811
3149560 3190811
3149561 3190812
3149560 3190814
3149561 3190816
3149561 3190816
3149562 3190816
3149561 3190816
3149561 3190815
3149560 3190813
3149561 3190811
3149559 3190808
3149560 3190805
3149559 3190804
3149558 3190798
3149559 3190796
3149558 3190794
3149558 3190793
3149558 3190792
3149557 3190791
3149558 3190790
3149558 3190789
3149557 3190786
3149556 3190787
3149556 3190788
3149558 3190789
3149557 3190789
3149557 3190789
3149559 3190790
3149558 3190789
3149558 3190790
3149559 3190792
3149558 3190792
3149558 3190791
3149559 3190790
3149559 3190791
3149558 3190791
3149558 3190792
3149558 3190792
3149559 3190790
3149558 3190790
3149558 3190788
3149559 3190789
3149558 3190787
3149558 3190787
3149558 3190787
3149557 3190786
3149559 3190786
3149559 3190788
3149557 3190787
3149558 3190787
3149557 3190786
3149558 3190786
3149558 3190785
3149558 3190788
3149558 3190786
3149558 3190787
3149559 3190787
3149557 3190789
3149559 3190789
3149559 3190790
3149559 3190789
3149558 3190790
3149559 3190791
3149558 3190792
3149560 3190792
3149558 3190792
3149558 3190792
3149559 3190791
3149559 3190792
3149559 3190792
3149560 3190792
3149559 3190792
3149560 3190792
3149560 3190793
3149560 3190792
3149560 3190793
3149558 3190792
3149560 3190794
3149560 3190791
3149559 3190793
3149560 3190794
3149559 3190793
3149561 3190792
3149561 3190793
3149559 3190793
3149560 3190794
3149561 3190794
3149561 3190796
3149560 3190796
3149560 3190797
3149560 3190799
3149561 3190800
3149561 3190802
3149560 3190801
3149561 3190803
3149562 3190802
3149561 3190800
3149560 3190801
3149560 3190799
3149560 3190794
3149560 3190794
3149558 3190792
3149558 3190787
3149558 3190787
3149558 3190783
3149559 3190783
3149557 3190782
3149558 3190780
3149557 3190778
3149557 3190777
3149558 3190776
3149557 3190776
3149556 3190775
3149557 3190776
3149558 3190777
3149558 3190778
3149557 3190777
3149557 3190777
3149556 3190777
3149556 3190777
3149558 3190778
3149557 3190779
3149558 3190778
3149559 3190777
3149557 3190776
3149557 3190775
3149558 3190775
3149558 3190773
3149557 3190773
3149557 3190774
3149558 3190772
3149557 3190772
3149557 3190770
3149556 3190771
3149558 3190768
3149556 3190767
3149557 3190767
3149556 3190767
3149557 3190767
3149557 3190766
3149557 3190765
3149557 3190766
3149557 3190765
3149557 3190767
3149557 3190765
3149557 3190765
3149557 3190767
3149557 3190767
3149557 3190767
3149558 3190768
3149558 3190767
3149557 3190769
3149558 3190769
3149558 3190770
3149558 3190770
3149557 3190771
3149558 3190771
3149558 3190772
3149558 3190773
3149559 3190774
3149559 3190776
3149559 3190776
3149558 3190777
3149559 3190778
3149559 3190778
3149559 3190778
3149560 3190780
3149559 3190778
3149558 3190781
3149559 3190780
3149559 3190783
3149560 3190781
3149560 3190781
3149560 3190782
3149560 3190783
3149559 3190783
3149559 3190783
3149558 3190783
3149560 3190782
3149560 3190783
3149560 3190782
3149559 3190785
3149560 3190785
3149560 3190785
3149559 3190785
3149561 3190786
3149560 3190787
3149560 3190788
3149560 3190789
3149560 3190790
3149561 3190791
3149560 3190787
3149560 3190789
3149560 3190787
3149559 3190786
3149559 3190785
3149560 3190782
3149559 3190779
3149559 3190778
3149559 3190773
3149558 3190770
3149558 3190768
3149558 3190764
3149557 3190763
3149556 3190760
3149556 3190759
3149555 3190757
3149557 3190756
3149556 3190753
3149556 3190753
3149555 3190751
3149555 3190751
3149555 3190748
3149555 3190750
3149555 3190749
3149556 3190748
3149554 3190748
3149555 3190747
3149556 3190747
3149555 3190748
3149554 3190747
3149555 3190747
3149556 3190747
3149556 3190747
3149554 3190747
3149555 3190746
3149554 3190744
3149555 3190744
3149554 3190745
3149555 3190744
3149555 3190742
3149555 3190742
3149555 3190741
3149555 3190742
3149554 3190742
3149554 3190740
3149554 3190741
3149554 3190739
3149555 3190738
3149554 3190737
3149554 3190738
3149555 3190737
3149554 3190736
3149554 3190738
3149554 3190738
3149555 3190738
3149555 3190739
3149555 3190738
3149554 3190738
3149555 3190739
3149555 3190740
3149554 3190738
3149555 3190740
3149554 3190740
3149555 3190741
3149555 3190740
3149555 3190742
3149556 3190742
3149555 3190743
3149555 3190743
3149556 3190744
3149555 3190744
3149555 3190745
3149556 3190743
3149555 3190747
3149556 3190748
3149557 3190748
3149556 3190747
3149557 3190749
3149557 3190748
3149556 3190749
3149556 3190751
3149557 3190750
3149557 3190752
3149557 3190753
3149556 3190753
3149556 3190752
3149557 3190752
3149557 3190754
3149557 3190754
3149556 3190755
3149557 3190755
3149558 3190755
3149558 3190757
3149558 3190758
3149557 3190759
3149557 3190758
3149559 3190760
3149558 3190761
3149558 3190762
3149557 3190765
3149559 3190765
3149559 3190766
3149559 3190766
3149559 3190768
3149558 3190765
3149558 3190766
3149559 3190763
3149558 3190761
3149558 3190757
3149558 3190755
3149555 3190753
3149556 3190750
3149555 3190747
3149555 3190745
3149555 3190742
3149555 3190740
3149554 3190738
3149555 3190735
3149553 3190733
3149554 3190733
3149553 3190731
3149553 3190729
3149553 3190727
3149553 3190727
3149553 3190725
3149552 3190725
3149552 3190726
3149552 3190724
3149553 3190725
3149553 3190723
3149553 3190723
3149554 3190726
3149554 3190724
3149553 3190722
3149553 3190727
3149553 3190725
3149552 3190723
3149553 3190724
3149554 3190723
3149553 3190722
3149553 3190721
3149553 3190722
3149553 3190722
3149552 3190721
3149552 3190719
3149552 3190718
3149553 3190719
3149552 3190717
3149552 3190717
3149553 3190714
3149553 3190716
3149552 3190714
3149552 3190716
3149553 3190715
3149553 3190715
3149552 3190716
3149552 3190716
3149552 3190715
3149554 3190716
3149552 3190716
3149553 3190715
3149554 3190718
3149554 3190720
3149552 3190720
3149553 3190721
3149553 3190720
3149553 3190723
3149554 3190723
3149554 3190723
3149554 3190724
3149553 3190724
3149555 3190725
3149554 3190726
3149555 3190727
3149554 3190727
3149555 3190730
3149554 3190729
3149554 3190730
3149555 3190730
3149554 3190730
3149554 3190730
3149555 3190732
3149554 3190732
3149555 3190732
3149555 3190733
3149555 3190736
3149555 3190735
3149555 3190736
3149555 3190735
3149556 3190737
3149554 3190737
3149555 3190738
3149555 3190738
3149555 3190740
3149554 3190740
3149556 3190741
3149557 3190742
3149557 3190742
3149556 3190745
3149556 3190745
3149557 3190747
3149556 3190747
3149557 3190750
3149557 3190750
3149557 3190752
3149557 3190753
3149556 3190754
3149558 3190755
3149557 3190755
3149557 3190754
3149557 3190754
3149557 3190754
3149557 3190750
3149556 3190748
3149556 3190744
3149557 3190741
3149555 3190739
3149555 3190736
3149555 3190733
3149554 3190731
3149554 3190729
3149553 3190727
3149554 3190726
3149552 3190724
3149553 3190722
3149553 3190721
3149553 3190721
3149553 3190721
3149553 3190719
3149553 3190718
3149553 3190719
3149552 3190718
3149554 3190717
3149553 3190719
3149553 3190719
3149553 3190720
3149553 3190721
3149553 3190722
3149552 3190721
3149553 3190724
3149553 3190723
3149553 3190722
3149552 3190723
3149554 3190722
3149553 3190722
3149554 3190722
3149553 3190722
3149554 3190722
3149554 3190720
3149553 3190719
3149552 3190718
3149552 3190719
3149553 3190719
3149552 3190719
3149552 3190719
3149553 3190718
3149553 3190718
3149553 3190718
3149553 3190718
3149552 3190717
3149552 3190719
3149552 3190719
3149553 3190720
3149553 3190721
3149552 3190720
3149552 3190720
3149553 3190721
3149552 3190722
3149554 3190723
3149555 3190723
3149553 3190722
3149553 3190724
3149554 3190724
3149553 3190725
3149553 3190723
3149554 3190726
3149554 3190727
3149554 3190727
3149553 3190729
3149554 3190729
3149554 3190728
3149553 3190732
3149554 3190731
3149554 3190731
3149554 3190731
3149556 3190733
3149554 3190732
3149554 3190733
3149555 3190733
3149555 3190734
3149555 3190734
3149554 3190734
3149555 3190735
3149555 3190736
3149555 3190738
3149555 3190739
3149555 3190738
3149555 3190740
3149556 3190741
3149557 3190741
3149555 3190741
3149556 3190742
3149556 3190742
3149556 3190743
3149557 3190744
3149555 3190745
3149557 3190744
3149555 3190745
3149555 3190744
3149556 3190744
3149556 3190742
3149555 3190741
3149556 3190738
3149555 3190736
3149554 3190731
3149554 3190729
3149554 3190728
3149553 3190724
3149552 3190724
3149552 3190723
3149553 3190721
3149553 3190720
3149553 3190720
3149552 3190718
3149552 3190720
3149552 3190719
3149552 3190719
3149552 3190720
3149553 3190719
3149553 3190721
3149553 3190721
3149553 3190721
3149552 3190725
3149553 3190725
3149555 3190725
3149553 3190725
3149553 3190724
3149554 3190726
3149553 3190726
3149555 3190727
3149554 3190727
3149554 3190726
3149552 3190726
3149553 3190725
3149554 3190725
3149553 3190725
3149553 3190725
3149553 3190724
3149554 3190723
3149554 3190724
3149553 3190722
3149553 3190724
3149554 3190723
3149554 3190723
3149554 3190725
3149554 3190722
3149553 3190723
3149554 3190725
3149553 3190724
3149554 3190725
3149554 3190725
3149554 3190728
3149554 3190727
3149553 3190729
3149554 3190730
3149554 3190732
3149553 3190733
3149554 3190735
3149555 3190734
3149555 3190736
3149554 3190736
3149556 3190737
3149556 3190740
3149555 3190739
3149555 3190739
3149555 3190741
3149557 3190741
3149556 3190742
3149555 3190742
3149556 3190742
3149556 3190743
3149557 3190744
3149556 3190745
3149556 3190745
3149557 3190747
3149556 3190748
3149557 3190746
3149555 3190748
3149557 3190750
3149557 3190750
3149557 3190748
3149557 3190750
3149557 3190751
3149556 3190751
3149557 3190753
3149556 3190754
3149558 3190755
3149557 3190756
3149558 3190755
3149557 3190756
3149557 3190756
3149558 3190755
3149557 3190753
3149556 3190749
3149556 3190748
3149556 3190745
3149556 3190743
3149555 3190740
3149554 3190736
3149554 3190735
3149555 3190733
3149555 3190731
3149553 3190730
3149553 3190728
3149554 3190727
3149554 3190727
3149553 3190724
3149553 3190725
3149552 3190725
3149553 3190724
3149553 3190723
3149553 3190724
3149553 3190722
3149554 3190724
3149553 3190723
3149552 3190724
3149553 3190725
3149554 3190725
3149553 3190727
3149553 3190726
3149552 3190725
3149553 3190725
3149553 3190725
3149554 3190726
3149553 3190726
3149552 3190725
3149552 3190726
3149552 3190724
3149553 3190723
3149552 3190724
3149553 3190724
3149553 3190725
3149553 3190727
3149553 3190729
3149553 3190732
3149553 3190736
3149553 3190740
3149554 3190740
3149555 3190742
3149553 3190746
3149554 3190749
3149555 3190751
3149555 3190753
3149554 3190754
3149557 3190755
3149556 3190758
3149556 3190759
3149555 3190760
3149555 3190761
3149557 3190761
3149556 3190763
3149556 3190761
3149556 3190763
3149556 3190764
3149556 3190765
3149557 3190766
3149557 3190766
3149558 3190765
3149557 3190766
3149558 3190767
3149556 3190768
3149556 3190767
3149557 3190771
3149557 3190770
3149557 3190770
3149557 3190772
3149558 3190773
3149558 3190773
3149556 3190772
3149557 3190775
3149558 3190777
3149558 3190778
3149558 3190778
3149559 3190778
3149558 3190781
3149558 3190781
3149558 3190782
3149558 3190785
3149558 3190784
3149560 3190786
3149559 3190787
3149560 3190787
3149559 3190788
3149560 3190789
3149559 3190792
3149560 3190793
3149560 3190795
3149562 3190797
3149559 3190797
3149561 3190799
3149559 3190799
3149561 3190798
3149560 3190798
3149559 3190795
3149560 3190793
3149559 3190790
3149559 3190788
3149558 3190786
3149558 3190784
3149558 3190783
3149558 3190779
3149557 3190777
3149557 3190775
3149557 3190776
3149557 3190776
3149557 3190777
3149556 3190775
3149557 3190776
3149557 3190776
3149556 3190775
3149556 3190774
3149555 3190774
3149556 3190775
3149555 3190775
3149555 3190774
3149556 3190775
3149556 3190776
3149556 3190775
3149556 3190776
3149556 3190776
3149555 3190775
3149556 3190777
3149557 3190776
3149556 3190776
3149556 3190774
3149556 3190775
3149556 3190775
3149556 3190774
3149557 3190774
3149555 3190775
3149557 3190775
3149557 3190774
3149556 3190773
3149556 3190772
3149556 3190771
3149555 3190772
3149555 3190770
3149555 3190769
3149556 3190769
3149555 3190767
3149556 3190769
3149555 3190766
3149556 3190766
3149556 3190764
3149555 3190765
3149555 3190766
3149556 3190765
3149554 3190764
3149555 3190764
3149557 3190766
3149554 3190764
3149555 3190766
3149556 3190766
3149556 3190766
3149556 3190768
3149556 3190769
3149556 3190769
3149558 3190768
3149557 3190770
3149556 3190770
3149557 3190771
3149557 3190773
3149556 3190773
3149556 3190772
3149557 3190774
3149557 3190775
3149558 3190774
3149558 3190774
3149557 3190775
3149557 3190775
3149557 3190775
3149557 3190775
3149558 3190775
3149558 3190776
3149557 3190776
3149559 3190775
3149556 3190776
3149557 3190776
3149558 3190776
3149558 3190777
3149558 3190776
3149558 3190776
3149558 3190776
3149557 3190778
3149558 3190777
3149558 3190776
3149558 3190778
3149558 3190780
3149558 3190779
3149558 3190780
3149559 3190784
3149560 3190784
3149560 3190784
3149559 3190784
3149559 3190786
3149559 3190788
3149559 3190788
3149560 3190789
3149560 3190789
3149560 3190787
3149559 3190786
3149558 3190783
3149557 3190780
3149558 3190777
3149557 3190774
3149557 3190775
3149556 3190772
3149556 3190770
3149557 3190769
3149555 3190767
3149556 3190766
3149556 3190764
3149555 3190765
3149554 3190765
3149555 3190762
3149555 3190761
3149555 3190761
3149554 3190762
3149554 3190761
3149554 3190761
3149555 3190762
3149555 3190763
3149554 3190762
3149555 3190764
3149555 3190764
3149555 3190765
3149556 3190764
3149553 3190765
3149555 3190766
3149555 3190766
3149555 3190767
3149555 3190767
3149556 3190767
3149556 3190766
3149555 3190768
3149556 3190767
3149556 3190768
3149555 3190768
3149555 3190768
3149555 3190767
3149554 3190768
3149555 3190767
3149554 3190768
3149554 3190769
3149555 3190768
3149555 3190767
3149556 3190770
3149555 3190770
3149555 3190768
3149555 3190772
3149555 3190773
3149556 3190771
3149556 3190771
3149555 3190772
3149555 3190773
3149556 3190773
3149556 3190772
3149556 3190773
3149556 3190775
3149556 3190775
3149556 3190775
3149556 3190776
3149558 3190776
3149557 3190778
3149556 3190779
3149558 3190779
3149556 3190779
3149557 3190780
3149556 3190780
3149557 3190781
3149556 3190780
3149558 3190782
3149557 3190782
3149557 3190783
3149558 3190784
3149557 3190783
3149557 3190784
3149555 3190784
3149559 3190784
3149557 3190786
3149557 3190785
3149558 3190786
3149558 3190786
3149558 3190789
3149558 3190787
3149558 3190789
3149558 3190789
3149558 3190791
3149559 3190792
3149557 3190791
3149559 3190792
3149559 3190794
3149559 3190793
3149558 3190793
3149559 3190796
3149559 3190796
3149559 3190795
3149559 3190797
3149560 3190798
3149560 3190799
3149559 3190800
3149559 3190802
3149559 3190800
3149560 3190798
3149559 3190798
3149559 3190796
3149559 3190794
3149559 3190791
3149558 3190789
3149558 3190788
3149556 3190786
3149557 3190784
3149556 3190782
3149556 3190779
3149556 3190778
3149557 3190778
3149555 3190776
3149555 3190775
3149555 3190775
3149555 3190774
3149555 3190772
3149555 3190774
3149555 3190774
3149555 3190773
3149556 3190775
3149556 3190776
3149555 3190775
3149556 3190775
3149555 3190776
3149555 3190776
3149557 3190777
3149555 3190777
3149556 3190778
3149555 3190777
3149556 3190774
3149554 3190776
3149556 3190775
3149556 3190774
3149556 3190772
3149555 3190773
3149554 3190772
3149555 3190772
3149555 3190771
3149556 3190773
3149555 3190772
3149555 3190771
3149554 3190770
3149557 3190773
3149555 3190771
3149554 3190773
3149556 3190772
3149555 3190771
3149555 3190773
3149555 3190773
3149555 3190771
3149556 3190772
3149556 3190773
3149555 3190774
3149555 3190773
3149556 3190774
3149556 3190776
3149555 3190776
3149556 3190778
3149556 3190777
3149557 3190778
3149556 3190779
3149555 3190777
3149557 3190779
3149556 3190780
3149557 3190781
3149555 3190780
3149557 3190781
3149557 3190780
3149557 3190780
3149557 3190781
3149556 3190782
3149557 3190781
3149558 3190782
3149558 3190784
3149558 3190784
3149558 3190785
3149557 3190785
3149557 3190785
3149558 3190787
3149558 3190788
3149557 3190788
3149558 3190789
3149558 3190790
3149558 3190790
3149558 3190791
3149558 3190790
3149558 3190792
3149558 3190792
3149559 3190793
3149559 3190794
3149558 3190795
3149559 3190796
3149558 3190795
3149557 3190793
3149558 3190792
3149557 3190790
3149557 3190788
3149559 3190786
3149557 3190784
3149555 3190780
3149555 3190779
3149557 3190777
3149556 3190774
3149554 3190772
3149555 3190769
3149554 3190768
3149554 3190769
3149554 3190768
3149554 3190767
3149553 3190766
3149554 3190765
3149555 3190765
3149553 3190764
3149554 3190764
3149554 3190764
3149555 3190763
3149554 3190764
3149554 3190764
3149554 3190766
3149554 3190765
3149556 3190766
3149555 3190767
3149554 3190766
3149553 3190765
3149554 3190765
3149554 3190764
3149554 3190764
3149554 3190765
3149554 3190765
3149554 3190764
3149555 3190764
3149554 3190764
3149554 3190762
3149554 3190763
3149554 3190762
3149553 3190762
3149554 3190762
3149554 3190761
3149553 3190761
3149552 3190762
3149554 3190761
3149554 3190764
3149553 3190764
3149554 3190765
3149554 3190765
3149554 3190765
3149555 3190765
3149553 3190767
3149554 3190765
3149555 3190767
3149554 3190767
3149555 3190767
3149554 3190766
3149554 3190769
3149555 3190768
3149555 3190768
3149555 3190770
3149554 3190770
3149555 3190773
3149555 3190771
3149556 3190772
3149555 3190773
3149556 3190774
3149555 3190775
3149557 3190776
3149557 3190776
3149556 3190779
3149556 3190778
3149556 3190779
3149556 3190779
3149557 3190781
3149556 3190781
3149557 3190780
3149557 3190783
3149557 3190782
3149556 3190784
3149556 3190784
3149557 3190786
3149558 3190787
3149557 3190788
3149557 3190787
3149558 3190788
3149558 3190787
3149557 3190789
3149557 3190790
3149557 3190792
3149558 3190794
3149559 3190794
3149558 3190793
3149559 3190796
3149558 3190796
3149559 3190798
3149559 3190800
3149557 3190802
3149559 3190804
3149559 3190804
3149559 3190804
3149560 3190803
3149559 3190804
3149559 3190803
3149558 3190803
3149558 3190799
3149558 3190798
3149557 3190795
3149557 3190792
3149556 3190790
3149556 3190789
3149556 3190788
3149556 3190783
3149555 3190782
3149555 3190779
3149555 3190777
3149554 3190775
3149555 3190775
3149553 3190775
3149553 3190773
3149554 3190773
3149554 3190770
3149555 3190770
3149554 3190773
3149554 3190772
3149554 3190771
3149553 3190771
3149553 3190773
3149553 3190770
3149555 3190773
3149554 3190774
3149553 3190777
3149554 3190777
3149554 3190778
3149554 3190779
3149555 3190780
3149553 3190780
3149554 3190779
3149554 3190779
3149554 3190781
3149554 3190782
3149554 3190779
3149554 3190779
3149554 3190779
3149554 3190779
3149554 3190778
3149555 3190780
3149554 3190780
3149554 3190780
3149554 3190779
3149554 3190780
3149554 3190780
3149553 3190781
3149554 3190781
3149554 3190782
3149554 3190782
3149554 3190782
3149555 3190783
3149554 3190783
3149554 3190785
3149554 3190786
3149555 3190787
3149555 3190786
3149554 3190787
3149556 3190789
3149555 3190790
3149555 3190790
3149555 3190791
3149555 3190792
3149555 3190794
3149555 3190793
3149556 3190794
3149554 3190794
3149556 3190794
3149556 3190796
3149556 3190799
3149556 3190799
3149557 3190799
3149557 3190801
3149556 3190800
3149555 3190802
3149556 3190801
3149558 3190805
3149557 3190802
3149556 3190804
3149557 3190805
3149557 3190807
3149556 3190807
3149558 3190809
3149557 3190809
3149558 3190809
3149558 3190812
3149558 3190812
3149559 3190813
3149558 3190815
3149558 3190815
3149559 3190817
3149559 3190818
3149559 3190819
3149558 3190820
3149559 3190822
3149559 3190823
3149559 3190824
3149559 3190824
3149560 3190826
3149559 3190827
3149560 3190827
3149560 3190827
3149560 3190830
3149561 3190832
3149560 3190832
3149560 3190835
3149561 3190837
3149560 3190837
3149561 3190839
3149561 3190840
3149561 3190841
3149562 3190844
3149562 3190841
3149561 3190841
3149560 3190841
3149561 3190840
3149561 3190837
3149559 3190836
3149560 3190835
3149559 3190829
3149559 3190827
3149558 3190826
3149558 3190825
3149558 3190823
3149557 3190821
3149557 3190819
3149556 3190817
3149557 3190817
3149557 3190815
3149556 3190815
3149557 3190814
3149556 3190814
3149555 3190812
3149556 3190811
3149556 3190812
3149556 3190813
3149556 3190811
3149556 3190811
3149556 3190812
3149556 3190812
3149556 3190813
3149556 3190814
3149557 3190812
3149557 3190813
3149558 3190814
3149556 3190814
3149556 3190812
3149557 3190813
3149557 3190813
3149555 3190812
3149556 3190814
3149556 3190813
3149555 3190813
3149556 3190814
3149556 3190814
3149556 3190814
3149556 3190813
3149555 3190812
3149556 3190813
3149556 3190813
3149556 3190812
3149555 3190811
3149555 3190812
3149557 3190813
3149557 3190814
3149556 3190812
3149556 3190813
3149556 3190815
3149556 3190814
3149556 3190813
3149556 3190814
3149557 3190815
3149557 3190816
3149556 3190817
3149557 3190820
3149557 3190819
3149557 3190818
3149556 3190820
3149557 3190819
3149558 3190820
3149557 3190818
3149558 3190822
3149559 3190824
3149558 3190823
3149558 3190822
3149558 3190823
3149557 3190823
3149558 3190822
3149558 3190824
3149556 3190825
3149559 3190826
3149558 3190829
3149559 3190828
3149559 3190830
3149559 3190830
3149559 3190832
3149558 3190832
3149558 3190832
3149559 3190833
3149559 3190834
3149559 3190835
3149558 3190836
3149559 3190837
3149559 3190836
3149560 3190838
3149560 3190840
3149561 3190842
3149560 3190842
3149560 3190844
3149561 3190846
3149561 3190847
3149561 3190848
3149562 3190850
3149562 3190852
3149563 3190853
3149561 3190854
3149561 3190856
3149563 3190858
3149562 3190858
3149561 3190857
3149562 3190860
3149563 3190862
3149562 3190864
3149562 3190864
3149562 3190866
3149562 3190866
3149563 3190867
3149563 3190868
3149563 3190872
3149564 3190872
3149563 3190874
3149564 3190875
3149564 3190876
3149566 3190876
3149564 3190875
3149563 3190874
3149563 3190871
3149563 3190871
3149563 3190867
3149562 3190866
3149561 3190864
3149562 3190863
3149560 3190862
3149561 3190859
3149561 3190858
3149560 3190857
3149560 3190857
3149561 3190855
3149560 3190855
3149560 3190853
3149560 3190853
3149559 3190852
3149560 3190854
3149559 3190853
3149560 3190851
3149558 3190851
3149559 3190851
3149559 3190851
3149560 3190852
3149559 3190852
3149560 3190854
3149559 3190853
3149560 3190854
3149560 3190855
3149560 3190854
3149559 3190854
3149560 3190854
3149559 3190854
3149560 3190855
3149561 3190854
3149559 3190855
3149560 3190853
3149559 3190854
3149560 3190854
3149560 3190854
3149560 3190855
3149560 3190854
3149560 3190855
3149560 3190853
3149560 3190853
3149559 3190855
3149560 3190856
3149559 3190855
3149559 3190855
3149559 3190856
3149559 3190856
3149560 3190857
3149560 3190858
3149561 3190859
3149561 3190859
3149560 3190860
3149560 3190861
3149561 3190861
3149561 3190860
3149560 3190861
3149561 3190862
3149560 3190861
3149561 3190865
3149561 3190867
3149562 3190865
3149561 3190867
3149562 3190869
3149560 3190869
3149561 3190868
3149561 3190868
3149563 3190872
3149562 3190869
3149562 3190873
3149563 3190871
3149562 3190874
3149562 3190874
3149562 3190875
3149563 3190875
3149562 3190876
3149564 3190878
3149562 3190878
3149563 3190880
3149564 3190879
3149563 3190878
3149563 3190881
3149562 3190879
3149563 3190879
3149563 3190879
3149563 3190879
3149564 3190881
3149565 3190880
3149564 3190882
3149564 3190883
3149563 3190883
3149564 3190885
3149563 3190884
3149564 3190883
3149565 3190884
3149564 3190885
3149564 3190888
3149564 3190889
3149565 3190891
3149564 3190892
3149565 3190892
3149565 3190890
3149564 3190889
3149565 3190887
3149563 3190888
3149563 3190885
3149563 3190882
3149563 3190881
3149563 3190880
3149563 3190879
3149562 3190876
3149562 3190874
3149562 3190874
3149562 3190873
3149561 3190871
3149561 3190873
3149560 3190870
3149561 3190870
3149561 3190869
3149562 3190869
3149560 3190868
3149560 3190869
3149561 3190869
3149561 3190869
3149561 3190869
3149561 3190869
3149561 3190871
3149561 3190871
3149561 3190872
3149562 3190871
3149561 3190869
3149562 3190871
3149562 3190872
3149562 3190872
3149562 3190871
3149561 3190871
3149562 3190869
3149562 3190871
3149562 3190870
3149561 3190870
3149562 3190869
3149561 3190871
3149562 3190868
3149562 3190868
3149560 3190870
3149562 3190868
3149562 3190869
3149562 3190867
3149561 3190869
3149562 3190869
3149561 3190868
3149561 3190869
3149562 3190870
3149561 3190870
3149561 3190870
3149561 3190870
3149562 3190870
3149562 3190872
3149562 3190871
3149562 3190874
3149562 3190872
3149562 3190874
3149563 3190873
3149562 3190874
3149562 3190875
3149563 3190874
3149563 3190876
3149564 3190876
3149563 3190877
3149563 3190875
3149563 3190878
3149564 3190878
3149563 3190878
3149563 3190879
3149563 3190878
3149564 3190881
3149564 3190880
3149563 3190882
3149565 3190884
3149564 3190884
3149563 3190886
3149564 3190884
3149564 3190886
3149565 3190887
3149565 3190886
3149564 3190888
3149565 3190888
3149566 3190892
3149565 3190890
3149565 3190892
3149566 3190892
3149564 3190891
3149565 3190893
3149565 3190893
3149566 3190895
3149565 3190894
3149565 3190895
3149565 3190896
3149566 3190897
3149565 3190898
3149566 3190898
3149566 3190900
3149567 3190901
3149567 3190903
3149567 3190904
3149567 3190904
3149567 3190904
3149567 3190904
3149565 3190901
3149566 3190901
3149565 3190898
3149564 3190895
3149565 3190894
3149564 3190891
3149564 3190888
3149564 3190887
3149563 3190885
3149563 3190883
3149563 3190881
3149563 3190878
3149562 3190878
3149561 3190877
3149562 3190876
3149561 3190874
3149561 3190874
3149561 3190873
3149561 3190872
3149561 3190870
3149560 3190870
3149562 3190870
3149560 3190867
3149561 3190867
3149561 3190868
3149560 3190868
3149561 3190868
3149561 3190867
3149560 3190868
3149561 3190867
3149561 3190866
3149561 3190866
3149560 3190864
3149561 3190865
3149559 3190863
3149560 3190861
3149561 3190863
3149561 3190860
3149560 3190860
3149560 3190861
3149560 3190858
3149560 3190858
3149560 3190859
3149560 3190859
3149562 3190857
3149561 3190857
3149561 3190856
3149559 3190856
3149559 3190855
3149560 3190857
3149560 3190857
3149560 3190856
3149560 3190857
3149560 3190856
3149559 3190857
3149560 3190858
3149560 3190858
3149560 3190859
3149559 3190858
3149560 3190859
3149561 3190859
3149561 3190859
3149562 3190859
3149561 3190859
3149559 3190860
3149560 3190861
3149560 3190860
3149562 3190860
3149560 3190863
3149561 3190862
3149561 3190864
3149561 3190861
3149561 3190862
3149562 3190862
3149561 3190862
3149560 3190863
3149562 3190863
3149562 3190862
3149561 3190863
3149561 3190862
3149561 3190864
3149561 3190864
3149562 3190864
3149562 3190865
3149563 3190865
3149562 3190865
3149563 3190865
3149562 3190866
3149562 3190865
3149563 3190869
3149562 3190866
3149563 3190869
3149562 3190868
3149563 3190868
3149563 3190870
3149563 3190871
3149563 3190869
3149564 3190872
3149562 3190872
3149563 3190871
3149563 3190872
3149562 3190873
3149564 3190873
3149562 3190873
3149564 3190873
3149564 3190874
3149563 3190874
3149564 3190876
3149564 3190877
3149564 3190877
3149565 3190878
3149564 3190880
3149564 3190881
3149565 3190882
3149563 3190881
3149565 3190882
3149564 3190882
3149565 3190881
3149564 3190879
3149564 3190877
3149564 3190876
3149563 3190874
3149562 3190871
3149561 3190868
3149562 3190864
3149562 3190863
3149561 3190860
3149559 3190858
3149561 3190855
3149560 3190851
3149559 3190853
3149559 3190850
3149558 3190849
3149559 3190848
3149560 3190847
3149558 3190846
3149559 3190844
3149558 3190844
3149558 3190843
3149558 3190843
3149558 3190841
3149558 3190840
3149558 3190840
3149558 3190841
3149559 3190839
3149559 3190841
3149558 3190838
3149557 3190838
3149558 3190838
3149558 3190839
3149559 3190837
3149558 3190837
3149557 3190836
3149558 3190835
3149558 3190833
3149558 3190833
3149557 3190834
3149557 3190832
3149557 3190832
3149557 3190833
3149557 3190830
3149557 3190831
3149556 3190831
3149557 3190830
3149557 3190830
3149556 3190829
3149557 3190829
3149558 3190830
3149557 3190829
3149558 3190832
3149557 3190830
3149557 3190829
3149556 3190829
3149557 3190830
3149556 3190831
3149556 3190830
3149558 3190832
3149557 3190832
3149557 3190834
3149557 3190832
3149557 3190834
3149557 3190833
3149557 3190835
3149558 3190836
3149557 3190836
3149558 3190835
3149558 3190836
3149558 3190836
3149558 3190838
3149557 3190838
3149559 3190839
3149559 3190840
3149560 3190838
3149559 3190838
3149559 3190841
3149560 3190841
3149559 3190842
3149558 3190842
3149559 3190841
3149559 3190842
3149559 3190843
3149559 3190843
3149559 3190845
3149560 3190844
3149560 3190846
3149559 3190848
3149559 3190847
3149560 3190850
3149560 3190848
3149559 3190850
3149560 3190851
3149561 3190850
3149560 3190851
3149560 3190853
3149561 3190854
3149560 3190853
3149561 3190856
3149560 3190855
3149559 3190856
3149560 3190859
3149561 3190860
3149560 3190861
3149562 3190863
3149561 3190863
3149561 3190866
3149561 3190865
3149562 3190867
3149562 3190868
3149563 3190870
3149562 3190872
3149562 3190870
3149563 3190870
3149562 3190872
3149562 3190870
3149562 3190867
3149561 3190865
3149562 3190863
3149562 3190860
3149560 3190859
3149560 3190855
3149559 3190852
3149559 3190851
3149558 3190850
3149557 3190847
3149558 3190845
3149558 3190844
3149558 3190843
3149557 3190842
3149555 3190843
3149557 3190842
3149557 3190841
3149558 3190841
3149557 3190841
3149558 3190840
3149558 3190841
3149558 3190842
3149557 3190841
3149557 3190841
3149557 3190842
3149558 3190841
3149556 3190843
3149556 3190841
3149558 3190840
3149557 3190841
3149557 3190839
3149558 3190839
3149557 3190839
3149557 3190840
3149557 3190839
3149557 3190839
3149556 3190839
3149557 3190838
3149558 3190839
3149557 3190836
3149556 3190836
3149556 3190837
3149556 3190836
3149556 3190836
3149556 3190834
3149557 3190836
3149556 3190834
3149557 3190835
3149557 3190835
3149556 3190838
3149556 3190837
3149557 3190836
3149556 3190835
3149558 3190837
3149558 3190837
3149557 3190837
3149555 3190838
3149557 3190839
3149558 3190839
3149557 3190837
3149558 3190839
3149557 3190840
3149557 3190840
3149557 3190841
3149557 3190841
3149558 3190843
3149558 3190842
3149557 3190844
3149558 3190844
3149558 3190845
3149558 3190846
3149557 3190847
3149559 3190847
3149558 3190850
3149559 3190849
3149558 3190849
3149559 3190850
3149559 3190852
3149559 3190851
3149560 3190851
3149559 3190853
3149561 3190854
3149559 3190854
3149559 3190855
3149561 3190857
3149561 3190857
3149558 3190859
3149559 3190858
3149559 3190858
3149560 3190859
3149560 3190861
3149560 3190862
3149560 3190862
3149561 3190864
3149561 3190866
3149561 3190866
3149561 3190866
3149560 3190867
3149560 3190870
3149561 3190869
3149561 3190871
3149561 3190868
3149561 3190870
3149560 3190868
3149561 3190867
3149559 3190865
3149561 3190861
3149559 3190860
3149559 3190856
3149559 3190855
3149558 3190852
3149559 3190851
3149557 3190849
3149557 3190847
3149556 3190846
3149556 3190845
3149557 3190844
3149557 3190843
3149556 3190842
3149556 3190842
3149557 3190844
3149555 3190841
3149556 3190842
3149557 3190840
3149556 3190842
3149557 3190841
3149557 3190842
3149558 3190841
3149557 3190841
3149556 3190842
3149557 3190843
3149556 3190841
3149557 3190842
3149557 3190842
3149556 3190842
3149557 3190842
3149556 3190841
3149556 3190840
3149557 3190843
3149556 3190841
3149557 3190840
3149557 3190840
3149556 3190840
3149556 3190839
3149555 3190839
3149557 3190841
3149555 3190839
3149557 3190839
3149556 3190838
3149556 3190838
3149555 3190838
3149555 3190839
3149556 3190840
3149555 3190840
3149556 3190841
3149557 3190840
3149556 3190842
3149556 3190842
3149557 3190841
3149556 3190841
3149557 3190845
3149557 3190844
3149557 3190845
3149556 3190845
3149557 3190848
3149557 3190847
3149559 3190846
3149557 3190846
3149557 3190849
3149558 3190850
3149557 3190851
3149558 3190850
3149558 3190850
3149557 3190852
3149558 3190851
3149558 3190852
3149558 3190853
3149558 3190854
3149559 3190853
3149559 3190854
3149559 3190853
3149559 3190854
3149558 3190855
3149558 3190856
3149558 3190856
3149559 3190857
3149559 3190856
3149559 3190857
3149559 3190857
3149559 3190857
3149558 3190860
3149558 3190858
3149560 3190859
3149560 3190859
3149558 3190860
3149558 3190862
3149560 3190861
3149560 3190861
3149560 3190863
3149560 3190865
3149560 3190865
3149561 3190866
3149561 3190868
3149561 3190869
3149561 3190869
3149561 3190871
3149562 3190871
3149561 3190873
3149561 3190875
3149561 3190875
3149561 3190877
3149562 3190876
3149560 3190877
3149562 3190873
3149560 3190872
3149560 3190871
3149560 3190867
3149559 3190866
3149558 3190863
3149559 3190861
3149558 3190858
3149558 3190855
3149558 3190854
3149556 3190853
3149557 3190851
3149556 3190850
3149556 3190849
3149556 3190847
3149556 3190846
3149557 3190846
3149556 3190846
3149555 3190844
3149556 3190844
3149555 3190843
3149555 3190842
3149556 3190843
3149556 3190843
3149555 3190844
3149556 3190844
3149555 3190843
3149556 3190843
3149557 3190843
3149556 3190843
3149556 3190844
3149556 3190843
3149556 3190843
3149556 3190842
3149555 3190843
3149556 3190843
3149556 3190843
3149556 3190842
3149556 3190841
3149556 3190840
3149556 3190840
3149555 3190841
3149555 3190840
3149555 3190838
3149556 3190840
3149556 3190840
3149555 3190838
3149555 3190840
3149555 3190839
3149555 3190840
3149555 3190841
3149557 3190840
3149556 3190843
3149555 3190842
3149557 3190842
3149556 3190842
3149555 3190844
3149556 3190846
3149556 3190848
3149556 3190849
3149555 3190847
3149557 3190847
3149557 3190848
3149557 3190849
3149556 3190851
3149557 3190851
3149557 3190852
3149557 3190853
3149557 3190853
3149558 3190854
3149558 3190855
3149557 3190855
3149557 3190855
3149557 3190856
3149557 3190857
3149558 3190857
3149558 3190857
3149559 3190859
3149558 3190860
3149558 3190860
3149558 3190861
3149558 3190862
3149558 3190864
3149558 3190862
3149559 3190863
3149559 3190864
3149559 3190865
3149558 3190866
3149559 3190864
3149559 3190866
3149558 3190865
3149560 3190869
3149559 3190869
3149561 3190871
3149559 3190869
3149558 3190871
3149560 3190871
3149559 3190875
3149560 3190874
3149560 3190875
3149560 3190875
3149560 3190879
3149560 3190879
3149562 3190879
3149560 3190880
3149561 3190884
3149561 3190882
3149561 3190885
3149560 3190885
3149561 3190886
3149561 3190886
3149561 3190888
3149562 3190890
3149562 3190890
3149562 3190893
3149562 3190892
3149562 3190893
3149563 3190895
3149564 3190895
3149564 3190896
3149563 3190897
3149563 3190896
3149564 3190895
3149562 3190893
3149562 3190891
3149561 3190889
3149561 3190887
3149560 3190886
3149559 3190882
3149559 3190882
3149559 3190881
3149560 3190879
3149559 3190877
3149558 3190874
3149558 3190872
3149559 3190872
3149559 3190871
3149558 3190870
3149558 3190869
3149557 3190870
3149557 3190869
3149557 3190869
3149558 3190868
3149559 3190871
3149557 3190868
3149557 3190870
3149558 3190870
3149558 3190870
3149558 3190870
3149559 3190870
3149558 3190870
3149559 3190870
3149557 3190871
3149557 3190870
3149558 3190870
3149558 3190870
3149558 3190870
3149558 3190871
3149558 3190872
3149557 3190871
3149558 3190871
3149558 3190871
3149558 3190869
3149559 3190870
3149557 3190869
3149557 3190869
3149558 3190869
3149557 3190870
3149558 3190869
3149559 3190869
3149558 3190869
3149558 3190870
3149558 3190870
3149558 3190871
3149559 3190873
3149557 3190871
3149557 3190873
3149558 3190872
3149559 3190874
3149558 3190875
3149559 3190875
3149558 3190877
3149559 3190878
3149557 3190877
3149558 3190878
3149560 3190879
3149559 3190881
3149559 3190879
3149559 3190883
3149560 3190884
3149559 3190884
3149561 3190885
3149560 3190886
3149561 3190887
3149560 3190887
3149560 3190888
3149561 3190890
3149560 3190890
3149561 3190890
3149560 3190891
3149560 3190892
3149561 3190893
3149561 3190894
3149562 3190894
3149561 3190896
3149560 3190896
3149562 3190895
3149561 3190898
3149562 3190899
3149561 3190900
3149562 3190900
3149562 3190902
3149562 3190903
3149562 3190903
3149562 3190904
3149562 3190904
3149563 3190907
3149563 3190907
3149562 3190909
3149563 3190910
3149563 3190909
3149563 3190912
3149563 3190913
3149562 3190914
3149563 3190914
3149565 3190916
3149564 3190918
3149563 3190917
3149564 3190918
3149564 3190919
3149564 3190920
3149565 3190921
3149564 3190922
3149564 3190924
3149565 3190925
3149565 3190926
3149565 3190928
3149564 3190928
3149564 3190928
3149565 3190929
3149565 3190929
3149564 3190928
3149565 3190927
3149564 3190926
3149564 3190925
3149564 3190921
3149562 3190919
3149563 3190919
3149564 3190918
3149563 3190916
3149563 3190913
3149561 3190912
3149560 3190909
3149561 3190909
3149561 3190909
3149562 3190908
3149562 3190908
3149561 3190906
3149561 3190905
3149561 3190906
3149560 3190905
3149560 3190906
3149560 3190907
3149560 3190907
3149561 3190907
3149560 3190908
3149560 3190910
3149562 3190908
3149561 3190909
3149562 3190909
3149561 3190908
3149561 3190908
3149561 3190908
3149560 3190907
3149561 3190907
3149562 3190907
3149561 3190908
3149561 3190906
3149561 3190904
3149561 3190905
3149561 3190907
3149561 3190906
3149560 3190906
3149560 3190905
3149562 3190904
3149561 3190905
3149561 3190906
3149562 3190904
3149560 3190902
3149561 3190904
3149561 3190903
3149561 3190904
3149561 3190905
3149561 3190905
3149561 3190903
3149561 3190904
3149563 3190904
3149562 3190904
3149563 3190904
3149561 3190906
3149561 3190906
3149560 3190906
3149562 3190905
3149561 3190906
3149561 3190906
3149562 3190906
3149562 3190906
3149561 3190905
3149563 3190907
3149562 3190909
3149562 3190908
3149561 3190908
3149562 3190908
3149563 3190909
3149562 3190908
3149563 3190910
3149562 3190909
3149562 3190910
3149561 3190909
3149564 3190911
3149562 3190909
3149562 3190912
3149564 3190911
3149563 3190912
3149563 3190911
3149564 3190913
3149563 3190911
3149562 3190911
3149562 3190912
3149562 3190914
3149562 3190914
3149564 3190913
3149564 3190915
3149563 3190916
3149564 3190915
3149563 3190916
3149564 3190915
3149564 3190916
3149564 3190918
3149564 3190918
3149565 3190918
3149564 3190917
3149564 3190919
3149564 3190917
3149564 3190917
3149565 3190917
3149564 3190916
3149563 3190914
3149564 3190910
3149564 3190909
3149562 3190906
3149561 3190903
3149562 3190900
3149561 3190897
3149561 3190895
3149560 3190891
3149559 3190888
3149559 3190884
3149560 3190883
3149560 3190879
3149559 3190881
3149559 3190878
3149558 3190879
3149558 3190875
3149559 3190875
3149559 3190875
3149558 3190874
3149557 3190873
3149558 3190873
3149558 3190875
3149558 3190873
3149558 3190873
3149558 3190873
3149559 3190874
3149559 3190873
3149559 3190872
3149559 3190872
3149559 3190870
3149558 3190870
3149559 3190869
3149557 3190867
3149559 3190866
3149558 3190864
3149559 3190863
3149558 3190860
3149558 3190862
3149559 3190861
3149559 3190860
3149557 3190858
3149557 3190857
3149557 3190858
3149557 3190855
3149558 3190856
3149557 3190856
3149558 3190854
3149558 3190853
3149557 3190853
3149556 3190853
3149557 3190853
3149558 3190852
3149557 3190852
3149557 3190851
3149557 3190852
3149557 3190850
3149558 3190851
3149558 3190851
3149557 3190850
3149556 3190848
3149557 3190847
3149557 3190848
3149558 3190847
3149558 3190848
3149557 3190848
3149558 3190847
3149558 3190847
3149558 3190846
3149558 3190847
3149557 3190844
3149557 3190845
3149558 3190843
3149558 3190843
3149557 3190843
3149557 3190843
3149557 3190842
3149559 3190841
3149559 3190842
3149558 3190842
3149558 3190840
3149559 3190841
3149559 3190840
3149558 3190839
3149558 3190838
3149558 3190837
3149558 3190836
3149558 3190835
3149558 3190834
3149558 3190834
3149558 3190832
3149558 3190830
3149558 3190832
3149558 3190831
3149557 3190833
3149558 3190831
3149558 3190831
3149559 3190830
3149557 3190832
3149559 3190833
3149558 3190833
3149559 3190835
3149559 3190835
3149559 3190835
3149559 3190836
3149559 3190836
3149558 3190835
3149558 3190833
3149559 3190831
3149559 3190828
3149557 3190826
3149557 3190825
3149556 3190823
3149556 3190817
3149555 3190818
3149555 3190814
3149555 3190811
3149555 3190810
3149554 3190808
3149553 3190806
3149555 3190802
3149553 3190800
3149553 3190800
3149553 3190798
3149553 3190798
3149552 3190797
3149552 3190797
3149552 3190794
3149552 3190794
3149552 3190795
3149553 3190792
3149552 3190793
3149553 3190793
3149552 3190791
3149553 3190791
3149551 3190793
3149552 3190791
3149552 3190790
3149553 3190789
3149552 3190788
3149551 3190789
3149552 3190787
3149552 3190787
3149552 3190786
3149552 3190785
3149551 3190784
3149552 3190783
3149551 3190782
3149551 3190782
3149551 3190780
3149552 3190781
3149552 3190780
3149551 3190779
3149551 3190779
3149551 3190778
3149550 3190777
3149551 3190776
3149551 3190777
3149550 3190776
3149550 3190777
3149551 3190775
3149550 3190774
3149550 3190775
3149550 3190773
3149551 3190776
3149551 3190775
3149552 3190775
3149552 3190777
3149552 3190777
3149551 3190780
3149552 3190780
3149552 3190782
3149553 3190780
3149552 3190782
3149552 3190781
3149552 3190782
3149552 3190781
3149553 3190784
3149552 3190782
3149552 3190782
3149554 3190782
3149553 3190783
3149552 3190784
3149553 3190786
3149553 3190785
3149552 3190787
3149553 3190786
3149554 3190788
3149554 3190788
3149553 3190788
3149554 3190789
3149553 3190788
3149553 3190790
3149553 3190792
3149553 3190792
3149553 3190793
3149554 3190794
3149554 3190795
3149554 3190796
3149553 3190797
3149553 3190799
3149554 3190799
3149554 3190800
3149555 3190800
3149554 3190802
3149556 3190804
3149555 3190805
3149555 3190807
3149555 3190807
3149555 3190808
3149555 3190809
3149556 3190811
3149557 3190811
3149555 3190812
3149556 3190813
3149557 3190815
3149557 3190816
3149556 3190817
3149557 3190818
3149557 3190819
3149558 3190820
3149557 3190820
3149556 3190820
3149557 3190820
3149557 3190822
3149556 3190819
3149556 3190818
3149555 3190813
3149556 3190812
3149555 3190810
3149555 3190807
3149554 3190803
3149552 3190801
3149553 3190799
3149552 3190797
3149553 3190793
3149553 3190795
3149553 3190791
3149552 3190791
3149551 3190791
3149551 3190787
3149551 3190788
3149552 3190787
3149550 3190787
3149550 3190787
3149551 3190785
3149550 3190786
3149550 3190785
3149551 3190787
3149551 3190786
3149550 3190786
3149551 3190787
3149551 3190785
3149551 3190786
3149551 3190787
3149551 3190785
3149551 3190786
3149552 3190787
3149551 3190787
3149551 3190788
3149552 3190787
3149551 3190786
3149550 3190784
3149552 3190786
3149552 3190786
3149551 3190786
3149550 3190786
3149551 3190784
3149551 3190785
3149550 3190784
3149551 3190784
3149551 3190785
3149551 3190785
3149552 3190784
3149551 3190784
3149550 3190785
3149551 3190785
3149551 3190786
3149551 3190787
3149551 3190787
3149551 3190788
3149551 3190789
3149551 3190789
3149550 3190791
3149552 3190792
3149552 3190792
3149551 3190793
3149552 3190795
3149552 3190795
3149552 3190796
3149553 3190798
3149552 3190798
3149552 3190800
3149552 3190800
3149553 3190802
3149553 3190803
3149552 3190804
3149552 3190805
3149554 3190805
3149553 3190805
3149554 3190807
3149553 3190809
3149554 3190809
3149554 3190808
3149555 3190808
3149554 3190810
3149554 3190811
3149554 3190813
3149554 3190813
3149555 3190815
3149555 3190814
3149554 3190817
3149554 3190817
3149554 3190818
3149556 3190821
3149555 3190820
3149554 3190820
3149555 3190821
3149556 3190823
3149555 3190823
3149556 3190824
3149555 3190826
3149557 3190827
3149557 3190829
3149556 3190830
3149556 3190831
3149557 3190832
3149556 3190834
3149556 3190835
3149556 3190836
3149557 3190836
3149558 3190839
3149558 3190840
3149558 3190842
3149558 3190844
3149558 3190844
3149558 3190846
3149558 3190847
3149559 3190847
3149559 3190850
3149559 3190847
3149558 3190847
3149558 3190847
3149557 3190846
3149557 3190844
3149556 3190842
3149556 3190841
3149557 3190839
3149556 3190836
3149556 3190833
3149554 3190833
3149556 3190831
3149554 3190828
3149554 3190828
3149554 3190827
3149553 3190825
3149554 3190826
3149553 3190825
3149552 3190825
3149553 3190826
3149554 3190825
3149553 3190825
3149553 3190826
3149553 3190826
3149553 3190828
3149554 3190827
3149555 3190828
3149554 3190829
3149555 3190828
3149554 3190829
3149553 3190830
3149554 3190831
3149554 3190830
3149554 3190830
3149554 3190831
3149555 3190830
3149553 3190831
3149554 3190831
3149554 3190830
3149554 3190831
3149553 3190831
3149554 3190831
3149554 3190831
3149556 3190831
3149554 3190831
3149554 3190831
3149555 3190830
3149555 3190832
3149555 3190833
3149554 3190832
3149555 3190831
3149555 3190832
3149555 3190832
3149554 3190834
3149555 3190834
3149554 3190834
3149554 3190836
3149555 3190835
3149554 3190835
3149556 3190837
3149555 3190837
3149556 3190837
3149555 3190838
3149556 3190837
3149555 3190839
3149556 3190838
3149556 3190841
3149556 3190841
3149555 3190843
3149556 3190842
3149555 3190844
3149556 3190843
3149557 3190843
3149557 3190848
3149556 3190847
3149556 3190847
3149558 3190849
3149557 3190849
3149557 3190852
3149556 3190852
3149557 3190853
3149557 3190853
3149557 3190854
3149557 3190854
3149558 3190856
3149557 3190858
3149558 3190857
3149558 3190857
3149559 3190858
3149558 3190859
3149558 3190863
3149559 3190862
3149559 3190862
3149559 3190863
3149558 3190864
3149558 3190866
3149558 3190866
3149559 3190868
3149559 3190869
3149560 3190870
3149559 3190872
3149561 3190872
3149560 3190873
3149560 3190874
3149560 3190872
3149560 3190872
3149559 3190870
3149560 3190870
3149558 3190867
3149558 3190865
3149559 3190864
3149557 3190862
3149557 3190860
3149556 3190858
3149556 3190855
3149555 3190854
3149556 3190852
3149557 3190849
3149556 3190850
3149555 3190851
3149555 3190850
3149555 3190850
3149555 3190848
3149555 3190847
3149556 3190846
3149556 3190848
3149556 3190850
3149555 3190849
3149556 3190850
3149555 3190849
3149556 3190852
3149555 3190853
3149557 3190852
3149556 3190852
3149557 3190852
3149555 3190853
3149556 3190851
3149557 3190851
3149556 3190850
3149556 3190851
3149556 3190850
3149555 3190851
3149557 3190851
3149555 3190850
3149557 3190851
3149555 3190852
3149556 3190849
3149555 3190851
3149556 3190850
3149556 3190848
3149555 3190850
3149555 3190849
3149556 3190850
3149556 3190850
3149557 3190852
3149558 3190852
3149556 3190852
3149556 3190853
3149556 3190855
3149556 3190854
3149556 3190856
3149557 3190858
3149557 3190855
3149557 3190855
3149557 3190858
3149557 3190857
3149558 3190860
3149557 3190860
3149557 3190861
3149558 3190862
3149557 3190863
3149558 3190865
3149557 3190865
3149557 3190866
3149559 3190866
3149558 3190867
3149558 3190865
3149559 3190866
3149558 3190868
3149559 3190872
3149558 3190872
3149558 3190872
3149559 3190872
3149560 3190872
3149558 3190874
3149559 3190873
3149560 3190874
3149559 3190875
3149559 3190876
3149560 3190878
3149559 3190877
3149559 3190878
3149559 3190879
3149560 3190880
3149560 3190880
3149560 3190881
3149559 3190881
3149559 3190883
3149560 3190885
3149561 3190885
3149561 3190887
3149561 3190887
3149560 3190889
3149561 3190887
3149561 3190888
3149563 3190889
3149562 3190891
3149562 3190893
3149562 3190895
3149562 3190895
3149562 3190897
3149562 3190897
3149562 3190899
3149562 3190899
3149562 3190897
3149560 3190896
3149561 3190893
3149561 3190892
3149560 3190888
3149560 3190886
3149560 3190884
3149559 3190882
3149559 3190880
3149558 3190877
3149559 3190875
3149558 3190873
3149558 3190871
3149558 3190870
3149559 3190867
3149556 3190868
3149557 3190866
3149558 3190866
3149557 3190865
3149557 3190865
3149556 3190864
3149557 3190864
3149556 3190864
3149557 3190864
3149558 3190865
3149557 3190864
3149557 3190865
3149558 3190864
3149557 3190863
3149558 3190864
3149557 3190865
3149557 3190864
3149557 3190864
3149557 3190863
3149557 3190862
3149556 3190862
3149557 3190862
3149556 3190863
3149556 3190862
3149558 3190861
3149557 3190859
3149557 3190861
3149557 3190860
3149556 3190860
3149556 3190861
3149558 3190859
3149556 3190859
3149556 3190860
3149557 3190857
3149556 3190860
3149556 3190859
3149556 3190860
3149557 3190860
3149556 3190861
3149556 3190862
3149557 3190860
3149557 3190859
3149557 3190862
3149557 3190862
3149556 3190861
3149557 3190861
3149557 3190862
3149557 3190862
3149557 3190863
3149556 3190863
3149558 3190861
3149558 3190864
3149558 3190866
3149557 3190864
3149557 3190865
3149558 3190864
3149558 3190865
3149558 3190866
3149558 3190867
3149559 3190868
3149558 3190868
3149557 3190869
3149559 3190871
3149559 3190871
3149558 3190871
3149558 3190872
3149559 3190870
3149559 3190871
3149558 3190872
3149560 3190873
3149560 3190874
3149558 3190874
3149558 3190875
3149559 3190874
3149560 3190874
3149559 3190874
3149560 3190875
3149559 3190877
3149559 3190878
3149561 3190879
3149560 3190878
3149560 3190880
3149560 3190879
3149560 3190881
3149560 3190882
3149560 3190883
3149560 3190884
3149560 3190885
3149561 3190886
3149560 3190888
3149562 3190887
3149562 3190889
3149560 3190887
3149562 3190888
3149561 3190892
3149561 3190890
3149562 3190893
3149563 3190896
3149562 3190896
3149562 3190896
3149561 3190897
3149562 3190898
3149562 3190899
3149563 3190897
3149563 3190896
3149563 3190897
3149561 3190896
3149561 3190894
3149561 3190891
3149561 3190888
3149561 3190886
3149560 3190883
3149560 3190881
3149559 3190878
3149558 3190873
3149558 3190875
3149557 3190872
3149557 3190871
3149557 3190869
3149558 3190868
3149557 3190867
3149557 3190867
3149558 3190866
3149556 3190865
3149557 3190866
3149558 3190866
3149556 3190865
3149556 3190863
3149558 3190865
3149558 3190864
3149556 3190864
3149558 3190864
3149556 3190866
3149557 3190863
3149557 3190865
3149556 3190864
3149558 3190863
3149558 3190862
3149558 3190863
3149557 3190862
3149557 3190862
3149557 3190862
3149558 3190861
3149556 3190862
3149557 3190859
3149557 3190860
3149558 3190859
3149557 3190860
3149556 3190859
3149556 3190858
3149557 3190858
3149557 3190858
3149556 3190857
3149557 3190857
3149556 3190856
3149557 3190857
3149556 3190857
3149556 3190859
3149557 3190858
3149556 3190859
3149556 3190859
3149557 3190860
3149557 3190859
3149558 3190860
3149557 3190858
3149558 3190860
3149557 3190860
3149558 3190861
3149558 3190862
3149558 3190863
3149558 3190862
3149557 3190862
3149558 3190863
3149558 3190864
3149559 3190866
3149558 3190867
3149557 3190866
3149559 3190866
3149558 3190867
3149558 3190868
3149558 3190868
3149559 3190869
3149559 3190870
3149558 3190870
3149559 3190870
3149560 3190871
3149559 3190874
3149560 3190875
3149559 3190873
3149559 3190874
3149560 3190875
3149559 3190877
3149559 3190878
3149560 3190878
3149560 3190880
3149560 3190881
3149560 3190881
3149559 3190880
3149560 3190881
3149560 3190882
3149560 3190883
3149560 3190883
3149560 3190884
3149560 3190886
3149561 3190887
3149561 3190886
3149561 3190889
3149562 3190892
3149562 3190891
3149562 3190891
3149562 3190893
3149562 3190895
3149562 3190894
3149562 3190896
3149561 3190897
3149562 3190896
3149562 3190898
3149562 3190901
3149562 3190899
3149564 3190902
3149563 3190903
3149563 3190902
3149561 3190904
3149563 3190903
3149563 3190903
3149562 3190902
3149562 3190900
3149562 3190899
3149561 3190896
3149561 3190892
3149560 3190892
3149561 3190890
3149559 3190887
3149560 3190885
3149559 3190883
3149559 3190883
3149559 3190879
3149559 3190879
3149558 3190877
3149558 3190878
3149559 3190876
3149558 3190876
3149558 3190876
3149557 3190876
3149558 3190876
3149559 3190876
3149559 3190876
3149559 3190876
3149558 3190875
3149557 3190875
3149558 3190875
3149559 3190877
3149557 3190875
3149558 3190877
3149559 3190875
3149557 3190875
3149558 3190876
3149558 3190876
3149558 3190877
3149557 3190877
3149559 3190876
3149558 3190876
3149558 3190876
3149558 3190875
3149557 3190873
3149558 3190875
3149558 3190873
3149558 3190873
3149558 3190873
3149558 3190874
3149558 3190873
3149557 3190871
3149558 3190874
3149559 3190872
3149558 3190874
3149558 3190874
3149557 3190876
3149558 3190877
3149557 3190875
3149557 3190876
3149558 3190876
3149558 3190876
3149558 3190876
3149558 3190876
3149558 3190877
3149558 3190877
3149560 3190877
3149559 3190878
3149560 3190879
3149558 3190881
3149559 3190879
3149558 3190881
3149559 3190880
3149559 3190882
3149560 3190883
3149560 3190882
3149559 3190882
3149560 3190882
3149559 3190881
3149560 3190884
3149559 3190884
3149560 3190885
3149560 3190886
3149560 3190884
3149560 3190885
3149560 3190886
3149561 3190889
3149561 3190888
3149560 3190890
3149562 3190888
3149560 3190888
3149561 3190889
3149561 3190888
3149560 3190889
3149561 3190892
3149562 3190891
3149560 3190891
3149561 3190892
3149561 3190891
3149561 3190892
3149563 3190895
3149562 3190896
3149562 3190898
3149561 3190897
3149562 3190901
3149562 3190900
3149563 3190902
3149563 3190903
3149562 3190904
3149563 3190902
3149562 3190901
3149562 3190902
3149562 3190900
3149562 3190896
3149561 3190894
3149560 3190892
3149560 3190889
3149560 3190888
3149560 3190885
3149559 3190884
3149560 3190881
3149559 3190880
3149559 3190877
3149557 3190877
3149558 3190875
3149558 3190876
3149558 3190875
3149558 3190875
3149558 3190873
3149557 3190873
3149557 3190872
3149558 3190872
3149558 3190872
3149558 3190874
3149557 3190874
3149558 3190873
3149556 3190874
3149558 3190874
3149558 3190874
3149558 3190876
3149559 3190876
3149558 3190875
3149558 3190874
3149558 3190874
3149558 3190874
3149558 3190873
3149559 3190874
3149558 3190873
3149558 3190873
3149558 3190872
3149557 3190871
3149558 3190871
3149557 3190872
3149556 3190872
3149557 3190869
3149557 3190869
3149559 3190870
3149558 3190870
3149557 3190870
3149557 3190868
3149558 3190868
3149557 3190870
3149557 3190870
3149559 3190871
3149558 3190871
3149558 3190870
3149558 3190872
3149558 3190872
3149557 3190874
3149559 3190872
3149560 3190876
3149558 3190873
3149558 3190875
3149558 3190875
3149559 3190876
3149559 3190879
3149559 3190878
3149559 3190878
3149560 3190878
3149559 3190878
3149560 3190880
3149559 3190881
3149560 3190880
3149559 3190882
3149558 3190880
3149559 3190881
3149560 3190882
3149559 3190883
3149560 3190882
3149559 3190882
3149560 3190884
3149561 3190885
3149561 3190884
3149560 3190886
3149560 3190886
3149560 3190887
3149561 3190887
3149560 3190889
3149561 3190887
3149560 3190889
3149561 3190889
3149561 3190890
3149562 3190891
3149561 3190891
3149560 3190892
3149562 3190892
3149561 3190894
3149562 3190892
3149562 3190893
3149562 3190896
3149562 3190895
3149562 3190895
3149562 3190896
3149562 3190896
3149562 3190898
3149563 3190899
3149563 3190901
3149563 3190901
3149563 3190902
3149563 3190900
3149562 3190897
3149562 3190897
3149562 3190894
3149561 3190894
3149561 3190890
3149561 3190887
3149559 3190885
3149560 3190882
3149559 3190878
3149559 3190877
3149559 3190875
3149558 3190874
3149557 3190871
3149557 3190869
3149557 3190868
3149558 3190867
3149557 3190863
3149556 3190863
3149556 3190866
3149556 3190864
3149557 3190861
3149556 3190861
3149557 3190861
3149556 3190860
3149557 3190860
3149556 3190859
3149556 3190860
3149557 3190860
3149557 3190859
3149556 3190858
3149557 3190859
3149556 3190858
3149556 3190857
3149557 3190857
3149555 3190858
3149556 3190856
3149556 3190856
3149556 3190855
3149555 3190855
3149556 3190854
3149555 3190852
3149555 3190854
3149555 3190855
3149556 3190852
3149555 3190852
3149555 3190852
3149555 3190853
3149555 3190852
3149556 3190850
3149555 3190851
3149556 3190853
3149556 3190853
3149556 3190853
3149555 3190852
3149556 3190852
3149556 3190852
3149555 3190852
3149557 3190853
3149556 3190853
3149556 3190853
3149556 3190856
3149556 3190855
3149556 3190855
3149557 3190855
3149557 3190857
3149557 3190856
3149557 3190856
3149557 3190857
3149557 3190856
3149557 3190856
3149557 3190857
3149557 3190858
3149558 3190858
3149558 3190858
3149559 3190860
3149557 3190859
3149557 3190858
3149558 3190860
3149556 3190860
3149557 3190860
3149558 3190862
3149558 3190863
3149558 3190862
3149558 3190862
3149559 3190863
3149558 3190863
3149558 3190864
3149558 3190864
3149558 3190864
3149559 3190863
3149559 3190866
3149559 3190866
3149559 3190868
3149558 3190869
3149559 3190869
3149560 3190870
3149559 3190869
3149559 3190872
3149560 3190872
3149559 3190873
3149559 3190874
3149560 3190875
3149561 3190877
3149560 3190876
3149560 3190878
3149561 3190879
3149560 3190880
3149560 3190881
3149561 3190882
3149562 3190884
3149561 3190885
3149562 3190887
3149561 3190889
3149562 3190891
3149562 3190891
3149563 3190892
3149561 3190892
3149562 3190890
3149560 3190890
3149561 3190889
3149561 3190887
3149560 3190882
3149559 3190883
3149560 3190879
3149559 3190876
3149559 3190874
3149558 3190872
3149557 3190869
3149556 3190867
3149557 3190865
3149557 3190863
3149557 3190860
3149557 3190860
3149556 3190858
3149556 3190855
3149555 3190856
3149555 3190855
3149556 3190854
3149555 3190854
3149556 3190852
3149556 3190853
3149556 3190853
3149556 3190853
3149555 3190853
3149555 3190853
3149555 3190852
3149556 3190853
3149557 3190853
3149556 3190852
3149556 3190853
3149556 3190851
3149555 3190852
3149556 3190852
3149556 3190851
3149555 3190851
3149555 3190849
3149555 3190849
3149554 3190848
3149554 3190849
3149556 3190847
3149555 3190847
3149554 3190846
3149554 3190844
3149555 3190845
3149555 3190846
3149556 3190846
3149555 3190845
3149556 3190843
3149556 3190845
3149555 3190845
3149556 3190846
3149556 3190846
3149555 3190846
3149555 3190846
3149555 3190846
3149555 3190845
3149555 3190845
3149556 3190846
3149555 3190847
3149556 3190849
3149556 3190848
3149556 3190848
3149556 3190849
3149556 3190849
3149555 3190849
3149556 3190852
3149556 3190854
3149556 3190852
3149557 3190853
3149557 3190854
3149557 3190855
3149557 3190854
3149558 3190856
3149557 3190857
3149557 3190856
3149556 3190859
3149558 3190860
3149558 3190860
3149557 3190863
3149558 3190864
3149557 3190865
3149557 3190867
3149558 3190867
3149558 3190867
3149557 3190867
3149559 3190869
3149558 3190869
3149558 3190868
3149559 3190869
3149558 3190872
3149559 3190871
3149560 3190873
3149558 3190873
3149559 3190874
3149559 3190875
3149561 3190876
3149561 3190878
3149559 3190878
3149560 3190880
3149560 3190880
3149559 3190882
3149560 3190881
3149561 3190884
3149561 3190884
3149560 3190885
3149561 3190885
3149560 3190889
3149561 3190889
3149561 3190889
3149561 3190891
3149561 3190891
3149562 3190893
3149563 3190893
3149562 3190896
3149560 3190896
3149561 3190896
3149563 3190895
3149560 3190893
3149561 3190892
3149562 3190890
3149561 3190885
3149560 3190883
3149559 3190881
3149559 3190878
3149558 3190877
3149559 3190875
3149558 3190872
3149558 3190870
3149558 3190869
3149558 3190870
3149557 3190867
3149557 3190867
3149557 3190868
3149556 3190867
3149557 3190866
3149558 3190866
3149556 3190867
3149556 3190869
3149558 3190869
3149558 3190870
3149558 3190870
3149557 3190870
3149557 3190871
3149557 3190871
3149558 3190872
3149556 3190870
3149559 3190873
3149557 3190872
3149558 3190872
3149558 3190873
3149557 3190874
3149558 3190871
3149558 3190871
3149558 3190869
3149558 3190869
3149557 3190869
3149557 3190870
3149557 3190869
3149558 3190868
3149557 3190868
3149557 3190868
3149556 3190868
3149557 3190866
3149557 3190867
3149557 3190867
3149558 3190866
3149557 3190866
3149557 3190867
3149557 3190866
3149557 3190868
3149558 3190867
3149558 3190868
3149557 3190867
3149556 3190868
3149558 3190870
3149557 3190871
3149557 3190872
3149557 3190873
3149557 3190873
3149558 3190873
3149558 3190876
3149558 3190875
3149559 3190876
3149557 3190876
3149559 3190876
3149558 3190879
3149558 3190877
3149559 3190878
3149558 3190880
3149559 3190880
3149559 3190879
3149559 3190880
3149560 3190880
3149560 3190882
3149559 3190882
3149559 3190882
3149560 3190883
3149560 3190883
3149560 3190882
3149560 3190884
3149559 3190885
3149559 3190885
3149560 3190885
3149559 3190886
3149559 3190886
3149560 3190886
3149560 3190887
3149559 3190888
3149561 3190890
3149561 3190891
3149561 3190892
3149562 3190892
3149561 3190893
3149561 3190895
3149560 3190894
3149560 3190895
3149560 3190895
3149561 3190899
3149561 3190897
3149561 3190899
3149561 3190899
3149562 3190897
3149562 3190898
3149561 3190896
3149561 3190895
3149560 3190893
3149560 3190889
3149560 3190889
3149560 3190882
3149559 3190881
3149558 3190879
3149558 3190877
3149558 3190875
3149558 3190873
3149557 3190872
3149557 3190872
3149557 3190869
3149558 3190868
3149557 3190867
3149558 3190867
3149557 3190868
3149557 3190869
3149557 3190868
3149556 3190868
3149558 3190868
3149557 3190867
3149557 3190870
3149558 3190871
3149557 3190871
3149558 3190869
3149558 3190868
3149558 3190870
3149557 3190872
3149557 3190872
3149559 3190870
3149557 3190870
3149557 3190870
3149557 3190868
3149558 3190869
3149556 3190869
3149556 3190870
3149558 3190870
3149558 3190871
3149557 3190870
3149558 3190871
3149557 3190871
3149557 3190870
3149558 3190872
3149558 3190872
3149558 3190871
3149557 3190870
3149557 3190871
3149556 3190870
3149558 3190872
3149558 3190872
3149558 3190871
3149557 3190872
3149559 3190871
3149559 3190872
3149559 3190873
3149558 3190873
3149558 3190875
3149558 3190874
3149558 3190873
3149558 3190874
3149559 3190876
3149560 3190876
3149559 3190878
3149560 3190879
3149560 3190879
3149559 3190881
3149559 3190880
3149560 3190881
3149560 3190882
3149560 3190883
3149559 3190884
3149560 3190885
3149559 3190886
3149559 3190885
3149559 3190885
3149560 3190885
3149561 3190888
3149560 3190889
3149561 3190890
3149561 3190891
3149560 3190891
3149560 3190892
3149561 3190893
3149560 3190894
3149562 3190896
3149560 3190895
3149561 3190896
3149561 3190899
3149561 3190897
3149561 3190900
3149562 3190900
3149561 3190901
3149563 3190901
3149562 3190902
3149562 3190904
3149562 3190903
3149563 3190904
3149563 3190906
3149563 3190908
3149563 3190908
3149563 3190907
3149563 3190910
3149562 3190910
3149563 3190907
3149563 3190907
3149562 3190907
3149562 3190907
3149561 3190904
3149562 3190901
3149561 3190900
3149560 3190897
3149561 3190895
3149559 3190890
3149559 3190889
3149559 3190888
3149558 3190885
3149559 3190883
3149558 3190882
3149558 3190880
3149558 3190879
3149558 3190878
3149557 3190878
3149557 3190876
3149557 3190875
3149557 3190876
3149557 3190877
3149558 3190875
3149558 3190874
3149558 3190874
3149557 3190874
3149557 3190874
3149557 3190873
3149557 3190874
3149557 3190873
3149558 3190873
3149557 3190872
3149557 3190871
3149557 3190872
3149557 3190869
3149557 3190869
3149556 3190868
3149556 3190868
3149558 3190869
3149557 3190870
3149557 3190867
3149556 3190867
3149556 3190868
3149558 3190866
3149557 3190867
3149558 3190865
3149556 3190866
3149556 3190866
3149557 3190866
3149556 3190866
3149557 3190867
3149557 3190865
3149556 3190865
3149557 3190865
3149557 3190868
3149556 3190865
3149557 3190867
3149557 3190867
3149557 3190867
3149557 3190867
3149556 3190868
3149557 3190867
3149557 3190870
3149557 3190870
3149558 3190870
3149559 3190871
3149557 3190873
3149558 3190873
3149558 3190874
3149558 3190873
3149558 3190873
3149559 3190874
3149558 3190875
3149557 3190876
3149559 3190875
3149559 3190878
3149559 3190875
3149559 3190878
3149559 3190875
3149559 3190878
3149559 3190880
3149560 3190879
3149559 3190880
3149560 3190882
3149559 3190880
3149560 3190880
3149559 3190883
3149559 3190883
3149560 3190884
3149559 3190882
3149559 3190885
3149559 3190885
3149561 3190884
3149561 3190887
3149560 3190886
3149560 3190887
3149561 3190887
3149561 3190889
3149560 3190890
3149561 3190892
3149560 3190892
3149562 3190893
3149560 3190895
3149562 3190895
3149561 3190896
3149562 3190896
3149562 3190897
3149560 3190900
3149562 3190901
3149562 3190900
3149562 3190903
3149562 3190904
3149561 3190906
3149563 3190906
3149563 3190907
3149564 3190907
3149563 3190908
3149563 3190909
3149564 3190908
3149563 3190906
3149563 3190906
3149561 3190904
3149561 3190900
3149562 3190898
3149561 3190896
3149560 3190891
3149558 3190889
3149560 3190886
3149559 3190884
3149557 3190881
3149559 3190878
3149558 3190879
3149557 3190877
3149558 3190875
3149558 3190873
3149558 3190874
3149557 3190871
3149558 3190872
3149557 3190870
3149557 3190871
3149557 3190869
3149557 3190869
3149557 3190868
3149556 3190867
3149557 3190866
3149557 3190867
3149557 3190867
3149557 3190867
3149556 3190867
3149556 3190864
3149556 3190866
3149555 3190865
3149557 3190865
3149557 3190866
3149557 3190865
3149556 3190863
3149557 3190864
3149557 3190864
3149556 3190861
3149556 3190862
3149556 3190858
3149555 3190861
3149555 3190858
3149556 3190859
3149556 3190858
3149556 3190858
3149556 3190856
3149556 3190858
3149555 3190857
3149555 3190857
3149556 3190857
3149555 3190858
3149556 3190858
3149555 3190858
3149557 3190857
3149556 3190859
3149556 3190858
3149557 3190860
3149557 3190861
3149557 3190861
3149556 3190861
3149556 3190861
3149557 3190862
3149556 3190863
3149556 3190864
3149557 3190864
3149557 3190864
3149557 3190865
3149558 3190867
3149557 3190868
3149556 3190866
3149558 3190868
3149557 3190870
3149558 3190868
3149556 3190869
3149557 3190870
3149558 3190871
3149557 3190870
3149558 3190871
3149558 3190872
3149558 3190871
3149559 3190872
3149558 3190873
3149558 3190875
3149559 3190875
3149559 3190875
3149559 3190876
3149559 3190877
3149559 3190877
3149560 3190880
3149560 3190880
3149559 3190880
3149559 3190882
3149559 3190881
3149560 3190883
3149559 3190884
3149559 3190884
3149560 3190887
3149560 3190888
3149561 3190888
3149561 3190889
3149561 3190890
3149560 3190889
3149561 3190891
3149561 3190894
3149561 3190894
3149561 3190896
3149561 3190897
3149562 3190900
3149562 3190901
3149560 3190903
3149563 3190904
3149562 3190905
3149563 3190905
3149562 3190905
3149561 3190905
3149561 3190903
3149562 3190902
3149562 3190899
3149560 3190896
3149560 3190895
3149559 3190891
3149560 3190891
3149559 3190886
3149559 3190884
3149557 3190883
3149558 3190881
3149559 3190879
3149558 3190878
3149557 3190875
3149558 3190875
3149557 3190875
3149557 3190875
3149556 3190875
3149557 3190874
3149557 3190873
3149557 3190874
3149555 3190874
3149556 3190873
3149556 3190875
3149556 3190874
3149557 3190872
3149556 3190873
3149557 3190872
3149557 3190872
3149557 3190875
3149557 3190874
3149556 3190873
3149557 3190873
3149558 3190873
3149556 3190874
3149556 3190873
3149556 3190874
3149557 3190872
3149556 3190872
3149556 3190871
3149556 3190871
3149556 3190871
3149556 3190871
3149556 3190870
3149555 3190870
3149555 3190870
3149556 3190869
3149556 3190868
3149557 3190869
3149556 3190868
3149557 3190870
3149557 3190869
3149556 3190869
3149557 3190871
3149557 3190871
3149555 3190873
3149557 3190873
3149557 3190874
3149557 3190872
3149556 3190873
3149557 3190873
3149557 3190875
3149558 3190876
3149558 3190876
3149558 3190877
3149557 3190877
3149557 3190878
3149557 3190879
3149558 3190880
3149558 3190881
3149558 3190881
3149557 3190883
3149560 3190883
3149559 3190882
3149559 3190883
3149559 3190883
3149559 3190884
3149559 3190884
3149558 3190883
3149559 3190885
3149558 3190885
3149560 3190886
3149559 3190887
3149558 3190888
3149559 3190888
3149560 3190889
3149559 3190890
3149558 3190890
3149560 3190891
3149560 3190892
3149559 3190894
3149559 3190896
3149559 3190895
3149559 3190895
3149559 3190894
3149560 3190898
3149559 3190897
3149560 3190899
3149560 3190900
3149561 3190901
3149561 3190903
3149561 3190904
3149561 3190905
3149561 3190905
3149561 3190907
3149562 3190905
3149561 3190906
3149560 3190903
3149561 3190902
3149560 3190900
3149558 3190896
3149559 3190893
3149558 3190891
3149558 3190890
3149559 3190886
3149558 3190885
3149557 3190882
3149557 3190880
3149557 3190879
3149556 3190876
3149556 3190875
3149556 3190874
3149556 3190875
3149556 3190873
3149556 3190872
3149556 3190872
3149556 3190871
3149555 3190872
3149557 3190873
3149556 3190874
3149557 3190872
3149556 3190873
3149556 3190874
3149556 3190873
3149556 3190872
3149556 3190871
3149557 3190873
3149556 3190873
3149556 3190872
3149556 3190874
3149556 3190872
3149556 3190873
3149556 3190872
3149556 3190871
3149556 3190871
3149555 3190870
3149554 3190870
3149556 3190869
3149556 3190871
3149555 3190871
3149554 3190872
3149556 3190871
3149555 3190869
3149555 3190871
3149555 3190870
3149555 3190871
3149556 3190871
3149555 3190872
3149556 3190871
3149555 3190871
3149555 3190871
3149556 3190872
3149556 3190872
3149557 3190873
3149557 3190873
3149556 3190873
3149557 3190875
3149557 3190876
3149556 3190875
3149557 3190874
3149559 3190878
3149558 3190877
3149557 3190877
3149558 3190878
3149556 3190880
3149558 3190880
3149558 3190882
3149558 3190881
3149558 3190884
3149558 3190883
3149557 3190882
3149557 3190886
3149559 3190885
3149558 3190887
3149558 3190887
3149558 3190887
3149559 3190887
3149558 3190889
3149559 3190888
3149558 3190889
3149558 3190887
3149558 3190889
3149558 3190890
3149559 3190891
3149558 3190892
3149560 3190892
3149559 3190893
3149560 3190893
3149560 3190893
3149560 3190896
3149559 3190898
3149559 3190897
3149560 3190898
3149558 3190898
3149559 3190900
3149560 3190901
3149560 3190900
3149560 3190901
3149560 3190902
3149561 3190905
3149560 3190906
3149561 3190905
3149560 3190905
3149561 3190904
3149561 3190904
3149560 3190902
3149560 3190901
3149560 3190897
3149559 3190894
3149558 3190892
3149558 3190890
3149558 3190886
3149557 3190882
3149556 3190881
3149555 3190879
3149555 3190876
3149556 3190873
3149554 3190872
3149555 3190870
3149554 3190868
3149555 3190868
3149553 3190866
3149553 3190865
3149552 3190863
3149554 3190863
3149554 3190862
3149552 3190861
3149554 3190862
3149554 3190861
3149554 3190861
3149554 3190861
3149553 3190860
3149554 3190861
3149554 3190860
3149553 3190862
3149553 3190859
3149555 3190862
3149554 3190860
3149554 3190859
3149553 3190859
3149553 3190857
3149554 3190858
3149554 3190856
3149553 3190855
3149554 3190855
3149552 3190855
3149553 3190855
3149553 3190854
3149552 3190855
3149553 3190853
3149552 3190854
3149553 3190854
3149553 3190853
3149553 3190852
3149553 3190853
3149552 3190853
3149554 3190854
3149553 3190852
3149553 3190855
3149554 3190853
3149553 3190855
3149553 3190856
3149553 3190854
3149553 3190856
3149553 3190857
3149554 3190856
3149554 3190856
3149553 3190857
3149554 3190858
3149554 3190857
3149554 3190859
3149554 3190858
3149554 3190859
3149554 3190860
3149556 3190861
3149554 3190862
3149554 3190863
3149555 3190862
3149554 3190864
3149555 3190865
3149555 3190864
3149555 3190866
3149556 3190866
3149555 3190867
3149555 3190868
3149555 3190868
3149556 3190868
3149555 3190868
3149555 3190868
3149555 3190869
3149556 3190871
3149556 3190872
3149556 3190871
3149556 3190872
3149556 3190874
3149557 3190874
3149555 3190874
3149555 3190873
3149557 3190876
3149555 3190875
3149557 3190877
3149556 3190876
3149557 3190879
3149557 3190879
3149556 3190880
3149557 3190881
3149557 3190882
3149557 3190882
3149558 3190883
3149558 3190885
3149558 3190886
3149557 3190886
3149558 3190888
3149558 3190889
3149559 3190890
3149558 3190891
3149558 3190892
3149558 3190894
3149559 3190896
3149559 3190895
3149558 3190894
3149559 3190894
3149559 3190893
3149558 3190889
3149558 3190887
3149558 3190884
3149555 3190883
3149556 3190878
3149555 3190875
3149555 3190874
3149554 3190869
3149555 3190868
3149553 3190865
3149553 3190863
3149553 3190861
3149553 3190860
3149552 3190860
3149552 3190857
3149552 3190857
3149552 3190855
3149552 3190857
3149553 3190856
3149553 3190855
3149553 3190856
3149553 3190855
3149551 3190855
3149552 3190853
3149552 3190853
3149551 3190855
3149552 3190851
3149551 3190852
3149551 3190853
3149551 3190852
3149553 3190851
3149551 3190850
3149552 3190851
3149551 3190849
3149552 3190850
3149552 3190848
3149551 3190849
3149551 3190850
3149552 3190849
3149552 3190849
3149551 3190847
3149550 3190849
3149551 3190848
3149552 3190849
3149551 3190848
3149551 3190848
3149551 3190848
3149550 3190847
3149551 3190848
3149551 3190849
3149552 3190849
3149553 3190848
3149552 3190847
3149552 3190849
3149551 3190849
3149552 3190851
3149552 3190850
3149552 3190850
3149553 3190850
3149553 3190852
3149551 3190852
3149552 3190855
3149553 3190853
3149553 3190855
3149554 3190856
3149553 3190856
3149552 3190858
3149552 3190857
3149552 3190860
3149554 3190859
3149553 3190861
3149554 3190861
3149553 3190860
3149553 3190860
3149553 3190862
3149554 3190861
3149554 3190866
3149554 3190866
3149555 3190867
3149554 3190868
3149555 3190868
3149554 3190871
3149553 3190871
3149555 3190873
3149554 3190874
3149555 3190875
3149555 3190874
3149555 3190876
3149555 3190877
3149555 3190878
3149555 3190881
3149555 3190881
3149554 3190882
3149555 3190883
3149555 3190884
3149556 3190885
3149556 3190886
3149556 3190887
3149555 3190888
3149556 3190888
3149557 3190890
3149557 3190890
3149557 3190892
3149555 3190891
3149557 3190894
3149557 3190896
3149557 3190897
3149558 3190897
3149557 3190898
3149558 3190901
3149557 3190902
3149558 3190902
3149557 3190907
3149559 3190907
3149558 3190908
3149559 3190909
3149559 3190910
3149559 3190910
3149559 3190908
3149558 3190908
3149558 3190907
3149558 3190905
3149557 3190904
3149556 3190900
3149557 3190898
3149555 3190895
3149556 3190895
3149554 3190893
3149555 3190891
3149554 3190889
3149554 3190889
3149556 3190886
3149554 3190886
3149554 3190885
3149553 3190885
3149555 3190883
3149555 3190884
3149554 3190883
3149554 3190884
3149554 3190881
3149553 3190885
3149553 3190885
3149555 3190885
3149554 3190886
3149554 3190886
3149554 3190886
3149554 3190886
3149555 3190888
